game_index,seed,base_seed,matchup_identity,result,winning_team,termination,plies,budget_fallbacks,agent0_config,agent1_config,agent2_config,agent3_config,board0_fen,board1_fen,initial_pockets,initial_history,initial_clock0_ms,initial_clock1_ms,initial_clock2_ms,initial_clock3_ms,increment_ms,clock_mode,deterministic_move_time_ms,deterministic_player0_ms,deterministic_player1_ms,deterministic_player2_ms,deterministic_player3_ms,max_depth,max_nodes,move_time_ms,search_infinite,first_board,max_plies,final_clock0_ms,final_clock1_ms,final_clock2_ms,final_clock3_ms,moves0,moves1,moves2,moves3,messages,piece_requests,strategy_requests,fulfilled_requests,piece_transfers,sacrifice_attempts,sacrifices_accepted,modeled_transfers,modeled_partner_uses,accepted_sacrifice_transfers,actual_partner_uses,successful_temporal_sacrifices,coordination_opportunities,coordinated_responses,synchrony_credit,synchrony_score,total_drops,wasted_drops,wasted_drop_rate
0,11035599632245950192,2026,5217400152005212455,ongoing,-1,ply_limit,100,0,"independent;pvs;8;0;1;1;-50;200;1;20;25;3;2;1;3;3;2;0;3;3;1;3;150;150;600;1;1000;4;1;8;100;50;1","independent;pvs;8;0;1;1;-50;200;1;20;25;3;2;1;3;3;2;0;3;3;1;3;150;150;600;1;1000;4;1;8;100;50;1","independent;pvs;8;0;1;1;-50;200;1;20;25;3;2;1;3;3;2;0;3;3;1;3;150;150;600;1;1000;4;1;8;100;50;1","independent;pvs;8;0;1;1;-50;200;1;20;25;3;2;1;3;3;2;0;3;3;1;3;150;150;600;1;1000;4;1;8;100;50;1","rnbqkbnr/pppppppp/8/8/8/8/PPPPPPPP/RNBQKBNR w KQkq - 0 1","rnbqkbnr/pppppppp/8/8/8/8/PPPPPPPP/RNBQKBNR w KQkq - 0 1","0:0:0:0:0|0:0:0:0:0|0:0:0:0:0|0:0:0:0:0","759421758207090123:0:0",180000,180000,180000,180000,2000,real,1000,0,0,0,0,5,0,0,0,0,100,143909,139219,125503,126020,29,28,21,22,0,0,0,0,25,0,0,0,0,0,0,0,15,0,0,0,12,2,0.166667
0,11035599632245955747,2026,5217400152005212448,ongoing,-1,ply_limit,100,0,"independent;pvs;8;0;1;1;-50;200;1;20;25;3;2;1;3;3;2;0;3;3;1;3;150;150;600;1;1000;4;1;8;100;50;1","independent;pvs;8;0;1;1;-50;200;1;20;25;3;2;1;3;3;2;0;3;3;1;3;150;150;600;1;1000;4;1;8;100;50;1","independent;pvs;8;0;1;1;-50;200;1;20;25;3;2;1;3;3;2;0;3;3;1;3;150;150;600;1;1000;4;1;8;100;50;1","request;pvs;8;0;1;1;-50;200;1;20;25;3;2;1;3;3;2;0;3;3;1;3;150;150;600;1;1000;4;1;8;100;50;1","rnbqkbnr/pppppppp/8/8/8/8/PPPPPPPP/RNBQKBNR w KQkq - 0 1","rnbqkbnr/pppppppp/8/8/8/8/PPPPPPPP/RNBQKBNR w KQkq - 0 1","0:0:0:0:0|0:0:0:0:0|0:0:0:0:0|0:0:0:0:0","759421758207090123:0:0",180000,180000,180000,180000,2000,real,1000,0,0,0,0,5,0,0,0,0,100,247340,245345,179128,185440,41,41,9,9,9,9,9,2,23,0,0,0,0,0,0,0,12,0,0,0,3,0,0
0,11035599632245950065,2026,5217400152005212449,draw,-1,game_over,65,0,"independent;pvs;8;0;1;1;-50;200;1;20;25;3;2;1;3;3;2;0;3;3;1;3;150;150;600;1;1000;4;1;8;100;50;1","independent;pvs;8;0;1;1;-50;200;1;20;25;3;2;1;3;3;2;0;3;3;1;3;150;150;600;1;1000;4;1;8;100;50;1","independent;pvs;8;0;1;1;-50;200;1;20;25;3;2;1;3;3;2;0;3;3;1;3;150;150;600;1;1000;4;1;8;100;50;1","shared_value;pvs;8;0;1;1;-50;200;1;20;25;3;2;1;3;3;2;0;3;3;1;3;150;150;600;1;1000;4;1;8;100;50;1","rnbqkbnr/pppppppp/8/8/8/8/PPPPPPPP/RNBQKBNR w KQkq - 0 1","rnbqkbnr/pppppppp/8/8/8/8/PPPPPPPP/RNBQKBNR w KQkq - 0 1","0:0:0:0:0|0:0:0:0:0|0:0:0:0:0|0:0:0:0:0","759421758207090123:0:0",180000,180000,180000,180000,2000,real,1000,0,0,0,0,5,0,0,0,0,100,233309,231287,181922,188594,28,27,5,5,0,0,0,0,13,0,0,0,0,0,0,0,9,1,4,0.111111,1,0,0
0,11035599632245950000,2026,5217400152005212450,ongoing,-1,ply_limit,100,0,"independent;pvs;8;0;1;1;-50;200;1;20;25;3;2;1;3;3;2;0;3;3;1;3;150;150;600;1;1000;4;1;8;100;50;1","independent;pvs;8;0;1;1;-50;200;1;20;25;3;2;1;3;3;2;0;3;3;1;3;150;150;600;1;1000;4;1;8;100;50;1","independent;pvs;8;0;1;1;-50;200;1;20;25;3;2;1;3;3;2;0;3;3;1;3;150;150;600;1;1000;4;1;8;100;50;1","sacrifice;pvs;8;0;1;1;-50;200;1;20;25;3;2;1;3;3;2;0;3;3;1;3;150;150;600;1;1000;4;1;8;100;50;1","rnbqkbnr/pppppppp/8/8/8/8/PPPPPPPP/RNBQKBNR w KQkq - 0 1","rnbqkbnr/pppppppp/8/8/8/8/PPPPPPPP/RNBQKBNR w KQkq - 0 1","0:0:0:0:0|0:0:0:0:0|0:0:0:0:0|0:0:0:0:0","759421758207090123:0:0",180000,180000,180000,180000,2000,real,1000,0,0,0,0,5,0,0,0,0,100,246243,247487,178899,184024,41,41,9,9,0,0,0,0,24,9,0,8,0,0,0,0,11,0,0,0,3,0,0
0,11035599632245518210,2026,5217400152005213796,ongoing,-1,ply_limit,100,0,"independent;pvs;8;0;1;1;-50;200;1;20;25;3;2;1;3;3;2;0;3;3;1;3;150;150;600;1;1000;4;1;8;100;50;1","independent;pvs;8;0;1;1;-50;200;1;20;25;3;2;1;3;3;2;0;3;3;1;3;150;150;600;1;1000;4;1;8;100;50;1","request;pvs;8;0;1;1;-50;200;1;20;25;3;2;1;3;3;2;0;3;3;1;3;150;150;600;1;1000;4;1;8;100;50;1","independent;pvs;8;0;1;1;-50;200;1;20;25;3;2;1;3;3;2;0;3;3;1;3;150;150;600;1;1000;4;1;8;100;50;1","rnbqkbnr/pppppppp/8/8/8/8/PPPPPPPP/RNBQKBNR w KQkq - 0 1","rnbqkbnr/pppppppp/8/8/8/8/PPPPPPPP/RNBQKBNR w KQkq - 0 1","0:0:0:0:0|0:0:0:0:0|0:0:0:0:0|0:0:0:0:0","759421758207090123:0:0",180000,180000,180000,180000,2000,real,1000,0,0,0,0,5,0,0,0,0,100,225978,221850,167192,167368,39,39,11,11,11,11,11,2,24,0,0,0,0,0,0,0,13,0,0,0,5,0,0
0,11035599632245518147,2026,5217400152005213795,ongoing,-1,ply_limit,100,0,"independent;pvs;8;0;1;1;-50;200;1;20;25;3;2;1;3;3;2;0;3;3;1;3;150;150;600;1;1000;4;1;8;100;50;1","independent;pvs;8;0;1;1;-50;200;1;20;25;3;2;1;3;3;2;0;3;3;1;3;150;150;600;1;1000;4;1;8;100;50;1","request;pvs;8;0;1;1;-50;200;1;20;25;3;2;1;3;3;2;0;3;3;1;3;150;150;600;1;1000;4;1;8;100;50;1","request;pvs;8;0;1;1;-50;200;1;20;25;3;2;1;3;3;2;0;3;3;1;3;150;150;600;1;1000;4;1;8;100;50;1","rnbqkbnr/pppppppp/8/8/8/8/PPPPPPPP/RNBQKBNR w KQkq - 0 1","rnbqkbnr/pppppppp/8/8/8/8/PPPPPPPP/RNBQKBNR w KQkq - 0 1","0:0:0:0:0|0:0:0:0:0|0:0:0:0:0|0:0:0:0:0","759421758207090123:0:0",180000,180000,180000,180000,2000,real,1000,0,0,0,0,5,0,0,0,0,100,252209,249797,181120,179797,43,42,7,8,15,15,15,3,24,0,0,0,0,0,0,0,13,0,0,0,4,0,0
0,11035599632245517824,2026,5217400152005213794,ongoing,-1,ply_limit,100,0,"independent;pvs;8;0;1;1;-50;200;1;20;25;3;2;1;3;3;2;0;3;3;1;3;150;150;600;1;1000;4;1;8;100;50;1","independent;pvs;8;0;1;1;-50;200;1;20;25;3;2;1;3;3;2;0;3;3;1;3;150;150;600;1;1000;4;1;8;100;50;1","request;pvs;8;0;1;1;-50;200;1;20;25;3;2;1;3;3;2;0;3;3;1;3;150;150;600;1;1000;4;1;8;100;50;1","shared_value;pvs;8;0;1;1;-50;200;1;20;25;3;2;1;3;3;2;0;3;3;1;3;150;150;600;1;1000;4;1;8;100;50;1","rnbqkbnr/pppppppp/8/8/8/8/PPPPPPPP/RNBQKBNR w KQkq - 0 1","rnbqkbnr/pppppppp/8/8/8/8/PPPPPPPP/RNBQKBNR w KQkq - 0 1","0:0:0:0:0|0:0:0:0:0|0:0:0:0:0|0:0:0:0:0","759421758207090123:0:0",180000,180000,180000,180000,2000,real,1000,0,0,0,0,5,0,0,0,0,100,171716,173903,230784,219054,13,12,37,38,37,37,37,0,24,0,0,0,0,0,0,0,13,0,0,0,5,1,0.2
0,11035599632245518273,2026,5217400152005213793,team_a_wins,0,game_over,92,6,"independent;pvs;8;0;1;1;-50;200;1;20;25;3;2;1;3;3;2;0;3;3;1;3;150;150;600;1;1000;4;1;8;100;50;1","independent;pvs;8;0;1;1;-50;200;1;20;25;3;2;1;3;3;2;0;3;3;1;3;150;150;600;1;1000;4;1;8;100;50;1","request;pvs;8;0;1;1;-50;200;1;20;25;3;2;1;3;3;2;0;3;3;1;3;150;150;600;1;1000;4;1;8;100;50;1","sacrifice;pvs;8;0;1;1;-50;200;1;20;25;3;2;1;3;3;2;0;3;3;1;3;150;150;600;1;1000;4;1;8;100;50;1","rnbqkbnr/pppppppp/8/8/8/8/PPPPPPPP/RNBQKBNR w KQkq - 0 1","rnbqkbnr/pppppppp/8/8/8/8/PPPPPPPP/RNBQKBNR w KQkq - 0 1","0:0:0:0:0|0:0:0:0:0|0:0:0:0:0|0:0:0:0:0","759421758207090123:0:0",180000,180000,180000,180000,2000,real,1000,0,0,0,0,5,0,0,0,0,100,150327,140613,132944,136442,26,26,20,20,20,20,20,2,26,3,0,3,0,0,0,0,14,0,0,0,10,1,0.1
0,11035599632245522194,2026,5217400152005213861,ongoing,-1,ply_limit,100,0,"independent;pvs;8;0;1;1;-50;200;1;20;25;3;2;1;3;3;2;0;3;3;1;3;150;150;600;1;1000;4;1;8;100;50;1","independent;pvs;8;0;1;1;-50;200;1;20;25;3;2;1;3;3;2;0;3;3;1;3;150;150;600;1;1000;4;1;8;100;50;1","shared_value;pvs;8;0;1;1;-50;200;1;20;25;3;2;1;3;3;2;0;3;3;1;3;150;150;600;1;1000;4;1;8;100;50;1","independent;pvs;8;0;1;1;-50;200;1;20;25;3;2;1;3;3;2;0;3;3;1;3;150;150;600;1;1000;4;1;8;100;50;1","rnbqkbnr/pppppppp/8/8/8/8/PPPPPPPP/RNBQKBNR w KQkq - 0 1","rnbqkbnr/pppppppp/8/8/8/8/PPPPPPPP/RNBQKBNR w KQkq - 0 1","0:0:0:0:0|0:0:0:0:0|0:0:0:0:0|0:0:0:0:0","759421758207090123:0:0",180000,180000,180000,180000,2000,real,1000,0,0,0,0,5,0,0,0,0,100,265679,265432,181766,188689,45,45,5,5,0,0,0,0,22,0,0,0,0,0,0,0,10,0,0,0,0,0,0
0,11035599632245522384,2026,5217400152005213858,draw,-1,game_over,86,0,"independent;pvs;8;0;1;1;-50;200;1;20;25;3;2;1;3;3;2;0;3;3;1;3;150;150;600;1;1000;4;1;8;100;50;1","independent;pvs;8;0;1;1;-50;200;1;20;25;3;2;1;3;3;2;0;3;3;1;3;150;150;600;1;1000;4;1;8;100;50;1","shared_value;pvs;8;0;1;1;-50;200;1;20;25;3;2;1;3;3;2;0;3;3;1;3;150;150;600;1;1000;4;1;8;100;50;1","request;pvs;8;0;1;1;-50;200;1;20;25;3;2;1;3;3;2;0;3;3;1;3;150;150;600;1;1000;4;1;8;100;50;1","rnbqkbnr/pppppppp/8/8/8/8/PPPPPPPP/RNBQKBNR w KQkq - 0 1","rnbqkbnr/pppppppp/8/8/8/8/PPPPPPPP/RNBQKBNR w KQkq - 0 1","0:0:0:0:0|0:0:0:0:0|0:0:0:0:0|0:0:0:0:0","759421758207090123:0:0",180000,180000,180000,180000,2000,real,1000,0,0,0,0,5,0,0,0,0,100,252839,252826,182919,188724,38,38,5,5,5,5,5,1,10,0,0,0,0,0,0,0,8,0,0,0,0,0,0
0,11035599632245522067,2026,5217400152005213859,ongoing,-1,ply_limit,100,0,"independent;pvs;8;0;1;1;-50;200;1;20;25;3;2;1;3;3;2;0;3;3;1;3;150;150;600;1;1000;4;1;8;100;50;1","independent;pvs;8;0;1;1;-50;200;1;20;25;3;2;1;3;3;2;0;3;3;1;3;150;150;600;1;1000;4;1;8;100;50;1","shared_value;pvs;8;0;1;1;-50;200;1;20;25;3;2;1;3;3;2;0;3;3;1;3;150;150;600;1;1000;4;1;8;100;50;1","shared_value;pvs;8;0;1;1;-50;200;1;20;25;3;2;1;3;3;2;0;3;3;1;3;150;150;600;1;1000;4;1;8;100;50;1","rnbqkbnr/pppppppp/8/8/8/8/PPPPPPPP/RNBQKBNR w KQkq - 0 1","rnbqkbnr/pppppppp/8/8/8/8/PPPPPPPP/RNBQKBNR w KQkq - 0 1","0:0:0:0:0|0:0:0:0:0|0:0:0:0:0|0:0:0:0:0","759421758207090123:0:0",180000,180000,180000,180000,2000,real,1000,0,0,0,0,5,0,0,0,0,100,266492,266569,181453,188711,45,45,5,5,0,0,0,0,22,0,0,0,0,0,0,0,10,0,0,0,0,0,0
0,11035599632245520707,2026,5217400152005213856,ongoing,-1,ply_limit,100,0,"independent;pvs;8;0;1;1;-50;200;1;20;25;3;2;1;3;3;2;0;3;3;1;3;150;150;600;1;1000;4;1;8;100;50;1","independent;pvs;8;0;1;1;-50;200;1;20;25;3;2;1;3;3;2;0;3;3;1;3;150;150;600;1;1000;4;1;8;100;50;1","shared_value;pvs;8;0;1;1;-50;200;1;20;25;3;2;1;3;3;2;0;3;3;1;3;150;150;600;1;1000;4;1;8;100;50;1","sacrifice;pvs;8;0;1;1;-50;200;1;20;25;3;2;1;3;3;2;0;3;3;1;3;150;150;600;1;1000;4;1;8;100;50;1","rnbqkbnr/pppppppp/8/8/8/8/PPPPPPPP/RNBQKBNR w KQkq - 0 1","rnbqkbnr/pppppppp/8/8/8/8/PPPPPPPP/RNBQKBNR w KQkq - 0 1","0:0:0:0:0|0:0:0:0:0|0:0:0:0:0|0:0:0:0:0","759421758207090123:0:0",180000,180000,180000,180000,2000,real,1000,0,0,0,0,5,0,0,0,0,100,266481,266498,182839,188704,45,45,5,5,0,0,0,0,22,3,0,3,0,0,0,0,10,0,0,0,0,0,0
0,11035599632245967587,2026,5217400152005212643,team_b_wins,1,game_over,73,0,"independent;pvs;8;0;1;1;-50;200;1;20;25;3;2;1;3;3;2;0;3;3;1;3;150;150;600;1;1000;4;1;8;100;50;1","independent;pvs;8;0;1;1;-50;200;1;20;25;3;2;1;3;3;2;0;3;3;1;3;150;150;600;1;1000;4;1;8;100;50;1","sacrifice;pvs;8;0;1;1;-50;200;1;20;25;3;2;1;3;3;2;0;3;3;1;3;150;150;600;1;1000;4;1;8;100;50;1","independent;pvs;8;0;1;1;-50;200;1;20;25;3;2;1;3;3;2;0;3;3;1;3;150;150;600;1;1000;4;1;8;100;50;1","rnbqkbnr/pppppppp/8/8/8/8/PPPPPPPP/RNBQKBNR w KQkq - 0 1","rnbqkbnr/pppppppp/8/8/8/8/PPPPPPPP/RNBQKBNR w KQkq - 0 1","0:0:0:0:0|0:0:0:0:0|0:0:0:0:0|0:0:0:0:0","759421758207090123:0:0",180000,180000,180000,180000,2000,real,1000,0,0,0,0,5,0,0,0,0,100,159867,152564,163165,162878,16,16,20,21,0,0,0,0,18,4,0,2,0,0,0,0,11,0,0,0,9,1,0.111111
0,11035599632245962144,2026,5217400152005212642,team_b_wins,1,game_over,75,1,"independent;pvs;8;0;1;1;-50;200;1;20;25;3;2;1;3;3;2;0;3;3;1;3;150;150;600;1;1000;4;1;8;100;50;1","independent;pvs;8;0;1;1;-50;200;1;20;25;3;2;1;3;3;2;0;3;3;1;3;150;150;600;1;1000;4;1;8;100;50;1","sacrifice;pvs;8;0;1;1;-50;200;1;20;25;3;2;1;3;3;2;0;3;3;1;3;150;150;600;1;1000;4;1;8;100;50;1","request;pvs;8;0;1;1;-50;200;1;20;25;3;2;1;3;3;2;0;3;3;1;3;150;150;600;1;1000;4;1;8;100;50;1","rnbqkbnr/pppppppp/8/8/8/8/PPPPPPPP/RNBQKBNR w KQkq - 0 1","rnbqkbnr/pppppppp/8/8/8/8/PPPPPPPP/RNBQKBNR w KQkq - 0 1","0:0:0:0:0|0:0:0:0:0|0:0:0:0:0|0:0:0:0:0","759421758207090123:0:0",180000,180000,180000,180000,2000,real,1000,0,0,0,0,5,0,0,0,0,100,213914,219974,179070,179046,28,28,9,10,10,10,10,1,18,0,0,0,0,0,0,0,11,1,4,0.0909091,4,0,0
0,11035599632245962082,2026,5217400152005212645,team_b_wins,1,game_over,85,1,"independent;pvs;8;0;1;1;-50;200;1;20;25;3;2;1;3;3;2;0;3;3;1;3;150;150;600;1;1000;4;1;8;100;50;1","independent;pvs;8;0;1;1;-50;200;1;20;25;3;2;1;3;3;2;0;3;3;1;3;150;150;600;1;1000;4;1;8;100;50;1","sacrifice;pvs;8;0;1;1;-50;200;1;20;25;3;2;1;3;3;2;0;3;3;1;3;150;150;600;1;1000;4;1;8;100;50;1","shared_value;pvs;8;0;1;1;-50;200;1;20;25;3;2;1;3;3;2;0;3;3;1;3;150;150;600;1;1000;4;1;8;100;50;1","rnbqkbnr/pppppppp/8/8/8/8/PPPPPPPP/RNBQKBNR w KQkq - 0 1","rnbqkbnr/pppppppp/8/8/8/8/PPPPPPPP/RNBQKBNR w KQkq - 0 1","0:0:0:0:0|0:0:0:0:0|0:0:0:0:0|0:0:0:0:0","759421758207090123:0:0",180000,180000,180000,180000,2000,real,1000,0,0,0,0,5,0,0,0,0,100,173095,167330,138231,158669,27,27,15,16,0,0,0,0,18,1,0,1,0,0,0,0,12,0,0,0,9,0,0
0,11035599632245967394,2026,5217400152005212644,team_b_wins,1,game_over,94,0,"independent;pvs;8;0;1;1;-50;200;1;20;25;3;2;1;3;3;2;0;3;3;1;3;150;150;600;1;1000;4;1;8;100;50;1","independent;pvs;8;0;1;1;-50;200;1;20;25;3;2;1;3;3;2;0;3;3;1;3;150;150;600;1;1000;4;1;8;100;50;1","sacrifice;pvs;8;0;1;1;-50;200;1;20;25;3;2;1;3;3;2;0;3;3;1;3;150;150;600;1;1000;4;1;8;100;50;1","sacrifice;pvs;8;0;1;1;-50;200;1;20;25;3;2;1;3;3;2;0;3;3;1;3;150;150;600;1;1000;4;1;8;100;50;1","rnbqkbnr/pppppppp/8/8/8/8/PPPPPPPP/RNBQKBNR w KQkq - 0 1","rnbqkbnr/pppppppp/8/8/8/8/PPPPPPPP/RNBQKBNR w KQkq - 0 1","0:0:0:0:0|0:0:0:0:0|0:0:0:0:0|0:0:0:0:0","759421758207090123:0:0",180000,180000,180000,180000,2000,real,1000,0,0,0,0,5,0,0,0,0,100,209758,209802,178178,170705,33,32,14,15,0,0,0,0,23,15,0,14,0,0,0,0,11,0,0,0,6,0,0
0,11035599632238828023,2026,5217400152005168080,ongoing,-1,ply_limit,100,0,"independent;pvs;8;0;1;1;-50;200;1;20;25;3;2;1;3;3;2;0;3;3;1;3;150;150;600;1;1000;4;1;8;100;50;1","request;pvs;8;0;1;1;-50;200;1;20;25;3;2;1;3;3;2;0;3;3;1;3;150;150;600;1;1000;4;1;8;100;50;1","independent;pvs;8;0;1;1;-50;200;1;20;25;3;2;1;3;3;2;0;3;3;1;3;150;150;600;1;1000;4;1;8;100;50;1","independent;pvs;8;0;1;1;-50;200;1;20;25;3;2;1;3;3;2;0;3;3;1;3;150;150;600;1;1000;4;1;8;100;50;1","rnbqkbnr/pppppppp/8/8/8/8/PPPPPPPP/RNBQKBNR w KQkq - 0 1","rnbqkbnr/pppppppp/8/8/8/8/PPPPPPPP/RNBQKBNR w KQkq - 0 1","0:0:0:0:0|0:0:0:0:0|0:0:0:0:0|0:0:0:0:0","759421758207090123:0:0",180000,180000,180000,180000,2000,real,1000,0,0,0,0,5,0,0,0,0,100,166233,165426,222277,230236,11,10,39,40,10,10,10,3,25,0,0,0,0,0,0,0,13,0,0,0,7,1,0.142857
0,11035599632238824701,2026,5217400152005168081,ongoing,-1,ply_limit,100,0,"independent;pvs;8;0;1;1;-50;200;1;20;25;3;2;1;3;3;2;0;3;3;1;3;150;150;600;1;1000;4;1;8;100;50;1","request;pvs;8;0;1;1;-50;200;1;20;25;3;2;1;3;3;2;0;3;3;1;3;150;150;600;1;1000;4;1;8;100;50;1","independent;pvs;8;0;1;1;-50;200;1;20;25;3;2;1;3;3;2;0;3;3;1;3;150;150;600;1;1000;4;1;8;100;50;1","request;pvs;8;0;1;1;-50;200;1;20;25;3;2;1;3;3;2;0;3;3;1;3;150;150;600;1;1000;4;1;8;100;50;1","rnbqkbnr/pppppppp/8/8/8/8/PPPPPPPP/RNBQKBNR w KQkq - 0 1","rnbqkbnr/pppppppp/8/8/8/8/PPPPPPPP/RNBQKBNR w KQkq - 0 1","0:0:0:0:0|0:0:0:0:0|0:0:0:0:0|0:0:0:0:0","759421758207090123:0:0",180000,180000,180000,180000,2000,real,1000,0,0,0,0,5,0,0,0,0,100,168755,176838,235720,239200,10,9,40,41,50,50,50,2,23,0,0,0,0,0,0,0,14,2,5,0.0892857,6,0,0
0,11035599632238826295,2026,5217400152005168086,ongoing,-1,ply_limit,100,0,"independent;pvs;8;0;1;1;-50;200;1;20;25;3;2;1;3;3;2;0;3;3;1;3;150;150;600;1;1000;4;1;8;100;50;1","request;pvs;8;0;1;1;-50;200;1;20;25;3;2;1;3;3;2;0;3;3;1;3;150;150;600;1;1000;4;1;8;100;50;1","independent;pvs;8;0;1;1;-50;200;1;20;25;3;2;1;3;3;2;0;3;3;1;3;150;150;600;1;1000;4;1;8;100;50;1","shared_value;pvs;8;0;1;1;-50;200;1;20;25;3;2;1;3;3;2;0;3;3;1;3;150;150;600;1;1000;4;1;8;100;50;1","rnbqkbnr/pppppppp/8/8/8/8/PPPPPPPP/RNBQKBNR w KQkq - 0 1","rnbqkbnr/pppppppp/8/8/8/8/PPPPPPPP/RNBQKBNR w KQkq - 0 1","0:0:0:0:0|0:0:0:0:0|0:0:0:0:0|0:0:0:0:0","759421758207090123:0:0",180000,180000,180000,180000,2000,real,1000,0,0,0,0,5,0,0,0,0,100,250006,247517,171825,177938,43,43,7,7,43,43,43,1,24,0,0,0,0,0,0,0,12,0,0,0,3,0,0
0,11035599632238824564,2026,5217400152005168087,ongoing,-1,ply_limit,100,0,"independent;pvs;8;0;1;1;-50;200;1;20;25;3;2;1;3;3;2;0;3;3;1;3;150;150;600;1;1000;4;1;8;100;50;1","request;pvs;8;0;1;1;-50;200;1;20;25;3;2;1;3;3;2;0;3;3;1;3;150;150;600;1;1000;4;1;8;100;50;1","independent;pvs;8;0;1;1;-50;200;1;20;25;3;2;1;3;3;2;0;3;3;1;3;150;150;600;1;1000;4;1;8;100;50;1","sacrifice;pvs;8;0;1;1;-50;200;1;20;25;3;2;1;3;3;2;0;3;3;1;3;150;150;600;1;1000;4;1;8;100;50;1","rnbqkbnr/pppppppp/8/8/8/8/PPPPPPPP/RNBQKBNR w KQkq - 0 1","rnbqkbnr/pppppppp/8/8/8/8/PPPPPPPP/RNBQKBNR w KQkq - 0 1","0:0:0:0:0|0:0:0:0:0|0:0:0:0:0|0:0:0:0:0","759421758207090123:0:0",180000,180000,180000,180000,2000,real,1000,0,0,0,0,5,0,0,0,0,100,152905,161175,193563,187229,17,16,33,34,16,16,16,0,26,5,0,5,0,0,0,0,13,0,0,0,8,0,0
0,11035599632238820013,2026,5217400152005167633,ongoing,-1,ply_limit,100,0,"independent;pvs;8;0;1;1;-50;200;1;20;25;3;2;1;3;3;2;0;3;3;1;3;150;150;600;1;1000;4;1;8;100;50;1","request;pvs;8;0;1;1;-50;200;1;20;25;3;2;1;3;3;2;0;3;3;1;3;150;150;600;1;1000;4;1;8;100;50;1","request;pvs;8;0;1;1;-50;200;1;20;25;3;2;1;3;3;2;0;3;3;1;3;150;150;600;1;1000;4;1;8;100;50;1","independent;pvs;8;0;1;1;-50;200;1;20;25;3;2;1;3;3;2;0;3;3;1;3;150;150;600;1;1000;4;1;8;100;50;1","rnbqkbnr/pppppppp/8/8/8/8/PPPPPPPP/RNBQKBNR w KQkq - 0 1","rnbqkbnr/pppppppp/8/8/8/8/PPPPPPPP/RNBQKBNR w KQkq - 0 1","0:0:0:0:0|0:0:0:0:0|0:0:0:0:0|0:0:0:0:0","759421758207090123:0:0",180000,180000,180000,180000,2000,real,1000,0,0,0,0,5,0,0,0,0,100,205019,187180,152857,150494,36,36,14,14,50,50,50,3,22,0,0,0,0,0,0,0,14,0,0,0,6,2,0.333333
0,11035599632238792647,2026,5217400152005167632,ongoing,-1,ply_limit,100,1,"independent;pvs;8;0;1;1;-50;200;1;20;25;3;2;1;3;3;2;0;3;3;1;3;150;150;600;1;1000;4;1;8;100;50;1","request;pvs;8;0;1;1;-50;200;1;20;25;3;2;1;3;3;2;0;3;3;1;3;150;150;600;1;1000;4;1;8;100;50;1","request;pvs;8;0;1;1;-50;200;1;20;25;3;2;1;3;3;2;0;3;3;1;3;150;150;600;1;1000;4;1;8;100;50;1","request;pvs;8;0;1;1;-50;200;1;20;25;3;2;1;3;3;2;0;3;3;1;3;150;150;600;1;1000;4;1;8;100;50;1","rnbqkbnr/pppppppp/8/8/8/8/PPPPPPPP/RNBQKBNR w KQkq - 0 1","rnbqkbnr/pppppppp/8/8/8/8/PPPPPPPP/RNBQKBNR w KQkq - 0 1","0:0:0:0:0|0:0:0:0:0|0:0:0:0:0|0:0:0:0:0","759421758207090123:0:0",180000,180000,180000,180000,2000,real,1000,0,0,0,0,5,0,0,0,0,100,139869,143938,169547,169519,18,18,32,32,82,82,82,2,26,0,0,0,0,0,0,0,15,0,0,0,11,0,0
0,11035599632238789924,2026,5217400152005167639,team_b_wins,1,game_over,88,0,"independent;pvs;8;0;1;1;-50;200;1;20;25;3;2;1;3;3;2;0;3;3;1;3;150;150;600;1;1000;4;1;8;100;50;1","request;pvs;8;0;1;1;-50;200;1;20;25;3;2;1;3;3;2;0;3;3;1;3;150;150;600;1;1000;4;1;8;100;50;1","request;pvs;8;0;1;1;-50;200;1;20;25;3;2;1;3;3;2;0;3;3;1;3;150;150;600;1;1000;4;1;8;100;50;1","shared_value;pvs;8;0;1;1;-50;200;1;20;25;3;2;1;3;3;2;0;3;3;1;3;150;150;600;1;1000;4;1;8;100;50;1","rnbqkbnr/pppppppp/8/8/8/8/PPPPPPPP/RNBQKBNR w KQkq - 0 1","rnbqkbnr/pppppppp/8/8/8/8/PPPPPPPP/RNBQKBNR w KQkq - 0 1","0:0:0:0:0|0:0:0:0:0|0:0:0:0:0|0:0:0:0:0","759421758207090123:0:0",180000,180000,180000,180000,2000,real,1000,0,0,0,0,5,0,0,0,0,100,160079,160572,175182,203286,16,15,28,29,43,43,43,2,22,0,0,0,0,0,0,0,16,1,3,0.046875,10,1,0.1
0,11035599632238789735,2026,5217400152005167638,ongoing,-1,ply_limit,100,16,"independent;pvs;8;0;1;1;-50;200;1;20;25;3;2;1;3;3;2;0;3;3;1;3;150;150;600;1;1000;4;1;8;100;50;1","request;pvs;8;0;1;1;-50;200;1;20;25;3;2;1;3;3;2;0;3;3;1;3;150;150;600;1;1000;4;1;8;100;50;1","request;pvs;8;0;1;1;-50;200;1;20;25;3;2;1;3;3;2;0;3;3;1;3;150;150;600;1;1000;4;1;8;100;50;1","sacrifice;pvs;8;0;1;1;-50;200;1;20;25;3;2;1;3;3;2;0;3;3;1;3;150;150;600;1;1000;4;1;8;100;50;1","rnbqkbnr/pppppppp/8/8/8/8/PPPPPPPP/RNBQKBNR w KQkq - 0 1","rnbqkbnr/pppppppp/8/8/8/8/PPPPPPPP/RNBQKBNR w KQkq - 0 1","0:0:0:0:0|0:0:0:0:0|0:0:0:0:0|0:0:0:0:0","759421758207090123:0:0",180000,180000,180000,180000,2000,real,1000,0,0,0,0,5,0,0,0,0,100,139491,135002,128045,122890,28,27,22,23,49,49,49,2,21,9,0,5,0,0,0,0,15,0,0,0,10,2,0.2
0,11035599632238832604,2026,5217400152005167954,ongoing,-1,ply_limit,100,0,"independent;pvs;8;0;1;1;-50;200;1;20;25;3;2;1;3;3;2;0;3;3;1;3;150;150;600;1;1000;4;1;8;100;50;1","request;pvs;8;0;1;1;-50;200;1;20;25;3;2;1;3;3;2;0;3;3;1;3;150;150;600;1;1000;4;1;8;100;50;1","shared_value;pvs;8;0;1;1;-50;200;1;20;25;3;2;1;3;3;2;0;3;3;1;3;150;150;600;1;1000;4;1;8;100;50;1","independent;pvs;8;0;1;1;-50;200;1;20;25;3;2;1;3;3;2;0;3;3;1;3;150;150;600;1;1000;4;1;8;100;50;1","rnbqkbnr/pppppppp/8/8/8/8/PPPPPPPP/RNBQKBNR w KQkq - 0 1","rnbqkbnr/pppppppp/8/8/8/8/PPPPPPPP/RNBQKBNR w KQkq - 0 1","0:0:0:0:0|0:0:0:0:0|0:0:0:0:0|0:0:0:0:0","759421758207090123:0:0",180000,180000,180000,180000,2000,real,1000,0,0,0,0,5,0,0,0,0,100,265290,263136,188063,183248,45,44,5,6,44,44,44,0,22,0,0,0,0,0,0,0,10,0,0,0,0,0,0
0,11035599632238832415,2026,5217400152005167955,draw,-1,game_over,99,0,"independent;pvs;8;0;1;1;-50;200;1;20;25;3;2;1;3;3;2;0;3;3;1;3;150;150;600;1;1000;4;1;8;100;50;1","request;pvs;8;0;1;1;-50;200;1;20;25;3;2;1;3;3;2;0;3;3;1;3;150;150;600;1;1000;4;1;8;100;50;1","shared_value;pvs;8;0;1;1;-50;200;1;20;25;3;2;1;3;3;2;0;3;3;1;3;150;150;600;1;1000;4;1;8;100;50;1","request;pvs;8;0;1;1;-50;200;1;20;25;3;2;1;3;3;2;0;3;3;1;3;150;150;600;1;1000;4;1;8;100;50;1","rnbqkbnr/pppppppp/8/8/8/8/PPPPPPPP/RNBQKBNR w KQkq - 0 1","rnbqkbnr/pppppppp/8/8/8/8/PPPPPPPP/RNBQKBNR w KQkq - 0 1","0:0:0:0:0|0:0:0:0:0|0:0:0:0:0|0:0:0:0:0","759421758207090123:0:0",180000,180000,180000,180000,2000,real,1000,0,0,0,0,5,0,0,0,0,100,265612,263716,181680,188493,45,44,5,5,49,49,49,1,19,0,0,0,0,0,0,0,10,0,0,0,0,0,0
0,11035599632238832478,2026,5217400152005167956,ongoing,-1,ply_limit,100,0,"independent;pvs;8;0;1;1;-50;200;1;20;25;3;2;1;3;3;2;0;3;3;1;3;150;150;600;1;1000;4;1;8;100;50;1","request;pvs;8;0;1;1;-50;200;1;20;25;3;2;1;3;3;2;0;3;3;1;3;150;150;600;1;1000;4;1;8;100;50;1","shared_value;pvs;8;0;1;1;-50;200;1;20;25;3;2;1;3;3;2;0;3;3;1;3;150;150;600;1;1000;4;1;8;100;50;1","shared_value;pvs;8;0;1;1;-50;200;1;20;25;3;2;1;3;3;2;0;3;3;1;3;150;150;600;1;1000;4;1;8;100;50;1","rnbqkbnr/pppppppp/8/8/8/8/PPPPPPPP/RNBQKBNR w KQkq - 0 1","rnbqkbnr/pppppppp/8/8/8/8/PPPPPPPP/RNBQKBNR w KQkq - 0 1","0:0:0:0:0|0:0:0:0:0|0:0:0:0:0|0:0:0:0:0","759421758207090123:0:0",180000,180000,180000,180000,2000,real,1000,0,0,0,0,5,0,0,0,0,100,262794,261935,182764,183463,44,44,6,6,44,44,44,0,19,0,0,0,0,0,0,0,10,0,0,0,1,0,0
0,11035599632238834838,2026,5217400152005167957,draw,-1,game_over,64,0,"independent;pvs;8;0;1;1;-50;200;1;20;25;3;2;1;3;3;2;0;3;3;1;3;150;150;600;1;1000;4;1;8;100;50;1","request;pvs;8;0;1;1;-50;200;1;20;25;3;2;1;3;3;2;0;3;3;1;3;150;150;600;1;1000;4;1;8;100;50;1","shared_value;pvs;8;0;1;1;-50;200;1;20;25;3;2;1;3;3;2;0;3;3;1;3;150;150;600;1;1000;4;1;8;100;50;1","sacrifice;pvs;8;0;1;1;-50;200;1;20;25;3;2;1;3;3;2;0;3;3;1;3;150;150;600;1;1000;4;1;8;100;50;1","rnbqkbnr/pppppppp/8/8/8/8/PPPPPPPP/RNBQKBNR w KQkq - 0 1","rnbqkbnr/pppppppp/8/8/8/8/PPPPPPPP/RNBQKBNR w KQkq - 0 1","0:0:0:0:0|0:0:0:0:0|0:0:0:0:0|0:0:0:0:0","759421758207090123:0:0",180000,180000,180000,180000,2000,real,1000,0,0,0,0,5,0,0,0,0,100,231412,231161,181214,188469,27,27,5,5,27,27,27,0,11,3,0,3,0,0,0,0,8,0,0,0,0,0,0
0,11035599632238828751,2026,5217400152005168019,team_a_wins,0,game_over,61,0,"independent;pvs;8;0;1;1;-50;200;1;20;25;3;2;1;3;3;2;0;3;3;1;3;150;150;600;1;1000;4;1;8;100;50;1","request;pvs;8;0;1;1;-50;200;1;20;25;3;2;1;3;3;2;0;3;3;1;3;150;150;600;1;1000;4;1;8;100;50;1","sacrifice;pvs;8;0;1;1;-50;200;1;20;25;3;2;1;3;3;2;0;3;3;1;3;150;150;600;1;1000;4;1;8;100;50;1","independent;pvs;8;0;1;1;-50;200;1;20;25;3;2;1;3;3;2;0;3;3;1;3;150;150;600;1;1000;4;1;8;100;50;1","rnbqkbnr/pppppppp/8/8/8/8/PPPPPPPP/RNBQKBNR w KQkq - 0 1","rnbqkbnr/pppppppp/8/8/8/8/PPPPPPPP/RNBQKBNR w KQkq - 0 1","0:0:0:0:0|0:0:0:0:0|0:0:0:0:0|0:0:0:0:0","759421758207090123:0:0",180000,180000,180000,180000,2000,real,1000,0,0,0,0,5,0,0,0,0,100,163558,171896,182898,192211,11,10,20,20,10,10,10,1,16,19,0,13,0,0,0,0,11,0,0,0,4,1,0.25
0,11035599632238828556,2026,5217400152005168018,team_b_wins,1,game_over,80,0,"independent;pvs;8;0;1;1;-50;200;1;20;25;3;2;1;3;3;2;0;3;3;1;3;150;150;600;1;1000;4;1;8;100;50;1","request;pvs;8;0;1;1;-50;200;1;20;25;3;2;1;3;3;2;0;3;3;1;3;150;150;600;1;1000;4;1;8;100;50;1","sacrifice;pvs;8;0;1;1;-50;200;1;20;25;3;2;1;3;3;2;0;3;3;1;3;150;150;600;1;1000;4;1;8;100;50;1","request;pvs;8;0;1;1;-50;200;1;20;25;3;2;1;3;3;2;0;3;3;1;3;150;150;600;1;1000;4;1;8;100;50;1","rnbqkbnr/pppppppp/8/8/8/8/PPPPPPPP/RNBQKBNR w KQkq - 0 1","rnbqkbnr/pppppppp/8/8/8/8/PPPPPPPP/RNBQKBNR w KQkq - 0 1","0:0:0:0:0|0:0:0:0:0|0:0:0:0:0|0:0:0:0:0","759421758207090123:0:0",180000,180000,180000,180000,2000,real,1000,0,0,0,0,5,0,0,0,0,100,180419,176517,225502,224133,9,8,31,32,40,40,40,1,24,5,0,5,0,0,0,0,11,0,0,0,6,1,0.166667
0,11035599632238830406,2026,5217400152005168021,draw,-1,game_over,87,0,"independent;pvs;8;0;1;1;-50;200;1;20;25;3;2;1;3;3;2;0;3;3;1;3;150;150;600;1;1000;4;1;8;100;50;1","request;pvs;8;0;1;1;-50;200;1;20;25;3;2;1;3;3;2;0;3;3;1;3;150;150;600;1;1000;4;1;8;100;50;1","sacrifice;pvs;8;0;1;1;-50;200;1;20;25;3;2;1;3;3;2;0;3;3;1;3;150;150;600;1;1000;4;1;8;100;50;1","shared_value;pvs;8;0;1;1;-50;200;1;20;25;3;2;1;3;3;2;0;3;3;1;3;150;150;600;1;1000;4;1;8;100;50;1","rnbqkbnr/pppppppp/8/8/8/8/PPPPPPPP/RNBQKBNR w KQkq - 0 1","rnbqkbnr/pppppppp/8/8/8/8/PPPPPPPP/RNBQKBNR w KQkq - 0 1","0:0:0:0:0|0:0:0:0:0|0:0:0:0:0|0:0:0:0:0","759421758207090123:0:0",180000,180000,180000,180000,2000,real,1000,0,0,0,0,5,0,0,0,0,100,253242,250986,181747,188348,39,38,5,5,38,38,38,0,20,1,0,1,0,0,0,0,10,1,4,0.1,1,0,0
0,11035599632238828686,2026,5217400152005168020,ongoing,-1,ply_limit,100,9,"independent;pvs;8;0;1;1;-50;200;1;20;25;3;2;1;3;3;2;0;3;3;1;3;150;150;600;1;1000;4;1;8;100;50;1","request;pvs;8;0;1;1;-50;200;1;20;25;3;2;1;3;3;2;0;3;3;1;3;150;150;600;1;1000;4;1;8;100;50;1","sacrifice;pvs;8;0;1;1;-50;200;1;20;25;3;2;1;3;3;2;0;3;3;1;3;150;150;600;1;1000;4;1;8;100;50;1","sacrifice;pvs;8;0;1;1;-50;200;1;20;25;3;2;1;3;3;2;0;3;3;1;3;150;150;600;1;1000;4;1;8;100;50;1","rnbqkbnr/pppppppp/8/8/8/8/PPPPPPPP/RNBQKBNR w KQkq - 0 1","rnbqkbnr/pppppppp/8/8/8/8/PPPPPPPP/RNBQKBNR w KQkq - 0 1","0:0:0:0:0|0:0:0:0:0|0:0:0:0:0|0:0:0:0:0","759421758207090123:0:0",180000,180000,180000,180000,2000,real,1000,0,0,0,0,5,0,0,0,0,100,120626,122250,121174,119472,26,25,24,25,25,25,25,0,25,13,0,11,0,0,0,0,16,0,0,0,11,0,0
0,11035599632239078105,2026,5217400152005171777,ongoing,-1,ply_limit,100,0,"independent;pvs;8;0;1;1;-50;200;1;20;25;3;2;1;3;3;2;0;3;3;1;3;150;150;600;1;1000;4;1;8;100;50;1","shared_value;pvs;8;0;1;1;-50;200;1;20;25;3;2;1;3;3;2;0;3;3;1;3;150;150;600;1;1000;4;1;8;100;50;1","independent;pvs;8;0;1;1;-50;200;1;20;25;3;2;1;3;3;2;0;3;3;1;3;150;150;600;1;1000;4;1;8;100;50;1","independent;pvs;8;0;1;1;-50;200;1;20;25;3;2;1;3;3;2;0;3;3;1;3;150;150;600;1;1000;4;1;8;100;50;1","rnbqkbnr/pppppppp/8/8/8/8/PPPPPPPP/RNBQKBNR w KQkq - 0 1","rnbqkbnr/pppppppp/8/8/8/8/PPPPPPPP/RNBQKBNR w KQkq - 0 1","0:0:0:0:0|0:0:0:0:0|0:0:0:0:0|0:0:0:0:0","759421758207090123:0:0",180000,180000,180000,180000,2000,real,1000,0,0,0,0,5,0,0,0,0,100,183226,188053,263579,265593,6,5,44,45,0,0,0,0,23,0,0,0,0,0,0,0,10,0,0,0,0,0,0
0,11035599632239079355,2026,5217400152005171776,draw,-1,game_over,79,0,"independent;pvs;8;0;1;1;-50;200;1;20;25;3;2;1;3;3;2;0;3;3;1;3;150;150;600;1;1000;4;1;8;100;50;1","shared_value;pvs;8;0;1;1;-50;200;1;20;25;3;2;1;3;3;2;0;3;3;1;3;150;150;600;1;1000;4;1;8;100;50;1","independent;pvs;8;0;1;1;-50;200;1;20;25;3;2;1;3;3;2;0;3;3;1;3;150;150;600;1;1000;4;1;8;100;50;1","request;pvs;8;0;1;1;-50;200;1;20;25;3;2;1;3;3;2;0;3;3;1;3;150;150;600;1;1000;4;1;8;100;50;1","rnbqkbnr/pppppppp/8/8/8/8/PPPPPPPP/RNBQKBNR w KQkq - 0 1","rnbqkbnr/pppppppp/8/8/8/8/PPPPPPPP/RNBQKBNR w KQkq - 0 1","0:0:0:0:0|0:0:0:0:0|0:0:0:0:0|0:0:0:0:0","759421758207090123:0:0",180000,180000,180000,180000,2000,real,1000,0,0,0,0,5,0,0,0,0,100,188509,181658,244636,245974,5,5,34,35,35,35,35,0,14,0,0,0,0,0,0,0,8,0,0,0,0,0,0
0,11035599632239056216,2026,5217400152005171783,ongoing,-1,ply_limit,100,0,"independent;pvs;8;0;1;1;-50;200;1;20;25;3;2;1;3;3;2;0;3;3;1;3;150;150;600;1;1000;4;1;8;100;50;1","shared_value;pvs;8;0;1;1;-50;200;1;20;25;3;2;1;3;3;2;0;3;3;1;3;150;150;600;1;1000;4;1;8;100;50;1","independent;pvs;8;0;1;1;-50;200;1;20;25;3;2;1;3;3;2;0;3;3;1;3;150;150;600;1;1000;4;1;8;100;50;1","shared_value;pvs;8;0;1;1;-50;200;1;20;25;3;2;1;3;3;2;0;3;3;1;3;150;150;600;1;1000;4;1;8;100;50;1","rnbqkbnr/pppppppp/8/8/8/8/PPPPPPPP/RNBQKBNR w KQkq - 0 1","rnbqkbnr/pppppppp/8/8/8/8/PPPPPPPP/RNBQKBNR w KQkq - 0 1","0:0:0:0:0|0:0:0:0:0|0:0:0:0:0|0:0:0:0:0","759421758207090123:0:0",180000,180000,180000,180000,2000,real,1000,0,0,0,0,5,0,0,0,0,100,179043,181907,259364,252504,7,6,43,44,0,0,0,0,26,0,0,0,0,0,0,0,12,0,0,0,2,0,0
0,11035599632239055899,2026,5217400152005171782,ongoing,-1,ply_limit,100,0,"independent;pvs;8;0;1;1;-50;200;1;20;25;3;2;1;3;3;2;0;3;3;1;3;150;150;600;1;1000;4;1;8;100;50;1","shared_value;pvs;8;0;1;1;-50;200;1;20;25;3;2;1;3;3;2;0;3;3;1;3;150;150;600;1;1000;4;1;8;100;50;1","independent;pvs;8;0;1;1;-50;200;1;20;25;3;2;1;3;3;2;0;3;3;1;3;150;150;600;1;1000;4;1;8;100;50;1","sacrifice;pvs;8;0;1;1;-50;200;1;20;25;3;2;1;3;3;2;0;3;3;1;3;150;150;600;1;1000;4;1;8;100;50;1","rnbqkbnr/pppppppp/8/8/8/8/PPPPPPPP/RNBQKBNR w KQkq - 0 1","rnbqkbnr/pppppppp/8/8/8/8/PPPPPPPP/RNBQKBNR w KQkq - 0 1","0:0:0:0:0|0:0:0:0:0|0:0:0:0:0|0:0:0:0:0","759421758207090123:0:0",180000,180000,180000,180000,2000,real,1000,0,0,0,0,5,0,0,0,0,100,183242,181672,262930,264473,6,5,44,45,0,0,0,0,19,12,1,4,2,1,0,0,9,0,0,0,1,0,0
0,11035599632239098283,2026,5217400152005172096,team_b_wins,1,game_over,58,0,"independent;pvs;8;0;1;1;-50;200;1;20;25;3;2;1;3;3;2;0;3;3;1;3;150;150;600;1;1000;4;1;8;100;50;1","shared_value;pvs;8;0;1;1;-50;200;1;20;25;3;2;1;3;3;2;0;3;3;1;3;150;150;600;1;1000;4;1;8;100;50;1","request;pvs;8;0;1;1;-50;200;1;20;25;3;2;1;3;3;2;0;3;3;1;3;150;150;600;1;1000;4;1;8;100;50;1","independent;pvs;8;0;1;1;-50;200;1;20;25;3;2;1;3;3;2;0;3;3;1;3;150;150;600;1;1000;4;1;8;100;50;1","rnbqkbnr/pppppppp/8/8/8/8/PPPPPPPP/RNBQKBNR w KQkq - 0 1","rnbqkbnr/pppppppp/8/8/8/8/PPPPPPPP/RNBQKBNR w KQkq - 0 1","0:0:0:0:0|0:0:0:0:0|0:0:0:0:0|0:0:0:0:0","759421758207090123:0:0",180000,180000,180000,180000,2000,real,1000,0,0,0,0,5,0,0,0,0,100,183229,188098,222352,224078,6,5,23,24,23,23,23,0,13,0,0,0,0,0,0,0,7,0,0,0,0,0,0
0,11035599632239098985,2026,5217400152005172097,draw,-1,game_over,76,0,"independent;pvs;8;0;1;1;-50;200;1;20;25;3;2;1;3;3;2;0;3;3;1;3;150;150;600;1;1000;4;1;8;100;50;1","shared_value;pvs;8;0;1;1;-50;200;1;20;25;3;2;1;3;3;2;0;3;3;1;3;150;150;600;1;1000;4;1;8;100;50;1","request;pvs;8;0;1;1;-50;200;1;20;25;3;2;1;3;3;2;0;3;3;1;3;150;150;600;1;1000;4;1;8;100;50;1","request;pvs;8;0;1;1;-50;200;1;20;25;3;2;1;3;3;2;0;3;3;1;3;150;150;600;1;1000;4;1;8;100;50;1","rnbqkbnr/pppppppp/8/8/8/8/PPPPPPPP/RNBQKBNR w KQkq - 0 1","rnbqkbnr/pppppppp/8/8/8/8/PPPPPPPP/RNBQKBNR w KQkq - 0 1","0:0:0:0:0|0:0:0:0:0|0:0:0:0:0|0:0:0:0:0","759421758207090123:0:0",180000,180000,180000,180000,2000,real,1000,0,0,0,0,5,0,0,0,0,100,188513,181666,242698,242551,5,5,33,33,66,66,66,0,16,0,0,0,0,0,0,0,10,0,0,0,0,0,0
0,11035599632239092523,2026,5217400152005172102,team_b_wins,1,game_over,74,0,"independent;pvs;8;0;1;1;-50;200;1;20;25;3;2;1;3;3;2;0;3;3;1;3;150;150;600;1;1000;4;1;8;100;50;1","shared_value;pvs;8;0;1;1;-50;200;1;20;25;3;2;1;3;3;2;0;3;3;1;3;150;150;600;1;1000;4;1;8;100;50;1","request;pvs;8;0;1;1;-50;200;1;20;25;3;2;1;3;3;2;0;3;3;1;3;150;150;600;1;1000;4;1;8;100;50;1","shared_value;pvs;8;0;1;1;-50;200;1;20;25;3;2;1;3;3;2;0;3;3;1;3;150;150;600;1;1000;4;1;8;100;50;1","rnbqkbnr/pppppppp/8/8/8/8/PPPPPPPP/RNBQKBNR w KQkq - 0 1","rnbqkbnr/pppppppp/8/8/8/8/PPPPPPPP/RNBQKBNR w KQkq - 0 1","0:0:0:0:0|0:0:0:0:0|0:0:0:0:0|0:0:0:0:0","759421758207090123:0:0",180000,180000,180000,180000,2000,real,1000,0,0,0,0,5,0,0,0,0,100,178750,183459,234513,229176,7,6,30,31,30,30,30,0,20,0,0,0,0,0,0,0,11,0,0,0,2,0,0
0,11035599632239092712,2026,5217400152005172103,team_a_wins,0,game_over,79,0,"independent;pvs;8;0;1;1;-50;200;1;20;25;3;2;1;3;3;2;0;3;3;1;3;150;150;600;1;1000;4;1;8;100;50;1","shared_value;pvs;8;0;1;1;-50;200;1;20;25;3;2;1;3;3;2;0;3;3;1;3;150;150;600;1;1000;4;1;8;100;50;1","request;pvs;8;0;1;1;-50;200;1;20;25;3;2;1;3;3;2;0;3;3;1;3;150;150;600;1;1000;4;1;8;100;50;1","sacrifice;pvs;8;0;1;1;-50;200;1;20;25;3;2;1;3;3;2;0;3;3;1;3;150;150;600;1;1000;4;1;8;100;50;1","rnbqkbnr/pppppppp/8/8/8/8/PPPPPPPP/RNBQKBNR w KQkq - 0 1","rnbqkbnr/pppppppp/8/8/8/8/PPPPPPPP/RNBQKBNR w KQkq - 0 1","0:0:0:0:0|0:0:0:0:0|0:0:0:0:0|0:0:0:0:0","759421758207090123:0:0",180000,180000,180000,180000,2000,real,1000,0,0,0,0,5,0,0,0,0,100,183253,188115,243323,242923,6,5,34,34,34,34,34,0,16,23,0,12,2,0,0,0,7,0,0,0,0,0,0
0,11035599632239086779,2026,5217400152005172163,ongoing,-1,ply_limit,100,0,"independent;pvs;8;0;1;1;-50;200;1;20;25;3;2;1;3;3;2;0;3;3;1;3;150;150;600;1;1000;4;1;8;100;50;1","shared_value;pvs;8;0;1;1;-50;200;1;20;25;3;2;1;3;3;2;0;3;3;1;3;150;150;600;1;1000;4;1;8;100;50;1","shared_value;pvs;8;0;1;1;-50;200;1;20;25;3;2;1;3;3;2;0;3;3;1;3;150;150;600;1;1000;4;1;8;100;50;1","independent;pvs;8;0;1;1;-50;200;1;20;25;3;2;1;3;3;2;0;3;3;1;3;150;150;600;1;1000;4;1;8;100;50;1","rnbqkbnr/pppppppp/8/8/8/8/PPPPPPPP/RNBQKBNR w KQkq - 0 1","rnbqkbnr/pppppppp/8/8/8/8/PPPPPPPP/RNBQKBNR w KQkq - 0 1","0:0:0:0:0|0:0:0:0:0|0:0:0:0:0|0:0:0:0:0","759421758207090123:0:0",180000,180000,180000,180000,2000,real,1000,0,0,0,0,5,0,0,0,0,100,238442,223746,172910,168258,40,39,10,11,0,0,0,0,28,0,0,0,0,0,0,0,13,0,0,0,5,0,0
0,11035599632239086712,2026,5217400152005172162,team_a_wins,0,game_over,76,0,"independent;pvs;8;0;1;1;-50;200;1;20;25;3;2;1;3;3;2;0;3;3;1;3;150;150;600;1;1000;4;1;8;100;50;1","shared_value;pvs;8;0;1;1;-50;200;1;20;25;3;2;1;3;3;2;0;3;3;1;3;150;150;600;1;1000;4;1;8;100;50;1","shared_value;pvs;8;0;1;1;-50;200;1;20;25;3;2;1;3;3;2;0;3;3;1;3;150;150;600;1;1000;4;1;8;100;50;1","request;pvs;8;0;1;1;-50;200;1;20;25;3;2;1;3;3;2;0;3;3;1;3;150;150;600;1;1000;4;1;8;100;50;1","rnbqkbnr/pppppppp/8/8/8/8/PPPPPPPP/RNBQKBNR w KQkq - 0 1","rnbqkbnr/pppppppp/8/8/8/8/PPPPPPPP/RNBQKBNR w KQkq - 0 1","0:0:0:0:0|0:0:0:0:0|0:0:0:0:0|0:0:0:0:0","759421758207090123:0:0",180000,180000,180000,180000,2000,real,1000,0,0,0,0,5,0,0,0,0,100,193136,201379,175351,166125,26,25,12,13,13,13,13,1,23,0,0,0,0,0,0,0,15,1,4,0.0666667,9,0,0
0,11035599632239096634,2026,5217400152005172165,ongoing,-1,ply_limit,100,0,"independent;pvs;8;0;1;1;-50;200;1;20;25;3;2;1;3;3;2;0;3;3;1;3;150;150;600;1;1000;4;1;8;100;50;1","shared_value;pvs;8;0;1;1;-50;200;1;20;25;3;2;1;3;3;2;0;3;3;1;3;150;150;600;1;1000;4;1;8;100;50;1","shared_value;pvs;8;0;1;1;-50;200;1;20;25;3;2;1;3;3;2;0;3;3;1;3;150;150;600;1;1000;4;1;8;100;50;1","shared_value;pvs;8;0;1;1;-50;200;1;20;25;3;2;1;3;3;2;0;3;3;1;3;150;150;600;1;1000;4;1;8;100;50;1","rnbqkbnr/pppppppp/8/8/8/8/PPPPPPPP/RNBQKBNR w KQkq - 0 1","rnbqkbnr/pppppppp/8/8/8/8/PPPPPPPP/RNBQKBNR w KQkq - 0 1","0:0:0:0:0|0:0:0:0:0|0:0:0:0:0|0:0:0:0:0","759421758207090123:0:0",180000,180000,180000,180000,2000,real,1000,0,0,0,0,5,0,0,0,0,100,236666,231205,175058,170305,40,39,10,11,0,0,0,0,24,0,0,0,0,0,0,0,13,0,0,0,3,0,0
0,11035599632239086842,2026,5217400152005172164,team_a_wins,0,game_over,71,0,"independent;pvs;8;0;1;1;-50;200;1;20;25;3;2;1;3;3;2;0;3;3;1;3;150;150;600;1;1000;4;1;8;100;50;1","shared_value;pvs;8;0;1;1;-50;200;1;20;25;3;2;1;3;3;2;0;3;3;1;3;150;150;600;1;1000;4;1;8;100;50;1","shared_value;pvs;8;0;1;1;-50;200;1;20;25;3;2;1;3;3;2;0;3;3;1;3;150;150;600;1;1000;4;1;8;100;50;1","sacrifice;pvs;8;0;1;1;-50;200;1;20;25;3;2;1;3;3;2;0;3;3;1;3;150;150;600;1;1000;4;1;8;100;50;1","rnbqkbnr/pppppppp/8/8/8/8/PPPPPPPP/RNBQKBNR w KQkq - 0 1","rnbqkbnr/pppppppp/8/8/8/8/PPPPPPPP/RNBQKBNR w KQkq - 0 1","0:0:0:0:0|0:0:0:0:0|0:0:0:0:0|0:0:0:0:0","759421758207090123:0:0",180000,180000,180000,180000,2000,real,1000,0,0,0,0,5,0,0,0,0,100,187782,198646,175595,166734,24,23,12,12,0,0,0,0,20,14,0,12,0,0,0,0,13,0,0,0,7,0,0
0,11035599632239074184,2026,5217400152005171970,draw,-1,game_over,60,0,"independent;pvs;8;0;1;1;-50;200;1;20;25;3;2;1;3;3;2;0;3;3;1;3;150;150;600;1;1000;4;1;8;100;50;1","shared_value;pvs;8;0;1;1;-50;200;1;20;25;3;2;1;3;3;2;0;3;3;1;3;150;150;600;1;1000;4;1;8;100;50;1","sacrifice;pvs;8;0;1;1;-50;200;1;20;25;3;2;1;3;3;2;0;3;3;1;3;150;150;600;1;1000;4;1;8;100;50;1","independent;pvs;8;0;1;1;-50;200;1;20;25;3;2;1;3;3;2;0;3;3;1;3;150;150;600;1;1000;4;1;8;100;50;1","rnbqkbnr/pppppppp/8/8/8/8/PPPPPPPP/RNBQKBNR w KQkq - 0 1","rnbqkbnr/pppppppp/8/8/8/8/PPPPPPPP/RNBQKBNR w KQkq - 0 1","0:0:0:0:0|0:0:0:0:0|0:0:0:0:0|0:0:0:0:0","759421758207090123:0:0",180000,180000,180000,180000,2000,real,1000,0,0,0,0,5,0,0,0,0,100,188532,181679,226725,227254,5,5,25,25,0,0,0,0,12,5,0,2,0,0,0,0,8,0,0,0,0,0,0
0,11035599632239074123,2026,5217400152005171971,ongoing,-1,ply_limit,100,0,"independent;pvs;8;0;1;1;-50;200;1;20;25;3;2;1;3;3;2;0;3;3;1;3;150;150;600;1;1000;4;1;8;100;50;1","shared_value;pvs;8;0;1;1;-50;200;1;20;25;3;2;1;3;3;2;0;3;3;1;3;150;150;600;1;1000;4;1;8;100;50;1","sacrifice;pvs;8;0;1;1;-50;200;1;20;25;3;2;1;3;3;2;0;3;3;1;3;150;150;600;1;1000;4;1;8;100;50;1","request;pvs;8;0;1;1;-50;200;1;20;25;3;2;1;3;3;2;0;3;3;1;3;150;150;600;1;1000;4;1;8;100;50;1","rnbqkbnr/pppppppp/8/8/8/8/PPPPPPPP/RNBQKBNR w KQkq - 0 1","rnbqkbnr/pppppppp/8/8/8/8/PPPPPPPP/RNBQKBNR w KQkq - 0 1","0:0:0:0:0|0:0:0:0:0|0:0:0:0:0|0:0:0:0:0","759421758207090123:0:0",180000,180000,180000,180000,2000,real,1000,0,0,0,0,5,0,0,0,0,100,183258,181664,262205,265046,6,5,44,45,45,45,45,0,25,14,0,10,0,0,0,0,10,0,0,0,1,0,0
0,11035599632239074058,2026,5217400152005171972,team_b_wins,1,game_over,98,3,"independent;pvs;8;0;1;1;-50;200;1;20;25;3;2;1;3;3;2;0;3;3;1;3;150;150;600;1;1000;4;1;8;100;50;1","shared_value;pvs;8;0;1;1;-50;200;1;20;25;3;2;1;3;3;2;0;3;3;1;3;150;150;600;1;1000;4;1;8;100;50;1","sacrifice;pvs;8;0;1;1;-50;200;1;20;25;3;2;1;3;3;2;0;3;3;1;3;150;150;600;1;1000;4;1;8;100;50;1","shared_value;pvs;8;0;1;1;-50;200;1;20;25;3;2;1;3;3;2;0;3;3;1;3;150;150;600;1;1000;4;1;8;100;50;1","rnbqkbnr/pppppppp/8/8/8/8/PPPPPPPP/RNBQKBNR w KQkq - 0 1","rnbqkbnr/pppppppp/8/8/8/8/PPPPPPPP/RNBQKBNR w KQkq - 0 1","0:0:0:0:0|0:0:0:0:0|0:0:0:0:0|0:0:0:0:0","759421758207090123:0:0",180000,180000,180000,180000,2000,real,1000,0,0,0,0,5,0,0,0,0,100,135501,161434,131732,149371,26,26,23,23,0,0,0,0,25,10,0,5,0,0,0,0,15,0,0,0,13,2,0.153846
0,11035599632239068362,2026,5217400152005171973,ongoing,-1,ply_limit,100,0,"independent;pvs;8;0;1;1;-50;200;1;20;25;3;2;1;3;3;2;0;3;3;1;3;150;150;600;1;1000;4;1;8;100;50;1","shared_value;pvs;8;0;1;1;-50;200;1;20;25;3;2;1;3;3;2;0;3;3;1;3;150;150;600;1;1000;4;1;8;100;50;1","sacrifice;pvs;8;0;1;1;-50;200;1;20;25;3;2;1;3;3;2;0;3;3;1;3;150;150;600;1;1000;4;1;8;100;50;1","sacrifice;pvs;8;0;1;1;-50;200;1;20;25;3;2;1;3;3;2;0;3;3;1;3;150;150;600;1;1000;4;1;8;100;50;1","rnbqkbnr/pppppppp/8/8/8/8/PPPPPPPP/RNBQKBNR w KQkq - 0 1","rnbqkbnr/pppppppp/8/8/8/8/PPPPPPPP/RNBQKBNR w KQkq - 0 1","0:0:0:0:0|0:0:0:0:0|0:0:0:0:0|0:0:0:0:0","759421758207090123:0:0",180000,180000,180000,180000,2000,real,1000,0,0,0,0,5,0,0,0,0,100,183299,181722,262299,264510,6,5,44,45,0,0,0,0,20,52,1,29,2,1,0,0,10,0,0,0,1,0,0
0,11035599632242478068,2026,5217400152005159730,ongoing,-1,ply_limit,100,0,"independent;pvs;8;0;1;1;-50;200;1;20;25;3;2;1;3;3;2;0;3;3;1;3;150;150;600;1;1000;4;1;8;100;50;1","sacrifice;pvs;8;0;1;1;-50;200;1;20;25;3;2;1;3;3;2;0;3;3;1;3;150;150;600;1;1000;4;1;8;100;50;1","independent;pvs;8;0;1;1;-50;200;1;20;25;3;2;1;3;3;2;0;3;3;1;3;150;150;600;1;1000;4;1;8;100;50;1","independent;pvs;8;0;1;1;-50;200;1;20;25;3;2;1;3;3;2;0;3;3;1;3;150;150;600;1;1000;4;1;8;100;50;1","rnbqkbnr/pppppppp/8/8/8/8/PPPPPPPP/RNBQKBNR w KQkq - 0 1","rnbqkbnr/pppppppp/8/8/8/8/PPPPPPPP/RNBQKBNR w KQkq - 0 1","0:0:0:0:0|0:0:0:0:0|0:0:0:0:0|0:0:0:0:0","759421758207090123:0:0",180000,180000,180000,180000,2000,real,1000,0,0,0,0,5,0,0,0,0,100,179688,178407,240792,244825,10,9,40,41,0,0,0,0,23,0,0,0,0,0,0,0,12,0,0,0,3,0,0
0,11035599632242477879,2026,5217400152005159731,team_b_wins,1,game_over,88,0,"independent;pvs;8;0;1;1;-50;200;1;20;25;3;2;1;3;3;2;0;3;3;1;3;150;150;600;1;1000;4;1;8;100;50;1","sacrifice;pvs;8;0;1;1;-50;200;1;20;25;3;2;1;3;3;2;0;3;3;1;3;150;150;600;1;1000;4;1;8;100;50;1","independent;pvs;8;0;1;1;-50;200;1;20;25;3;2;1;3;3;2;0;3;3;1;3;150;150;600;1;1000;4;1;8;100;50;1","request;pvs;8;0;1;1;-50;200;1;20;25;3;2;1;3;3;2;0;3;3;1;3;150;150;600;1;1000;4;1;8;100;50;1","rnbqkbnr/pppppppp/8/8/8/8/PPPPPPPP/RNBQKBNR w KQkq - 0 1","rnbqkbnr/pppppppp/8/8/8/8/PPPPPPPP/RNBQKBNR w KQkq - 0 1","0:0:0:0:0|0:0:0:0:0|0:0:0:0:0|0:0:0:0:0","759421758207090123:0:0",180000,180000,180000,180000,2000,real,1000,0,0,0,0,5,0,0,0,0,100,233529,233165,178117,183996,35,35,9,9,9,9,9,2,22,7,0,4,0,0,0,0,12,0,0,0,3,0,0
0,11035599632242477942,2026,5217400152005159732,team_a_wins,0,game_over,92,0,"independent;pvs;8;0;1;1;-50;200;1;20;25;3;2;1;3;3;2;0;3;3;1;3;150;150;600;1;1000;4;1;8;100;50;1","sacrifice;pvs;8;0;1;1;-50;200;1;20;25;3;2;1;3;3;2;0;3;3;1;3;150;150;600;1;1000;4;1;8;100;50;1","independent;pvs;8;0;1;1;-50;200;1;20;25;3;2;1;3;3;2;0;3;3;1;3;150;150;600;1;1000;4;1;8;100;50;1","shared_value;pvs;8;0;1;1;-50;200;1;20;25;3;2;1;3;3;2;0;3;3;1;3;150;150;600;1;1000;4;1;8;100;50;1","rnbqkbnr/pppppppp/8/8/8/8/PPPPPPPP/RNBQKBNR w KQkq - 0 1","rnbqkbnr/pppppppp/8/8/8/8/PPPPPPPP/RNBQKBNR w KQkq - 0 1","0:0:0:0:0|0:0:0:0:0|0:0:0:0:0|0:0:0:0:0","759421758207090123:0:0",180000,180000,180000,180000,2000,real,1000,0,0,0,0,5,0,0,0,0,100,257351,254595,181772,183035,41,40,5,6,0,0,0,0,21,6,0,3,0,0,0,0,11,1,3,0.0681818,1,0,0
0,11035599632242480270,2026,5217400152005159733,team_b_wins,1,game_over,88,0,"independent;pvs;8;0;1;1;-50;200;1;20;25;3;2;1;3;3;2;0;3;3;1;3;150;150;600;1;1000;4;1;8;100;50;1","sacrifice;pvs;8;0;1;1;-50;200;1;20;25;3;2;1;3;3;2;0;3;3;1;3;150;150;600;1;1000;4;1;8;100;50;1","independent;pvs;8;0;1;1;-50;200;1;20;25;3;2;1;3;3;2;0;3;3;1;3;150;150;600;1;1000;4;1;8;100;50;1","sacrifice;pvs;8;0;1;1;-50;200;1;20;25;3;2;1;3;3;2;0;3;3;1;3;150;150;600;1;1000;4;1;8;100;50;1","rnbqkbnr/pppppppp/8/8/8/8/PPPPPPPP/RNBQKBNR w KQkq - 0 1","rnbqkbnr/pppppppp/8/8/8/8/PPPPPPPP/RNBQKBNR w KQkq - 0 1","0:0:0:0:0|0:0:0:0:0|0:0:0:0:0|0:0:0:0:0","759421758207090123:0:0",180000,180000,180000,180000,2000,real,1000,0,0,0,0,5,0,0,0,0,100,233453,233355,178139,184238,35,35,9,9,0,0,0,0,22,16,0,12,0,0,0,0,12,0,0,0,3,0,0
0,11035599632242490599,2026,5217400152005159795,team_b_wins,1,game_over,96,0,"independent;pvs;8;0;1;1;-50;200;1;20;25;3;2;1;3;3;2;0;3;3;1;3;150;150;600;1;1000;4;1;8;100;50;1","sacrifice;pvs;8;0;1;1;-50;200;1;20;25;3;2;1;3;3;2;0;3;3;1;3;150;150;600;1;1000;4;1;8;100;50;1","request;pvs;8;0;1;1;-50;200;1;20;25;3;2;1;3;3;2;0;3;3;1;3;150;150;600;1;1000;4;1;8;100;50;1","independent;pvs;8;0;1;1;-50;200;1;20;25;3;2;1;3;3;2;0;3;3;1;3;150;150;600;1;1000;4;1;8;100;50;1","rnbqkbnr/pppppppp/8/8/8/8/PPPPPPPP/RNBQKBNR w KQkq - 0 1","rnbqkbnr/pppppppp/8/8/8/8/PPPPPPPP/RNBQKBNR w KQkq - 0 1","0:0:0:0:0|0:0:0:0:0|0:0:0:0:0|0:0:0:0:0","759421758207090123:0:0",180000,180000,180000,180000,2000,real,1000,0,0,0,0,5,0,0,0,0,100,157432,154961,139934,136618,29,28,19,20,19,19,19,2,22,29,0,18,0,0,0,0,16,1,4,0.0625,8,3,0.375
0,11035599632242490404,2026,5217400152005159794,ongoing,-1,ply_limit,100,0,"independent;pvs;8;0;1;1;-50;200;1;20;25;3;2;1;3;3;2;0;3;3;1;3;150;150;600;1;1000;4;1;8;100;50;1","sacrifice;pvs;8;0;1;1;-50;200;1;20;25;3;2;1;3;3;2;0;3;3;1;3;150;150;600;1;1000;4;1;8;100;50;1","request;pvs;8;0;1;1;-50;200;1;20;25;3;2;1;3;3;2;0;3;3;1;3;150;150;600;1;1000;4;1;8;100;50;1","request;pvs;8;0;1;1;-50;200;1;20;25;3;2;1;3;3;2;0;3;3;1;3;150;150;600;1;1000;4;1;8;100;50;1","rnbqkbnr/pppppppp/8/8/8/8/PPPPPPPP/RNBQKBNR w KQkq - 0 1","rnbqkbnr/pppppppp/8/8/8/8/PPPPPPPP/RNBQKBNR w KQkq - 0 1","0:0:0:0:0|0:0:0:0:0|0:0:0:0:0|0:0:0:0:0","759421758207090123:0:0",180000,180000,180000,180000,2000,real,1000,0,0,0,0,5,0,0,0,0,100,208273,203171,156417,154479,38,37,12,13,25,25,25,2,23,14,0,11,1,0,0,0,13,1,2,0.0384615,11,1,0.0909091
0,11035599632242475902,2026,5217400152005159797,team_b_wins,1,game_over,94,0,"independent;pvs;8;0;1;1;-50;200;1;20;25;3;2;1;3;3;2;0;3;3;1;3;150;150;600;1;1000;4;1;8;100;50;1","sacrifice;pvs;8;0;1;1;-50;200;1;20;25;3;2;1;3;3;2;0;3;3;1;3;150;150;600;1;1000;4;1;8;100;50;1","request;pvs;8;0;1;1;-50;200;1;20;25;3;2;1;3;3;2;0;3;3;1;3;150;150;600;1;1000;4;1;8;100;50;1","shared_value;pvs;8;0;1;1;-50;200;1;20;25;3;2;1;3;3;2;0;3;3;1;3;150;150;600;1;1000;4;1;8;100;50;1","rnbqkbnr/pppppppp/8/8/8/8/PPPPPPPP/RNBQKBNR w KQkq - 0 1","rnbqkbnr/pppppppp/8/8/8/8/PPPPPPPP/RNBQKBNR w KQkq - 0 1","0:0:0:0:0|0:0:0:0:0|0:0:0:0:0|0:0:0:0:0","759421758207090123:0:0",180000,180000,180000,180000,2000,real,1000,0,0,0,0,5,0,0,0,0,100,161341,161815,204614,196081,15,14,32,33,32,32,32,0,25,3,0,3,0,0,0,0,15,1,4,0.0666667,6,0,0
0,11035599632242490534,2026,5217400152005159796,team_b_wins,1,game_over,81,0,"independent;pvs;8;0;1;1;-50;200;1;20;25;3;2;1;3;3;2;0;3;3;1;3;150;150;600;1;1000;4;1;8;100;50;1","sacrifice;pvs;8;0;1;1;-50;200;1;20;25;3;2;1;3;3;2;0;3;3;1;3;150;150;600;1;1000;4;1;8;100;50;1","request;pvs;8;0;1;1;-50;200;1;20;25;3;2;1;3;3;2;0;3;3;1;3;150;150;600;1;1000;4;1;8;100;50;1","sacrifice;pvs;8;0;1;1;-50;200;1;20;25;3;2;1;3;3;2;0;3;3;1;3;150;150;600;1;1000;4;1;8;100;50;1","rnbqkbnr/pppppppp/8/8/8/8/PPPPPPPP/RNBQKBNR w KQkq - 0 1","rnbqkbnr/pppppppp/8/8/8/8/PPPPPPPP/RNBQKBNR w KQkq - 0 1","0:0:0:0:0|0:0:0:0:0|0:0:0:0:0|0:0:0:0:0","759421758207090123:0:0",180000,180000,180000,180000,2000,real,1000,0,0,0,0,5,0,0,0,0,100,218260,212227,170077,169214,31,31,9,10,9,9,9,1,16,16,0,14,1,0,0,0,10,0,0,0,4,0,0
0,11035599632242507359,2026,5217400152005159600,ongoing,-1,ply_limit,100,0,"independent;pvs;8;0;1;1;-50;200;1;20;25;3;2;1;3;3;2;0;3;3;1;3;150;150;600;1;1000;4;1;8;100;50;1","sacrifice;pvs;8;0;1;1;-50;200;1;20;25;3;2;1;3;3;2;0;3;3;1;3;150;150;600;1;1000;4;1;8;100;50;1","shared_value;pvs;8;0;1;1;-50;200;1;20;25;3;2;1;3;3;2;0;3;3;1;3;150;150;600;1;1000;4;1;8;100;50;1","independent;pvs;8;0;1;1;-50;200;1;20;25;3;2;1;3;3;2;0;3;3;1;3;150;150;600;1;1000;4;1;8;100;50;1","rnbqkbnr/pppppppp/8/8/8/8/PPPPPPPP/RNBQKBNR w KQkq - 0 1","rnbqkbnr/pppppppp/8/8/8/8/PPPPPPPP/RNBQKBNR w KQkq - 0 1","0:0:0:0:0|0:0:0:0:0|0:0:0:0:0|0:0:0:0:0","759421758207090123:0:0",180000,180000,180000,180000,2000,real,1000,0,0,0,0,5,0,0,0,0,100,264819,261784,181648,183186,45,44,5,6,0,0,0,0,22,5,0,2,0,0,0,0,10,0,0,0,1,0,0
0,11035599632242502421,2026,5217400152005159601,ongoing,-1,ply_limit,100,0,"independent;pvs;8;0;1;1;-50;200;1;20;25;3;2;1;3;3;2;0;3;3;1;3;150;150;600;1;1000;4;1;8;100;50;1","sacrifice;pvs;8;0;1;1;-50;200;1;20;25;3;2;1;3;3;2;0;3;3;1;3;150;150;600;1;1000;4;1;8;100;50;1","shared_value;pvs;8;0;1;1;-50;200;1;20;25;3;2;1;3;3;2;0;3;3;1;3;150;150;600;1;1000;4;1;8;100;50;1","request;pvs;8;0;1;1;-50;200;1;20;25;3;2;1;3;3;2;0;3;3;1;3;150;150;600;1;1000;4;1;8;100;50;1","rnbqkbnr/pppppppp/8/8/8/8/PPPPPPPP/RNBQKBNR w KQkq - 0 1","rnbqkbnr/pppppppp/8/8/8/8/PPPPPPPP/RNBQKBNR w KQkq - 0 1","0:0:0:0:0|0:0:0:0:0|0:0:0:0:0|0:0:0:0:0","759421758207090123:0:0",180000,180000,180000,180000,2000,real,1000,0,0,0,0,5,0,0,0,0,100,265778,264526,181670,188446,45,45,5,5,5,5,5,1,19,23,0,14,0,0,0,0,10,0,0,0,0,0,0
0,11035599632242505135,2026,5217400152005159606,draw,-1,game_over,78,0,"independent;pvs;8;0;1;1;-50;200;1;20;25;3;2;1;3;3;2;0;3;3;1;3;150;150;600;1;1000;4;1;8;100;50;1","sacrifice;pvs;8;0;1;1;-50;200;1;20;25;3;2;1;3;3;2;0;3;3;1;3;150;150;600;1;1000;4;1;8;100;50;1","shared_value;pvs;8;0;1;1;-50;200;1;20;25;3;2;1;3;3;2;0;3;3;1;3;150;150;600;1;1000;4;1;8;100;50;1","shared_value;pvs;8;0;1;1;-50;200;1;20;25;3;2;1;3;3;2;0;3;3;1;3;150;150;600;1;1000;4;1;8;100;50;1","rnbqkbnr/pppppppp/8/8/8/8/PPPPPPPP/RNBQKBNR w KQkq - 0 1","rnbqkbnr/pppppppp/8/8/8/8/PPPPPPPP/RNBQKBNR w KQkq - 0 1","0:0:0:0:0|0:0:0:0:0|0:0:0:0:0|0:0:0:0:0","759421758207090123:0:0",180000,180000,180000,180000,2000,real,1000,0,0,0,0,5,0,0,0,0,100,244067,241206,184409,183438,34,33,5,6,0,0,0,0,17,9,0,5,0,0,0,0,9,0,0,0,0,0,0
0,11035599632242504940,2026,5217400152005159607,draw,-1,game_over,89,0,"independent;pvs;8;0;1;1;-50;200;1;20;25;3;2;1;3;3;2;0;3;3;1;3;150;150;600;1;1000;4;1;8;100;50;1","sacrifice;pvs;8;0;1;1;-50;200;1;20;25;3;2;1;3;3;2;0;3;3;1;3;150;150;600;1;1000;4;1;8;100;50;1","shared_value;pvs;8;0;1;1;-50;200;1;20;25;3;2;1;3;3;2;0;3;3;1;3;150;150;600;1;1000;4;1;8;100;50;1","sacrifice;pvs;8;0;1;1;-50;200;1;20;25;3;2;1;3;3;2;0;3;3;1;3;150;150;600;1;1000;4;1;8;100;50;1","rnbqkbnr/pppppppp/8/8/8/8/PPPPPPPP/RNBQKBNR w KQkq - 0 1","rnbqkbnr/pppppppp/8/8/8/8/PPPPPPPP/RNBQKBNR w KQkq - 0 1","0:0:0:0:0|0:0:0:0:0|0:0:0:0:0|0:0:0:0:0","759421758207090123:0:0",180000,180000,180000,180000,2000,real,1000,0,0,0,0,5,0,0,0,0,100,253170,251140,182448,187007,39,38,6,6,0,0,0,0,21,23,1,16,3,1,0,0,10,0,0,0,0,0,0
0,11035599632242482117,2026,5217400152005159665,team_a_wins,0,game_over,88,0,"independent;pvs;8;0;1;1;-50;200;1;20;25;3;2;1;3;3;2;0;3;3;1;3;150;150;600;1;1000;4;1;8;100;50;1","sacrifice;pvs;8;0;1;1;-50;200;1;20;25;3;2;1;3;3;2;0;3;3;1;3;150;150;600;1;1000;4;1;8;100;50;1","sacrifice;pvs;8;0;1;1;-50;200;1;20;25;3;2;1;3;3;2;0;3;3;1;3;150;150;600;1;1000;4;1;8;100;50;1","independent;pvs;8;0;1;1;-50;200;1;20;25;3;2;1;3;3;2;0;3;3;1;3;150;150;600;1;1000;4;1;8;100;50;1","rnbqkbnr/pppppppp/8/8/8/8/PPPPPPPP/RNBQKBNR w KQkq - 0 1","rnbqkbnr/pppppppp/8/8/8/8/PPPPPPPP/RNBQKBNR w KQkq - 0 1","0:0:0:0:0|0:0:0:0:0|0:0:0:0:0|0:0:0:0:0","759421758207090123:0:0",180000,180000,180000,180000,2000,real,1000,0,0,0,0,5,0,0,0,0,100,184598,178161,233602,233878,9,9,35,35,0,0,0,0,22,7,0,4,0,0,0,0,12,0,0,0,3,0,0
0,11035599632242503407,2026,5217400152005159664,team_b_wins,1,game_over,88,0,"independent;pvs;8;0;1;1;-50;200;1;20;25;3;2;1;3;3;2;0;3;3;1;3;150;150;600;1;1000;4;1;8;100;50;1","sacrifice;pvs;8;0;1;1;-50;200;1;20;25;3;2;1;3;3;2;0;3;3;1;3;150;150;600;1;1000;4;1;8;100;50;1","sacrifice;pvs;8;0;1;1;-50;200;1;20;25;3;2;1;3;3;2;0;3;3;1;3;150;150;600;1;1000;4;1;8;100;50;1","request;pvs;8;0;1;1;-50;200;1;20;25;3;2;1;3;3;2;0;3;3;1;3;150;150;600;1;1000;4;1;8;100;50;1","rnbqkbnr/pppppppp/8/8/8/8/PPPPPPPP/RNBQKBNR w KQkq - 0 1","rnbqkbnr/pppppppp/8/8/8/8/PPPPPPPP/RNBQKBNR w KQkq - 0 1","0:0:0:0:0|0:0:0:0:0|0:0:0:0:0|0:0:0:0:0","759421758207090123:0:0",180000,180000,180000,180000,2000,real,1000,0,0,0,0,5,0,0,0,0,100,233884,233569,178239,184346,35,35,9,9,9,9,9,2,22,7,0,4,0,0,0,0,12,0,0,0,3,0,0
0,11035599632242500700,2026,5217400152005159671,draw,-1,game_over,65,0,"independent;pvs;8;0;1;1;-50;200;1;20;25;3;2;1;3;3;2;0;3;3;1;3;150;150;600;1;1000;4;1;8;100;50;1","sacrifice;pvs;8;0;1;1;-50;200;1;20;25;3;2;1;3;3;2;0;3;3;1;3;150;150;600;1;1000;4;1;8;100;50;1","sacrifice;pvs;8;0;1;1;-50;200;1;20;25;3;2;1;3;3;2;0;3;3;1;3;150;150;600;1;1000;4;1;8;100;50;1","shared_value;pvs;8;0;1;1;-50;200;1;20;25;3;2;1;3;3;2;0;3;3;1;3;150;150;600;1;1000;4;1;8;100;50;1","rnbqkbnr/pppppppp/8/8/8/8/PPPPPPPP/RNBQKBNR w KQkq - 0 1","rnbqkbnr/pppppppp/8/8/8/8/PPPPPPPP/RNBQKBNR w KQkq - 0 1","0:0:0:0:0|0:0:0:0:0|0:0:0:0:0|0:0:0:0:0","759421758207090123:0:0",180000,180000,180000,180000,2000,real,1000,0,0,0,0,5,0,0,0,0,100,232877,230326,181741,188341,28,27,5,5,0,0,0,0,13,11,0,9,0,0,0,0,9,1,4,0.111111,1,0,0
0,11035599632242500767,2026,5217400152005159670,team_a_wins,0,game_over,88,0,"independent;pvs;8;0;1;1;-50;200;1;20;25;3;2;1;3;3;2;0;3;3;1;3;150;150;600;1;1000;4;1;8;100;50;1","sacrifice;pvs;8;0;1;1;-50;200;1;20;25;3;2;1;3;3;2;0;3;3;1;3;150;150;600;1;1000;4;1;8;100;50;1","sacrifice;pvs;8;0;1;1;-50;200;1;20;25;3;2;1;3;3;2;0;3;3;1;3;150;150;600;1;1000;4;1;8;100;50;1","sacrifice;pvs;8;0;1;1;-50;200;1;20;25;3;2;1;3;3;2;0;3;3;1;3;150;150;600;1;1000;4;1;8;100;50;1","rnbqkbnr/pppppppp/8/8/8/8/PPPPPPPP/RNBQKBNR w KQkq - 0 1","rnbqkbnr/pppppppp/8/8/8/8/PPPPPPPP/RNBQKBNR w KQkq - 0 1","0:0:0:0:0|0:0:0:0:0|0:0:0:0:0|0:0:0:0:0","759421758207090123:0:0",180000,180000,180000,180000,2000,real,1000,0,0,0,0,5,0,0,0,0,100,184674,178223,233757,233605,9,9,35,35,0,0,0,0,22,13,0,9,0,0,0,0,12,0,0,0,3,0,0
0,11035599632291152292,2026,5217400152003869042,ongoing,-1,ply_limit,100,0,"request;pvs;8;0;1;1;-50;200;1;20;25;3;2;1;3;3;2;0;3;3;1;3;150;150;600;1;1000;4;1;8;100;50;1","independent;pvs;8;0;1;1;-50;200;1;20;25;3;2;1;3;3;2;0;3;3;1;3;150;150;600;1;1000;4;1;8;100;50;1","independent;pvs;8;0;1;1;-50;200;1;20;25;3;2;1;3;3;2;0;3;3;1;3;150;150;600;1;1000;4;1;8;100;50;1","independent;pvs;8;0;1;1;-50;200;1;20;25;3;2;1;3;3;2;0;3;3;1;3;150;150;600;1;1000;4;1;8;100;50;1","rnbqkbnr/pppppppp/8/8/8/8/PPPPPPPP/RNBQKBNR w KQkq - 0 1","rnbqkbnr/pppppppp/8/8/8/8/PPPPPPPP/RNBQKBNR w KQkq - 0 1","0:0:0:0:0|0:0:0:0:0|0:0:0:0:0|0:0:0:0:0","759421758207090123:0:0",180000,180000,180000,180000,2000,real,1000,0,0,0,0,5,0,0,0,0,100,179345,178312,240573,244450,10,9,40,41,10,10,10,2,23,0,0,0,0,0,0,0,12,0,0,0,3,0,0
0,11035599632291153640,2026,5217400152003869053,ongoing,-1,ply_limit,100,4,"request;pvs;8;0;1;1;-50;200;1;20;25;3;2;1;3;3;2;0;3;3;1;3;150;150;600;1;1000;4;1;8;100;50;1","independent;pvs;8;0;1;1;-50;200;1;20;25;3;2;1;3;3;2;0;3;3;1;3;150;150;600;1;1000;4;1;8;100;50;1","independent;pvs;8;0;1;1;-50;200;1;20;25;3;2;1;3;3;2;0;3;3;1;3;150;150;600;1;1000;4;1;8;100;50;1","request;pvs;8;0;1;1;-50;200;1;20;25;3;2;1;3;3;2;0;3;3;1;3;150;150;600;1;1000;4;1;8;100;50;1","rnbqkbnr/pppppppp/8/8/8/8/PPPPPPPP/RNBQKBNR w KQkq - 0 1","rnbqkbnr/pppppppp/8/8/8/8/PPPPPPPP/RNBQKBNR w KQkq - 0 1","0:0:0:0:0|0:0:0:0:0|0:0:0:0:0|0:0:0:0:0","759421758207090123:0:0",180000,180000,180000,180000,2000,real,1000,0,0,0,0,5,0,0,0,0,100,141340,138624,128257,128675,28,28,22,22,50,50,50,0,19,0,0,0,0,0,0,0,9,0,0,0,6,0,0
0,11035599632291152940,2026,5217400152003869052,ongoing,-1,ply_limit,100,0,"request;pvs;8;0;1;1;-50;200;1;20;25;3;2;1;3;3;2;0;3;3;1;3;150;150;600;1;1000;4;1;8;100;50;1","independent;pvs;8;0;1;1;-50;200;1;20;25;3;2;1;3;3;2;0;3;3;1;3;150;150;600;1;1000;4;1;8;100;50;1","independent;pvs;8;0;1;1;-50;200;1;20;25;3;2;1;3;3;2;0;3;3;1;3;150;150;600;1;1000;4;1;8;100;50;1","shared_value;pvs;8;0;1;1;-50;200;1;20;25;3;2;1;3;3;2;0;3;3;1;3;150;150;600;1;1000;4;1;8;100;50;1","rnbqkbnr/pppppppp/8/8/8/8/PPPPPPPP/RNBQKBNR w KQkq - 0 1","rnbqkbnr/pppppppp/8/8/8/8/PPPPPPPP/RNBQKBNR w KQkq - 0 1","0:0:0:0:0|0:0:0:0:0|0:0:0:0:0|0:0:0:0:0","759421758207090123:0:0",180000,180000,180000,180000,2000,real,1000,0,0,0,0,5,0,0,0,0,100,183884,182096,262536,256925,6,6,44,44,6,6,6,1,23,0,0,0,0,0,0,0,10,0,0,0,0,0,0
0,11035599632291153770,2026,5217400152003869055,ongoing,-1,ply_limit,100,0,"request;pvs;8;0;1;1;-50;200;1;20;25;3;2;1;3;3;2;0;3;3;1;3;150;150;600;1;1000;4;1;8;100;50;1","independent;pvs;8;0;1;1;-50;200;1;20;25;3;2;1;3;3;2;0;3;3;1;3;150;150;600;1;1000;4;1;8;100;50;1","independent;pvs;8;0;1;1;-50;200;1;20;25;3;2;1;3;3;2;0;3;3;1;3;150;150;600;1;1000;4;1;8;100;50;1","sacrifice;pvs;8;0;1;1;-50;200;1;20;25;3;2;1;3;3;2;0;3;3;1;3;150;150;600;1;1000;4;1;8;100;50;1","rnbqkbnr/pppppppp/8/8/8/8/PPPPPPPP/RNBQKBNR w KQkq - 0 1","rnbqkbnr/pppppppp/8/8/8/8/PPPPPPPP/RNBQKBNR w KQkq - 0 1","0:0:0:0:0|0:0:0:0:0|0:0:0:0:0|0:0:0:0:0","759421758207090123:0:0",180000,180000,180000,180000,2000,real,1000,0,0,0,0,5,0,0,0,0,100,169946,173295,231433,231651,11,10,39,40,11,11,11,2,25,7,0,5,0,0,0,0,11,0,0,0,6,0,0
0,11035599632291107349,2026,5217400152003870385,team_a_wins,0,game_over,79,0,"request;pvs;8;0;1;1;-50;200;1;20;25;3;2;1;3;3;2;0;3;3;1;3;150;150;600;1;1000;4;1;8;100;50;1","independent;pvs;8;0;1;1;-50;200;1;20;25;3;2;1;3;3;2;0;3;3;1;3;150;150;600;1;1000;4;1;8;100;50;1","request;pvs;8;0;1;1;-50;200;1;20;25;3;2;1;3;3;2;0;3;3;1;3;150;150;600;1;1000;4;1;8;100;50;1","independent;pvs;8;0;1;1;-50;200;1;20;25;3;2;1;3;3;2;0;3;3;1;3;150;150;600;1;1000;4;1;8;100;50;1","rnbqkbnr/pppppppp/8/8/8/8/PPPPPPPP/RNBQKBNR w KQkq - 0 1","rnbqkbnr/pppppppp/8/8/8/8/PPPPPPPP/RNBQKBNR w KQkq - 0 1","0:0:0:0:0|0:0:0:0:0|0:0:0:0:0|0:0:0:0:0","759421758207090123:0:0",180000,180000,180000,180000,2000,real,1000,0,0,0,0,5,0,0,0,0,100,226067,224600,177414,178962,32,31,8,8,40,40,40,1,20,0,0,0,0,0,0,0,10,0,0,0,5,0,0
0,11035599632291107161,2026,5217400152003870398,team_a_wins,0,game_over,79,0,"request;pvs;8;0;1;1;-50;200;1;20;25;3;2;1;3;3;2;0;3;3;1;3;150;150;600;1;1000;4;1;8;100;50;1","independent;pvs;8;0;1;1;-50;200;1;20;25;3;2;1;3;3;2;0;3;3;1;3;150;150;600;1;1000;4;1;8;100;50;1","request;pvs;8;0;1;1;-50;200;1;20;25;3;2;1;3;3;2;0;3;3;1;3;150;150;600;1;1000;4;1;8;100;50;1","request;pvs;8;0;1;1;-50;200;1;20;25;3;2;1;3;3;2;0;3;3;1;3;150;150;600;1;1000;4;1;8;100;50;1","rnbqkbnr/pppppppp/8/8/8/8/PPPPPPPP/RNBQKBNR w KQkq - 0 1","rnbqkbnr/pppppppp/8/8/8/8/PPPPPPPP/RNBQKBNR w KQkq - 0 1","0:0:0:0:0|0:0:0:0:0|0:0:0:0:0|0:0:0:0:0","759421758207090123:0:0",180000,180000,180000,180000,2000,real,1000,0,0,0,0,5,0,0,0,0,100,225950,224206,177116,178321,32,31,8,8,48,48,48,1,20,0,0,0,0,0,0,0,10,0,0,0,5,0,0
0,11035599632291107226,2026,5217400152003870399,team_a_wins,0,game_over,85,0,"request;pvs;8;0;1;1;-50;200;1;20;25;3;2;1;3;3;2;0;3;3;1;3;150;150;600;1;1000;4;1;8;100;50;1","independent;pvs;8;0;1;1;-50;200;1;20;25;3;2;1;3;3;2;0;3;3;1;3;150;150;600;1;1000;4;1;8;100;50;1","request;pvs;8;0;1;1;-50;200;1;20;25;3;2;1;3;3;2;0;3;3;1;3;150;150;600;1;1000;4;1;8;100;50;1","shared_value;pvs;8;0;1;1;-50;200;1;20;25;3;2;1;3;3;2;0;3;3;1;3;150;150;600;1;1000;4;1;8;100;50;1","rnbqkbnr/pppppppp/8/8/8/8/PPPPPPPP/RNBQKBNR w KQkq - 0 1","rnbqkbnr/pppppppp/8/8/8/8/PPPPPPPP/RNBQKBNR w KQkq - 0 1","0:0:0:0:0|0:0:0:0:0|0:0:0:0:0|0:0:0:0:0","759421758207090123:0:0",180000,180000,180000,180000,2000,real,1000,0,0,0,0,5,0,0,0,0,100,181061,186140,234827,236281,9,8,34,34,43,41,43,2,16,0,0,0,0,0,0,0,11,1,4,0.0909091,3,0,0
0,11035599632291107036,2026,5217400152003870396,ongoing,-1,ply_limit,100,0,"request;pvs;8;0;1;1;-50;200;1;20;25;3;2;1;3;3;2;0;3;3;1;3;150;150;600;1;1000;4;1;8;100;50;1","independent;pvs;8;0;1;1;-50;200;1;20;25;3;2;1;3;3;2;0;3;3;1;3;150;150;600;1;1000;4;1;8;100;50;1","request;pvs;8;0;1;1;-50;200;1;20;25;3;2;1;3;3;2;0;3;3;1;3;150;150;600;1;1000;4;1;8;100;50;1","sacrifice;pvs;8;0;1;1;-50;200;1;20;25;3;2;1;3;3;2;0;3;3;1;3;150;150;600;1;1000;4;1;8;100;50;1","rnbqkbnr/pppppppp/8/8/8/8/PPPPPPPP/RNBQKBNR w KQkq - 0 1","rnbqkbnr/pppppppp/8/8/8/8/PPPPPPPP/RNBQKBNR w KQkq - 0 1","0:0:0:0:0|0:0:0:0:0|0:0:0:0:0|0:0:0:0:0","759421758207090123:0:0",180000,180000,180000,180000,2000,real,1000,0,0,0,0,5,0,0,0,0,100,169886,170635,142780,142407,32,32,18,18,50,50,50,2,26,6,0,6,0,0,0,0,14,0,0,0,8,1,0.125
0,11035599632291114479,2026,5217400152003870448,draw,-1,game_over,81,0,"request;pvs;8;0;1;1;-50;200;1;20;25;3;2;1;3;3;2;0;3;3;1;3;150;150;600;1;1000;4;1;8;100;50;1","independent;pvs;8;0;1;1;-50;200;1;20;25;3;2;1;3;3;2;0;3;3;1;3;150;150;600;1;1000;4;1;8;100;50;1","shared_value;pvs;8;0;1;1;-50;200;1;20;25;3;2;1;3;3;2;0;3;3;1;3;150;150;600;1;1000;4;1;8;100;50;1","independent;pvs;8;0;1;1;-50;200;1;20;25;3;2;1;3;3;2;0;3;3;1;3;150;150;600;1;1000;4;1;8;100;50;1","rnbqkbnr/pppppppp/8/8/8/8/PPPPPPPP/RNBQKBNR w KQkq - 0 1","rnbqkbnr/pppppppp/8/8/8/8/PPPPPPPP/RNBQKBNR w KQkq - 0 1","0:0:0:0:0|0:0:0:0:0|0:0:0:0:0|0:0:0:0:0","759421758207090123:0:0",180000,180000,180000,180000,2000,real,1000,0,0,0,0,5,0,0,0,0,100,248572,247105,181816,188757,36,35,5,5,36,36,36,0,14,0,0,0,0,0,0,0,8,0,0,0,0,0,0
0,11035599632291111242,2026,5217400152003870463,draw,-1,game_over,81,0,"request;pvs;8;0;1;1;-50;200;1;20;25;3;2;1;3;3;2;0;3;3;1;3;150;150;600;1;1000;4;1;8;100;50;1","independent;pvs;8;0;1;1;-50;200;1;20;25;3;2;1;3;3;2;0;3;3;1;3;150;150;600;1;1000;4;1;8;100;50;1","shared_value;pvs;8;0;1;1;-50;200;1;20;25;3;2;1;3;3;2;0;3;3;1;3;150;150;600;1;1000;4;1;8;100;50;1","request;pvs;8;0;1;1;-50;200;1;20;25;3;2;1;3;3;2;0;3;3;1;3;150;150;600;1;1000;4;1;8;100;50;1","rnbqkbnr/pppppppp/8/8/8/8/PPPPPPPP/RNBQKBNR w KQkq - 0 1","rnbqkbnr/pppppppp/8/8/8/8/PPPPPPPP/RNBQKBNR w KQkq - 0 1","0:0:0:0:0|0:0:0:0:0|0:0:0:0:0|0:0:0:0:0","759421758207090123:0:0",180000,180000,180000,180000,2000,real,1000,0,0,0,0,5,0,0,0,0,100,248573,247092,181819,188680,36,35,5,5,41,41,41,1,14,0,0,0,0,0,0,0,8,0,0,0,0,0,0
0,11035599632291111305,2026,5217400152003870462,team_a_wins,0,game_over,19,0,"request;pvs;8;0;1;1;-50;200;1;20;25;3;2;1;3;3;2;0;3;3;1;3;150;150;600;1;1000;4;1;8;100;50;1","independent;pvs;8;0;1;1;-50;200;1;20;25;3;2;1;3;3;2;0;3;3;1;3;150;150;600;1;1000;4;1;8;100;50;1","shared_value;pvs;8;0;1;1;-50;200;1;20;25;3;2;1;3;3;2;0;3;3;1;3;150;150;600;1;1000;4;1;8;100;50;1","shared_value;pvs;8;0;1;1;-50;200;1;20;25;3;2;1;3;3;2;0;3;3;1;3;150;150;600;1;1000;4;1;8;100;50;1","rnbqkbnr/pppppppp/8/8/8/8/PPPPPPPP/RNBQKBNR w KQkq - 0 1","rnbqkbnr/pppppppp/8/8/8/8/PPPPPPPP/RNBQKBNR w KQkq - 0 1","0:0:0:0:0|0:0:0:0:0|0:0:0:0:0|0:0:0:0:0","759421758207090123:0:0",180000,180000,180000,180000,2000,real,1000,0,0,0,0,5,0,0,0,0,100,189271,187439,189342,189243,5,4,5,5,5,5,5,0,1,0,0,0,0,0,0,0,1,1,4,1,1,0,0
0,11035599632291111368,2026,5217400152003870461,draw,-1,game_over,95,0,"request;pvs;8;0;1;1;-50;200;1;20;25;3;2;1;3;3;2;0;3;3;1;3;150;150;600;1;1000;4;1;8;100;50;1","independent;pvs;8;0;1;1;-50;200;1;20;25;3;2;1;3;3;2;0;3;3;1;3;150;150;600;1;1000;4;1;8;100;50;1","shared_value;pvs;8;0;1;1;-50;200;1;20;25;3;2;1;3;3;2;0;3;3;1;3;150;150;600;1;1000;4;1;8;100;50;1","sacrifice;pvs;8;0;1;1;-50;200;1;20;25;3;2;1;3;3;2;0;3;3;1;3;150;150;600;1;1000;4;1;8;100;50;1","rnbqkbnr/pppppppp/8/8/8/8/PPPPPPPP/RNBQKBNR w KQkq - 0 1","rnbqkbnr/pppppppp/8/8/8/8/PPPPPPPP/RNBQKBNR w KQkq - 0 1","0:0:0:0:0|0:0:0:0:0|0:0:0:0:0|0:0:0:0:0","759421758207090123:0:0",180000,180000,180000,180000,2000,real,1000,0,0,0,0,5,0,0,0,0,100,262352,260252,181429,188656,43,42,5,5,43,43,43,0,18,3,0,3,0,0,0,0,10,0,0,0,0,0,0
0,11035599632291000975,2026,5217400152003868726,ongoing,-1,ply_limit,100,0,"request;pvs;8;0;1;1;-50;200;1;20;25;3;2;1;3;3;2;0;3;3;1;3;150;150;600;1;1000;4;1;8;100;50;1","independent;pvs;8;0;1;1;-50;200;1;20;25;3;2;1;3;3;2;0;3;3;1;3;150;150;600;1;1000;4;1;8;100;50;1","sacrifice;pvs;8;0;1;1;-50;200;1;20;25;3;2;1;3;3;2;0;3;3;1;3;150;150;600;1;1000;4;1;8;100;50;1","independent;pvs;8;0;1;1;-50;200;1;20;25;3;2;1;3;3;2;0;3;3;1;3;150;150;600;1;1000;4;1;8;100;50;1","rnbqkbnr/pppppppp/8/8/8/8/PPPPPPPP/RNBQKBNR w KQkq - 0 1","rnbqkbnr/pppppppp/8/8/8/8/PPPPPPPP/RNBQKBNR w KQkq - 0 1","0:0:0:0:0|0:0:0:0:0|0:0:0:0:0|0:0:0:0:0","759421758207090123:0:0",180000,180000,180000,180000,2000,real,1000,0,0,0,0,5,0,0,0,0,100,170693,165738,221068,219706,12,12,38,38,12,12,12,2,28,16,0,5,0,0,0,0,13,0,0,0,6,0,0
0,11035599632291001292,2026,5217400152003868727,draw,-1,game_over,99,1,"request;pvs;8;0;1;1;-50;200;1;20;25;3;2;1;3;3;2;0;3;3;1;3;150;150;600;1;1000;4;1;8;100;50;1","independent;pvs;8;0;1;1;-50;200;1;20;25;3;2;1;3;3;2;0;3;3;1;3;150;150;600;1;1000;4;1;8;100;50;1","sacrifice;pvs;8;0;1;1;-50;200;1;20;25;3;2;1;3;3;2;0;3;3;1;3;150;150;600;1;1000;4;1;8;100;50;1","request;pvs;8;0;1;1;-50;200;1;20;25;3;2;1;3;3;2;0;3;3;1;3;150;150;600;1;1000;4;1;8;100;50;1","rnbqkbnr/pppppppp/8/8/8/8/PPPPPPPP/RNBQKBNR w KQkq - 0 1","rnbqkbnr/pppppppp/8/8/8/8/PPPPPPPP/RNBQKBNR w KQkq - 0 1","0:0:0:0:0|0:0:0:0:0|0:0:0:0:0|0:0:0:0:0","759421758207090123:0:0",180000,180000,180000,180000,2000,real,1000,0,0,0,0,5,0,0,0,0,100,180107,178518,236289,236776,11,10,39,39,50,50,50,1,18,6,0,4,0,0,0,0,11,1,3,0.0681818,3,0,0
0,11035599632291000845,2026,5217400152003868728,ongoing,-1,ply_limit,100,0,"request;pvs;8;0;1;1;-50;200;1;20;25;3;2;1;3;3;2;0;3;3;1;3;150;150;600;1;1000;4;1;8;100;50;1","independent;pvs;8;0;1;1;-50;200;1;20;25;3;2;1;3;3;2;0;3;3;1;3;150;150;600;1;1000;4;1;8;100;50;1","sacrifice;pvs;8;0;1;1;-50;200;1;20;25;3;2;1;3;3;2;0;3;3;1;3;150;150;600;1;1000;4;1;8;100;50;1","shared_value;pvs;8;0;1;1;-50;200;1;20;25;3;2;1;3;3;2;0;3;3;1;3;150;150;600;1;1000;4;1;8;100;50;1","rnbqkbnr/pppppppp/8/8/8/8/PPPPPPPP/RNBQKBNR w KQkq - 0 1","rnbqkbnr/pppppppp/8/8/8/8/PPPPPPPP/RNBQKBNR w KQkq - 0 1","0:0:0:0:0|0:0:0:0:0|0:0:0:0:0|0:0:0:0:0","759421758207090123:0:0",180000,180000,180000,180000,2000,real,1000,0,0,0,0,5,0,0,0,0,100,253971,252891,176832,178204,44,43,6,7,44,44,44,0,26,1,0,1,0,0,0,0,12,0,0,0,3,0,0
0,11035599632291001727,2026,5217400152003868729,ongoing,-1,ply_limit,100,0,"request;pvs;8;0;1;1;-50;200;1;20;25;3;2;1;3;3;2;0;3;3;1;3;150;150;600;1;1000;4;1;8;100;50;1","independent;pvs;8;0;1;1;-50;200;1;20;25;3;2;1;3;3;2;0;3;3;1;3;150;150;600;1;1000;4;1;8;100;50;1","sacrifice;pvs;8;0;1;1;-50;200;1;20;25;3;2;1;3;3;2;0;3;3;1;3;150;150;600;1;1000;4;1;8;100;50;1","sacrifice;pvs;8;0;1;1;-50;200;1;20;25;3;2;1;3;3;2;0;3;3;1;3;150;150;600;1;1000;4;1;8;100;50;1","rnbqkbnr/pppppppp/8/8/8/8/PPPPPPPP/RNBQKBNR w KQkq - 0 1","rnbqkbnr/pppppppp/8/8/8/8/PPPPPPPP/RNBQKBNR w KQkq - 0 1","0:0:0:0:0|0:0:0:0:0|0:0:0:0:0|0:0:0:0:0","759421758207090123:0:0",180000,180000,180000,180000,2000,real,1000,0,0,0,0,5,0,0,0,0,100,164744,166236,216403,218950,13,12,37,38,13,13,13,1,29,19,0,9,0,0,0,0,13,0,0,0,8,0,0
0,11035599632291406618,2026,5217400152003864901,team_a_wins,0,game_over,76,2,"request;pvs;8;0;1;1;-50;200;1;20;25;3;2;1;3;3;2;0;3;3;1;3;150;150;600;1;1000;4;1;8;100;50;1","request;pvs;8;0;1;1;-50;200;1;20;25;3;2;1;3;3;2;0;3;3;1;3;150;150;600;1;1000;4;1;8;100;50;1","independent;pvs;8;0;1;1;-50;200;1;20;25;3;2;1;3;3;2;0;3;3;1;3;150;150;600;1;1000;4;1;8;100;50;1","independent;pvs;8;0;1;1;-50;200;1;20;25;3;2;1;3;3;2;0;3;3;1;3;150;150;600;1;1000;4;1;8;100;50;1","rnbqkbnr/pppppppp/8/8/8/8/PPPPPPPP/RNBQKBNR w KQkq - 0 1","rnbqkbnr/pppppppp/8/8/8/8/PPPPPPPP/RNBQKBNR w KQkq - 0 1","0:0:0:0:0|0:0:0:0:0|0:0:0:0:0|0:0:0:0:0","759421758207090123:0:0",180000,180000,180000,180000,2000,real,1000,0,0,0,0,5,0,0,0,0,100,150954,149222,166026,175048,14,14,24,24,28,28,28,3,17,0,0,0,0,0,0,0,12,0,0,0,8,0,0
0,11035599632291407322,2026,5217400152003864900,ongoing,-1,ply_limit,100,0,"request;pvs;8;0;1;1;-50;200;1;20;25;3;2;1;3;3;2;0;3;3;1;3;150;150;600;1;1000;4;1;8;100;50;1","request;pvs;8;0;1;1;-50;200;1;20;25;3;2;1;3;3;2;0;3;3;1;3;150;150;600;1;1000;4;1;8;100;50;1","independent;pvs;8;0;1;1;-50;200;1;20;25;3;2;1;3;3;2;0;3;3;1;3;150;150;600;1;1000;4;1;8;100;50;1","request;pvs;8;0;1;1;-50;200;1;20;25;3;2;1;3;3;2;0;3;3;1;3;150;150;600;1;1000;4;1;8;100;50;1","rnbqkbnr/pppppppp/8/8/8/8/PPPPPPPP/RNBQKBNR w KQkq - 0 1","rnbqkbnr/pppppppp/8/8/8/8/PPPPPPPP/RNBQKBNR w KQkq - 0 1","0:0:0:0:0|0:0:0:0:0|0:0:0:0:0|0:0:0:0:0","759421758207090123:0:0",180000,180000,180000,180000,2000,real,1000,0,0,0,0,5,0,0,0,0,100,148911,144632,183426,182806,16,16,34,34,66,66,66,5,26,0,0,0,0,0,0,0,16,0,0,0,10,1,0.1
0,11035599632291407761,2026,5217400152003864907,team_a_wins,0,game_over,75,0,"request;pvs;8;0;1;1;-50;200;1;20;25;3;2;1;3;3;2;0;3;3;1;3;150;150;600;1;1000;4;1;8;100;50;1","request;pvs;8;0;1;1;-50;200;1;20;25;3;2;1;3;3;2;0;3;3;1;3;150;150;600;1;1000;4;1;8;100;50;1","independent;pvs;8;0;1;1;-50;200;1;20;25;3;2;1;3;3;2;0;3;3;1;3;150;150;600;1;1000;4;1;8;100;50;1","shared_value;pvs;8;0;1;1;-50;200;1;20;25;3;2;1;3;3;2;0;3;3;1;3;150;150;600;1;1000;4;1;8;100;50;1","rnbqkbnr/pppppppp/8/8/8/8/PPPPPPPP/RNBQKBNR w KQkq - 0 1","rnbqkbnr/pppppppp/8/8/8/8/PPPPPPPP/RNBQKBNR w KQkq - 0 1","0:0:0:0:0|0:0:0:0:0|0:0:0:0:0|0:0:0:0:0","759421758207090123:0:0",180000,180000,180000,180000,2000,real,1000,0,0,0,0,5,0,0,0,0,100,183879,186949,240483,237048,6,5,32,32,11,11,11,1,16,0,0,0,0,0,0,0,9,0,0,0,1,0,0
0,11035599632291406930,2026,5217400152003864906,team_a_wins,0,game_over,76,2,"request;pvs;8;0;1;1;-50;200;1;20;25;3;2;1;3;3;2;0;3;3;1;3;150;150;600;1;1000;4;1;8;100;50;1","request;pvs;8;0;1;1;-50;200;1;20;25;3;2;1;3;3;2;0;3;3;1;3;150;150;600;1;1000;4;1;8;100;50;1","independent;pvs;8;0;1;1;-50;200;1;20;25;3;2;1;3;3;2;0;3;3;1;3;150;150;600;1;1000;4;1;8;100;50;1","sacrifice;pvs;8;0;1;1;-50;200;1;20;25;3;2;1;3;3;2;0;3;3;1;3;150;150;600;1;1000;4;1;8;100;50;1","rnbqkbnr/pppppppp/8/8/8/8/PPPPPPPP/RNBQKBNR w KQkq - 0 1","rnbqkbnr/pppppppp/8/8/8/8/PPPPPPPP/RNBQKBNR w KQkq - 0 1","0:0:0:0:0|0:0:0:0:0|0:0:0:0:0|0:0:0:0:0","759421758207090123:0:0",180000,180000,180000,180000,2000,real,1000,0,0,0,0,5,0,0,0,0,100,150895,149194,166776,174841,14,14,24,24,28,28,28,3,17,7,0,4,0,0,0,0,12,0,0,0,8,0,0
0,11035599632291419690,2026,5217400152003864964,team_a_wins,0,game_over,87,0,"request;pvs;8;0;1;1;-50;200;1;20;25;3;2;1;3;3;2;0;3;3;1;3;150;150;600;1;1000;4;1;8;100;50;1","request;pvs;8;0;1;1;-50;200;1;20;25;3;2;1;3;3;2;0;3;3;1;3;150;150;600;1;1000;4;1;8;100;50;1","request;pvs;8;0;1;1;-50;200;1;20;25;3;2;1;3;3;2;0;3;3;1;3;150;150;600;1;1000;4;1;8;100;50;1","independent;pvs;8;0;1;1;-50;200;1;20;25;3;2;1;3;3;2;0;3;3;1;3;150;150;600;1;1000;4;1;8;100;50;1","rnbqkbnr/pppppppp/8/8/8/8/PPPPPPPP/RNBQKBNR w KQkq - 0 1","rnbqkbnr/pppppppp/8/8/8/8/PPPPPPPP/RNBQKBNR w KQkq - 0 1","0:0:0:0:0|0:0:0:0:0|0:0:0:0:0|0:0:0:0:0","759421758207090123:0:0",180000,180000,180000,180000,2000,real,1000,0,0,0,0,5,0,0,0,0,100,234442,232530,176826,178980,36,35,8,8,79,79,79,2,18,0,0,0,0,0,0,0,13,0,0,0,4,0,0
0,11035599632291418346,2026,5217400152003864965,ongoing,-1,ply_limit,100,0,"request;pvs;8;0;1;1;-50;200;1;20;25;3;2;1;3;3;2;0;3;3;1;3;150;150;600;1;1000;4;1;8;100;50;1","request;pvs;8;0;1;1;-50;200;1;20;25;3;2;1;3;3;2;0;3;3;1;3;150;150;600;1;1000;4;1;8;100;50;1","request;pvs;8;0;1;1;-50;200;1;20;25;3;2;1;3;3;2;0;3;3;1;3;150;150;600;1;1000;4;1;8;100;50;1","request;pvs;8;0;1;1;-50;200;1;20;25;3;2;1;3;3;2;0;3;3;1;3;150;150;600;1;1000;4;1;8;100;50;1","rnbqkbnr/pppppppp/8/8/8/8/PPPPPPPP/RNBQKBNR w KQkq - 0 1","rnbqkbnr/pppppppp/8/8/8/8/PPPPPPPP/RNBQKBNR w KQkq - 0 1","0:0:0:0:0|0:0:0:0:0|0:0:0:0:0|0:0:0:0:0","759421758207090123:0:0",180000,180000,180000,180000,2000,real,1000,0,0,0,0,5,0,0,0,0,100,181678,185538,249274,251871,9,8,41,42,100,100,100,2,19,0,0,0,0,0,0,0,11,0,0,0,3,0,0
0,11035599632291420066,2026,5217400152003864970,ongoing,-1,ply_limit,100,0,"request;pvs;8;0;1;1;-50;200;1;20;25;3;2;1;3;3;2;0;3;3;1;3;150;150;600;1;1000;4;1;8;100;50;1","request;pvs;8;0;1;1;-50;200;1;20;25;3;2;1;3;3;2;0;3;3;1;3;150;150;600;1;1000;4;1;8;100;50;1","request;pvs;8;0;1;1;-50;200;1;20;25;3;2;1;3;3;2;0;3;3;1;3;150;150;600;1;1000;4;1;8;100;50;1","shared_value;pvs;8;0;1;1;-50;200;1;20;25;3;2;1;3;3;2;0;3;3;1;3;150;150;600;1;1000;4;1;8;100;50;1","rnbqkbnr/pppppppp/8/8/8/8/PPPPPPPP/RNBQKBNR w KQkq - 0 1","rnbqkbnr/pppppppp/8/8/8/8/PPPPPPPP/RNBQKBNR w KQkq - 0 1","0:0:0:0:0|0:0:0:0:0|0:0:0:0:0|0:0:0:0:0","759421758207090123:0:0",180000,180000,180000,180000,2000,real,1000,0,0,0,0,5,0,0,0,0,100,174375,177212,238891,229266,11,10,39,40,60,58,60,2,18,0,0,0,0,0,0,0,11,1,2,0.0454545,3,1,0.333333
0,11035599632291419233,2026,5217400152003864971,ongoing,-1,ply_limit,100,0,"request;pvs;8;0;1;1;-50;200;1;20;25;3;2;1;3;3;2;0;3;3;1;3;150;150;600;1;1000;4;1;8;100;50;1","request;pvs;8;0;1;1;-50;200;1;20;25;3;2;1;3;3;2;0;3;3;1;3;150;150;600;1;1000;4;1;8;100;50;1","request;pvs;8;0;1;1;-50;200;1;20;25;3;2;1;3;3;2;0;3;3;1;3;150;150;600;1;1000;4;1;8;100;50;1","sacrifice;pvs;8;0;1;1;-50;200;1;20;25;3;2;1;3;3;2;0;3;3;1;3;150;150;600;1;1000;4;1;8;100;50;1","rnbqkbnr/pppppppp/8/8/8/8/PPPPPPPP/RNBQKBNR w KQkq - 0 1","rnbqkbnr/pppppppp/8/8/8/8/PPPPPPPP/RNBQKBNR w KQkq - 0 1","0:0:0:0:0|0:0:0:0:0|0:0:0:0:0|0:0:0:0:0","759421758207090123:0:0",180000,180000,180000,180000,2000,real,1000,0,0,0,0,5,0,0,0,0,100,242102,243859,176802,173891,42,41,8,9,91,91,91,1,26,3,0,3,0,0,0,0,12,0,0,0,5,0,0
0,11035599632291414328,2026,5217400152003865031,draw,-1,game_over,76,0,"request;pvs;8;0;1;1;-50;200;1;20;25;3;2;1;3;3;2;0;3;3;1;3;150;150;600;1;1000;4;1;8;100;50;1","request;pvs;8;0;1;1;-50;200;1;20;25;3;2;1;3;3;2;0;3;3;1;3;150;150;600;1;1000;4;1;8;100;50;1","shared_value;pvs;8;0;1;1;-50;200;1;20;25;3;2;1;3;3;2;0;3;3;1;3;150;150;600;1;1000;4;1;8;100;50;1","independent;pvs;8;0;1;1;-50;200;1;20;25;3;2;1;3;3;2;0;3;3;1;3;150;150;600;1;1000;4;1;8;100;50;1","rnbqkbnr/pppppppp/8/8/8/8/PPPPPPPP/RNBQKBNR w KQkq - 0 1","rnbqkbnr/pppppppp/8/8/8/8/PPPPPPPP/RNBQKBNR w KQkq - 0 1","0:0:0:0:0|0:0:0:0:0|0:0:0:0:0|0:0:0:0:0","759421758207090123:0:0",180000,180000,180000,180000,2000,real,1000,0,0,0,0,5,0,0,0,0,100,243027,243150,181825,188727,33,33,5,5,66,66,66,0,16,0,0,0,0,0,0,0,10,0,0,0,0,0,0
0,11035599632291414267,2026,5217400152003865030,ongoing,-1,ply_limit,100,0,"request;pvs;8;0;1;1;-50;200;1;20;25;3;2;1;3;3;2;0;3;3;1;3;150;150;600;1;1000;4;1;8;100;50;1","request;pvs;8;0;1;1;-50;200;1;20;25;3;2;1;3;3;2;0;3;3;1;3;150;150;600;1;1000;4;1;8;100;50;1","shared_value;pvs;8;0;1;1;-50;200;1;20;25;3;2;1;3;3;2;0;3;3;1;3;150;150;600;1;1000;4;1;8;100;50;1","request;pvs;8;0;1;1;-50;200;1;20;25;3;2;1;3;3;2;0;3;3;1;3;150;150;600;1;1000;4;1;8;100;50;1","rnbqkbnr/pppppppp/8/8/8/8/PPPPPPPP/RNBQKBNR w KQkq - 0 1","rnbqkbnr/pppppppp/8/8/8/8/PPPPPPPP/RNBQKBNR w KQkq - 0 1","0:0:0:0:0|0:0:0:0:0|0:0:0:0:0|0:0:0:0:0","759421758207090123:0:0",180000,180000,180000,180000,2000,real,1000,0,0,0,0,5,0,0,0,0,100,262474,261937,184428,183430,44,44,6,6,94,94,94,2,23,0,0,0,0,0,0,0,12,1,4,0.0833333,2,0,0
0,11035599632291415987,2026,5217400152003865033,draw,-1,game_over,58,0,"request;pvs;8;0;1;1;-50;200;1;20;25;3;2;1;3;3;2;0;3;3;1;3;150;150;600;1;1000;4;1;8;100;50;1","request;pvs;8;0;1;1;-50;200;1;20;25;3;2;1;3;3;2;0;3;3;1;3;150;150;600;1;1000;4;1;8;100;50;1","shared_value;pvs;8;0;1;1;-50;200;1;20;25;3;2;1;3;3;2;0;3;3;1;3;150;150;600;1;1000;4;1;8;100;50;1","shared_value;pvs;8;0;1;1;-50;200;1;20;25;3;2;1;3;3;2;0;3;3;1;3;150;150;600;1;1000;4;1;8;100;50;1","rnbqkbnr/pppppppp/8/8/8/8/PPPPPPPP/RNBQKBNR w KQkq - 0 1","rnbqkbnr/pppppppp/8/8/8/8/PPPPPPPP/RNBQKBNR w KQkq - 0 1","0:0:0:0:0|0:0:0:0:0|0:0:0:0:0|0:0:0:0:0","759421758207090123:0:0",180000,180000,180000,180000,2000,real,1000,0,0,0,0,5,0,0,0,0,100,188074,193540,216263,217273,9,8,20,21,17,17,17,0,5,0,0,0,0,0,0,0,4,0,0,0,0,0,0
0,11035599632291414393,2026,5217400152003865032,draw,-1,game_over,76,0,"request;pvs;8;0;1;1;-50;200;1;20;25;3;2;1;3;3;2;0;3;3;1;3;150;150;600;1;1000;4;1;8;100;50;1","request;pvs;8;0;1;1;-50;200;1;20;25;3;2;1;3;3;2;0;3;3;1;3;150;150;600;1;1000;4;1;8;100;50;1","shared_value;pvs;8;0;1;1;-50;200;1;20;25;3;2;1;3;3;2;0;3;3;1;3;150;150;600;1;1000;4;1;8;100;50;1","sacrifice;pvs;8;0;1;1;-50;200;1;20;25;3;2;1;3;3;2;0;3;3;1;3;150;150;600;1;1000;4;1;8;100;50;1","rnbqkbnr/pppppppp/8/8/8/8/PPPPPPPP/RNBQKBNR w KQkq - 0 1","rnbqkbnr/pppppppp/8/8/8/8/PPPPPPPP/RNBQKBNR w KQkq - 0 1","0:0:0:0:0|0:0:0:0:0|0:0:0:0:0|0:0:0:0:0","759421758207090123:0:0",180000,180000,180000,180000,2000,real,1000,0,0,0,0,5,0,0,0,0,100,243051,243165,181833,188677,33,33,5,5,66,66,66,0,16,3,0,3,0,0,0,0,10,0,0,0,0,0,0
0,11035599632291263179,2026,5217400152003864582,team_a_wins,0,game_over,76,2,"request;pvs;8;0;1;1;-50;200;1;20;25;3;2;1;3;3;2;0;3;3;1;3;150;150;600;1;1000;4;1;8;100;50;1","request;pvs;8;0;1;1;-50;200;1;20;25;3;2;1;3;3;2;0;3;3;1;3;150;150;600;1;1000;4;1;8;100;50;1","sacrifice;pvs;8;0;1;1;-50;200;1;20;25;3;2;1;3;3;2;0;3;3;1;3;150;150;600;1;1000;4;1;8;100;50;1","independent;pvs;8;0;1;1;-50;200;1;20;25;3;2;1;3;3;2;0;3;3;1;3;150;150;600;1;1000;4;1;8;100;50;1","rnbqkbnr/pppppppp/8/8/8/8/PPPPPPPP/RNBQKBNR w KQkq - 0 1","rnbqkbnr/pppppppp/8/8/8/8/PPPPPPPP/RNBQKBNR w KQkq - 0 1","0:0:0:0:0|0:0:0:0:0|0:0:0:0:0|0:0:0:0:0","759421758207090123:0:0",180000,180000,180000,180000,2000,real,1000,0,0,0,0,5,0,0,0,0,100,150943,149184,166485,175106,14,14,24,24,28,28,28,3,17,34,0,25,0,0,0,0,12,0,0,0,8,0,0
0,11035599632291263368,2026,5217400152003864583,ongoing,-1,ply_limit,100,0,"request;pvs;8;0;1;1;-50;200;1;20;25;3;2;1;3;3;2;0;3;3;1;3;150;150;600;1;1000;4;1;8;100;50;1","request;pvs;8;0;1;1;-50;200;1;20;25;3;2;1;3;3;2;0;3;3;1;3;150;150;600;1;1000;4;1;8;100;50;1","sacrifice;pvs;8;0;1;1;-50;200;1;20;25;3;2;1;3;3;2;0;3;3;1;3;150;150;600;1;1000;4;1;8;100;50;1","request;pvs;8;0;1;1;-50;200;1;20;25;3;2;1;3;3;2;0;3;3;1;3;150;150;600;1;1000;4;1;8;100;50;1","rnbqkbnr/pppppppp/8/8/8/8/PPPPPPPP/RNBQKBNR w KQkq - 0 1","rnbqkbnr/pppppppp/8/8/8/8/PPPPPPPP/RNBQKBNR w KQkq - 0 1","0:0:0:0:0|0:0:0:0:0|0:0:0:0:0|0:0:0:0:0","759421758207090123:0:0",180000,180000,180000,180000,2000,real,1000,0,0,0,0,5,0,0,0,0,100,181939,175852,241459,237998,10,10,40,40,60,60,60,2,19,12,1,10,1,1,1,1,10,1,4,0.1,2,0,0
0,11035599632291263049,2026,5217400152003864584,team_a_wins,0,game_over,75,0,"request;pvs;8;0;1;1;-50;200;1;20;25;3;2;1;3;3;2;0;3;3;1;3;150;150;600;1;1000;4;1;8;100;50;1","request;pvs;8;0;1;1;-50;200;1;20;25;3;2;1;3;3;2;0;3;3;1;3;150;150;600;1;1000;4;1;8;100;50;1","sacrifice;pvs;8;0;1;1;-50;200;1;20;25;3;2;1;3;3;2;0;3;3;1;3;150;150;600;1;1000;4;1;8;100;50;1","shared_value;pvs;8;0;1;1;-50;200;1;20;25;3;2;1;3;3;2;0;3;3;1;3;150;150;600;1;1000;4;1;8;100;50;1","rnbqkbnr/pppppppp/8/8/8/8/PPPPPPPP/RNBQKBNR w KQkq - 0 1","rnbqkbnr/pppppppp/8/8/8/8/PPPPPPPP/RNBQKBNR w KQkq - 0 1","0:0:0:0:0|0:0:0:0:0|0:0:0:0:0|0:0:0:0:0","759421758207090123:0:0",180000,180000,180000,180000,2000,real,1000,0,0,0,0,5,0,0,0,0,100,183863,186969,240107,237001,6,5,32,32,11,11,11,1,16,14,0,11,0,0,0,0,9,0,0,0,1,0,0
0,11035599632291263747,2026,5217400152003864585,team_a_wins,0,game_over,76,2,"request;pvs;8;0;1;1;-50;200;1;20;25;3;2;1;3;3;2;0;3;3;1;3;150;150;600;1;1000;4;1;8;100;50;1","request;pvs;8;0;1;1;-50;200;1;20;25;3;2;1;3;3;2;0;3;3;1;3;150;150;600;1;1000;4;1;8;100;50;1","sacrifice;pvs;8;0;1;1;-50;200;1;20;25;3;2;1;3;3;2;0;3;3;1;3;150;150;600;1;1000;4;1;8;100;50;1","sacrifice;pvs;8;0;1;1;-50;200;1;20;25;3;2;1;3;3;2;0;3;3;1;3;150;150;600;1;1000;4;1;8;100;50;1","rnbqkbnr/pppppppp/8/8/8/8/PPPPPPPP/RNBQKBNR w KQkq - 0 1","rnbqkbnr/pppppppp/8/8/8/8/PPPPPPPP/RNBQKBNR w KQkq - 0 1","0:0:0:0:0|0:0:0:0:0|0:0:0:0:0|0:0:0:0:0","759421758207090123:0:0",180000,180000,180000,180000,2000,real,1000,0,0,0,0,5,0,0,0,0,100,150930,149169,166508,174848,14,14,24,24,28,28,28,3,17,41,0,29,0,0,0,0,12,0,0,0,8,0,0
0,11035599632290648254,2026,5217400152003845076,ongoing,-1,ply_limit,100,0,"request;pvs;8;0;1;1;-50;200;1;20;25;3;2;1;3;3;2;0;3;3;1;3;150;150;600;1;1000;4;1;8;100;50;1","shared_value;pvs;8;0;1;1;-50;200;1;20;25;3;2;1;3;3;2;0;3;3;1;3;150;150;600;1;1000;4;1;8;100;50;1","independent;pvs;8;0;1;1;-50;200;1;20;25;3;2;1;3;3;2;0;3;3;1;3;150;150;600;1;1000;4;1;8;100;50;1","independent;pvs;8;0;1;1;-50;200;1;20;25;3;2;1;3;3;2;0;3;3;1;3;150;150;600;1;1000;4;1;8;100;50;1","rnbqkbnr/pppppppp/8/8/8/8/PPPPPPPP/RNBQKBNR w KQkq - 0 1","rnbqkbnr/pppppppp/8/8/8/8/PPPPPPPP/RNBQKBNR w KQkq - 0 1","0:0:0:0:0|0:0:0:0:0|0:0:0:0:0|0:0:0:0:0","759421758207090123:0:0",180000,180000,180000,180000,2000,real,1000,0,0,0,0,5,0,0,0,0,100,188428,185489,264546,266481,6,5,44,45,6,6,6,1,21,0,0,0,0,0,0,0,10,0,0,0,1,0,0
0,11035599632290650102,2026,5217400152003845077,draw,-1,game_over,91,0,"request;pvs;8;0;1;1;-50;200;1;20;25;3;2;1;3;3;2;0;3;3;1;3;150;150;600;1;1000;4;1;8;100;50;1","shared_value;pvs;8;0;1;1;-50;200;1;20;25;3;2;1;3;3;2;0;3;3;1;3;150;150;600;1;1000;4;1;8;100;50;1","independent;pvs;8;0;1;1;-50;200;1;20;25;3;2;1;3;3;2;0;3;3;1;3;150;150;600;1;1000;4;1;8;100;50;1","request;pvs;8;0;1;1;-50;200;1;20;25;3;2;1;3;3;2;0;3;3;1;3;150;150;600;1;1000;4;1;8;100;50;1","rnbqkbnr/pppppppp/8/8/8/8/PPPPPPPP/RNBQKBNR w KQkq - 0 1","rnbqkbnr/pppppppp/8/8/8/8/PPPPPPPP/RNBQKBNR w KQkq - 0 1","0:0:0:0:0|0:0:0:0:0|0:0:0:0:0|0:0:0:0:0","759421758207090123:0:0",180000,180000,180000,180000,2000,real,1000,0,0,0,0,5,0,0,0,0,100,188671,181800,256287,258196,5,5,40,41,46,46,46,1,17,0,0,0,0,0,0,0,10,0,0,0,0,0,0
0,11035599632290648630,2026,5217400152003845082,ongoing,-1,ply_limit,100,0,"request;pvs;8;0;1;1;-50;200;1;20;25;3;2;1;3;3;2;0;3;3;1;3;150;150;600;1;1000;4;1;8;100;50;1","shared_value;pvs;8;0;1;1;-50;200;1;20;25;3;2;1;3;3;2;0;3;3;1;3;150;150;600;1;1000;4;1;8;100;50;1","independent;pvs;8;0;1;1;-50;200;1;20;25;3;2;1;3;3;2;0;3;3;1;3;150;150;600;1;1000;4;1;8;100;50;1","shared_value;pvs;8;0;1;1;-50;200;1;20;25;3;2;1;3;3;2;0;3;3;1;3;150;150;600;1;1000;4;1;8;100;50;1","rnbqkbnr/pppppppp/8/8/8/8/PPPPPPPP/RNBQKBNR w KQkq - 0 1","rnbqkbnr/pppppppp/8/8/8/8/PPPPPPPP/RNBQKBNR w KQkq - 0 1","0:0:0:0:0|0:0:0:0:0|0:0:0:0:0|0:0:0:0:0","759421758207090123:0:0",180000,180000,180000,180000,2000,real,1000,0,0,0,0,5,0,0,0,0,100,179482,174056,251872,239432,8,8,42,42,8,8,8,2,21,0,0,0,0,0,0,0,12,0,0,0,2,0,0
0,11035599632290648949,2026,5217400152003845083,team_a_wins,0,game_over,76,0,"request;pvs;8;0;1;1;-50;200;1;20;25;3;2;1;3;3;2;0;3;3;1;3;150;150;600;1;1000;4;1;8;100;50;1","shared_value;pvs;8;0;1;1;-50;200;1;20;25;3;2;1;3;3;2;0;3;3;1;3;150;150;600;1;1000;4;1;8;100;50;1","independent;pvs;8;0;1;1;-50;200;1;20;25;3;2;1;3;3;2;0;3;3;1;3;150;150;600;1;1000;4;1;8;100;50;1","sacrifice;pvs;8;0;1;1;-50;200;1;20;25;3;2;1;3;3;2;0;3;3;1;3;150;150;600;1;1000;4;1;8;100;50;1","rnbqkbnr/pppppppp/8/8/8/8/PPPPPPPP/RNBQKBNR w KQkq - 0 1","rnbqkbnr/pppppppp/8/8/8/8/PPPPPPPP/RNBQKBNR w KQkq - 0 1","0:0:0:0:0|0:0:0:0:0|0:0:0:0:0|0:0:0:0:0","759421758207090123:0:0",180000,180000,180000,180000,2000,real,1000,0,0,0,0,5,0,0,0,0,100,188680,182663,243215,243270,5,5,33,33,5,5,5,1,16,18,1,9,1,1,0,0,7,0,0,0,0,0,0
0,11035599632290668966,2026,5217400152003844629,team_b_wins,1,game_over,81,0,"request;pvs;8;0;1;1;-50;200;1;20;25;3;2;1;3;3;2;0;3;3;1;3;150;150;600;1;1000;4;1;8;100;50;1","shared_value;pvs;8;0;1;1;-50;200;1;20;25;3;2;1;3;3;2;0;3;3;1;3;150;150;600;1;1000;4;1;8;100;50;1","request;pvs;8;0;1;1;-50;200;1;20;25;3;2;1;3;3;2;0;3;3;1;3;150;150;600;1;1000;4;1;8;100;50;1","independent;pvs;8;0;1;1;-50;200;1;20;25;3;2;1;3;3;2;0;3;3;1;3;150;150;600;1;1000;4;1;8;100;50;1","rnbqkbnr/pppppppp/8/8/8/8/PPPPPPPP/RNBQKBNR w KQkq - 0 1","rnbqkbnr/pppppppp/8/8/8/8/PPPPPPPP/RNBQKBNR w KQkq - 0 1","0:0:0:0:0|0:0:0:0:0|0:0:0:0:0|0:0:0:0:0","759421758207090123:0:0",180000,180000,180000,180000,2000,real,1000,0,0,0,0,5,0,0,0,0,100,216179,198841,195411,192253,23,23,17,18,40,40,40,1,12,0,0,0,0,0,0,0,10,0,0,0,2,0,0
0,11035599632290670318,2026,5217400152003844628,ongoing,-1,ply_limit,100,0,"request;pvs;8;0;1;1;-50;200;1;20;25;3;2;1;3;3;2;0;3;3;1;3;150;150;600;1;1000;4;1;8;100;50;1","shared_value;pvs;8;0;1;1;-50;200;1;20;25;3;2;1;3;3;2;0;3;3;1;3;150;150;600;1;1000;4;1;8;100;50;1","request;pvs;8;0;1;1;-50;200;1;20;25;3;2;1;3;3;2;0;3;3;1;3;150;150;600;1;1000;4;1;8;100;50;1","request;pvs;8;0;1;1;-50;200;1;20;25;3;2;1;3;3;2;0;3;3;1;3;150;150;600;1;1000;4;1;8;100;50;1","rnbqkbnr/pppppppp/8/8/8/8/PPPPPPPP/RNBQKBNR w KQkq - 0 1","rnbqkbnr/pppppppp/8/8/8/8/PPPPPPPP/RNBQKBNR w KQkq - 0 1","0:0:0:0:0|0:0:0:0:0|0:0:0:0:0|0:0:0:0:0","759421758207090123:0:0",180000,180000,180000,180000,2000,real,1000,0,0,0,0,5,0,0,0,0,100,185997,182777,263115,265254,6,5,44,45,95,95,95,2,20,0,0,0,0,0,0,0,10,0,0,0,0,0,0
0,11035599632290669605,2026,5217400152003844635,draw,-1,game_over,50,0,"request;pvs;8;0;1;1;-50;200;1;20;25;3;2;1;3;3;2;0;3;3;1;3;150;150;600;1;1000;4;1;8;100;50;1","shared_value;pvs;8;0;1;1;-50;200;1;20;25;3;2;1;3;3;2;0;3;3;1;3;150;150;600;1;1000;4;1;8;100;50;1","request;pvs;8;0;1;1;-50;200;1;20;25;3;2;1;3;3;2;0;3;3;1;3;150;150;600;1;1000;4;1;8;100;50;1","shared_value;pvs;8;0;1;1;-50;200;1;20;25;3;2;1;3;3;2;0;3;3;1;3;150;150;600;1;1000;4;1;8;100;50;1","rnbqkbnr/pppppppp/8/8/8/8/PPPPPPPP/RNBQKBNR w KQkq - 0 1","rnbqkbnr/pppppppp/8/8/8/8/PPPPPPPP/RNBQKBNR w KQkq - 0 1","0:0:0:0:0|0:0:0:0:0|0:0:0:0:0|0:0:0:0:0","759421758207090123:0:0",180000,180000,180000,180000,2000,real,1000,0,0,0,0,5,0,0,0,0,100,214010,210457,190048,185422,19,18,6,7,25,23,25,1,6,0,0,0,0,0,0,0,5,0,0,0,0,0,0
0,11035599632290670438,2026,5217400152003844634,team_a_wins,0,game_over,58,0,"request;pvs;8;0;1;1;-50;200;1;20;25;3;2;1;3;3;2;0;3;3;1;3;150;150;600;1;1000;4;1;8;100;50;1","shared_value;pvs;8;0;1;1;-50;200;1;20;25;3;2;1;3;3;2;0;3;3;1;3;150;150;600;1;1000;4;1;8;100;50;1","request;pvs;8;0;1;1;-50;200;1;20;25;3;2;1;3;3;2;0;3;3;1;3;150;150;600;1;1000;4;1;8;100;50;1","sacrifice;pvs;8;0;1;1;-50;200;1;20;25;3;2;1;3;3;2;0;3;3;1;3;150;150;600;1;1000;4;1;8;100;50;1","rnbqkbnr/pppppppp/8/8/8/8/PPPPPPPP/RNBQKBNR w KQkq - 0 1","rnbqkbnr/pppppppp/8/8/8/8/PPPPPPPP/RNBQKBNR w KQkq - 0 1","0:0:0:0:0|0:0:0:0:0|0:0:0:0:0|0:0:0:0:0","759421758207090123:0:0",180000,180000,180000,180000,2000,real,1000,0,0,0,0,5,0,0,0,0,100,188735,181833,225054,225249,5,5,24,24,29,29,29,1,10,4,1,3,1,1,0,0,7,0,0,0,0,0,0
0,11035599632290656471,2026,5217400152003844950,ongoing,-1,ply_limit,100,5,"request;pvs;8;0;1;1;-50;200;1;20;25;3;2;1;3;3;2;0;3;3;1;3;150;150;600;1;1000;4;1;8;100;50;1","shared_value;pvs;8;0;1;1;-50;200;1;20;25;3;2;1;3;3;2;0;3;3;1;3;150;150;600;1;1000;4;1;8;100;50;1","shared_value;pvs;8;0;1;1;-50;200;1;20;25;3;2;1;3;3;2;0;3;3;1;3;150;150;600;1;1000;4;1;8;100;50;1","independent;pvs;8;0;1;1;-50;200;1;20;25;3;2;1;3;3;2;0;3;3;1;3;150;150;600;1;1000;4;1;8;100;50;1","rnbqkbnr/pppppppp/8/8/8/8/PPPPPPPP/RNBQKBNR w KQkq - 0 1","rnbqkbnr/pppppppp/8/8/8/8/PPPPPPPP/RNBQKBNR w KQkq - 0 1","0:0:0:0:0|0:0:0:0:0|0:0:0:0:0|0:0:0:0:0","759421758207090123:0:0",180000,180000,180000,180000,2000,real,1000,0,0,0,0,5,0,0,0,0,100,122814,147679,156077,126450,24,23,26,27,24,24,24,2,25,0,0,0,0,0,0,0,17,2,6,0.0882353,11,1,0.0909091
0,11035599632290656276,2026,5217400152003844951,ongoing,-1,ply_limit,100,2,"request;pvs;8;0;1;1;-50;200;1;20;25;3;2;1;3;3;2;0;3;3;1;3;150;150;600;1;1000;4;1;8;100;50;1","shared_value;pvs;8;0;1;1;-50;200;1;20;25;3;2;1;3;3;2;0;3;3;1;3;150;150;600;1;1000;4;1;8;100;50;1","shared_value;pvs;8;0;1;1;-50;200;1;20;25;3;2;1;3;3;2;0;3;3;1;3;150;150;600;1;1000;4;1;8;100;50;1","request;pvs;8;0;1;1;-50;200;1;20;25;3;2;1;3;3;2;0;3;3;1;3;150;150;600;1;1000;4;1;8;100;50;1","rnbqkbnr/pppppppp/8/8/8/8/PPPPPPPP/RNBQKBNR w KQkq - 0 1","rnbqkbnr/pppppppp/8/8/8/8/PPPPPPPP/RNBQKBNR w KQkq - 0 1","0:0:0:0:0|0:0:0:0:0|0:0:0:0:0|0:0:0:0:0","759421758207090123:0:0",180000,180000,180000,180000,2000,real,1000,0,0,0,0,5,0,0,0,0,100,120324,177214,150700,122672,28,27,22,23,51,51,51,2,26,0,0,0,0,0,0,0,15,0,0,0,13,0,0
0,11035599632290656341,2026,5217400152003844952,team_a_wins,0,game_over,20,0,"request;pvs;8;0;1;1;-50;200;1;20;25;3;2;1;3;3;2;0;3;3;1;3;150;150;600;1;1000;4;1;8;100;50;1","shared_value;pvs;8;0;1;1;-50;200;1;20;25;3;2;1;3;3;2;0;3;3;1;3;150;150;600;1;1000;4;1;8;100;50;1","shared_value;pvs;8;0;1;1;-50;200;1;20;25;3;2;1;3;3;2;0;3;3;1;3;150;150;600;1;1000;4;1;8;100;50;1","shared_value;pvs;8;0;1;1;-50;200;1;20;25;3;2;1;3;3;2;0;3;3;1;3;150;150;600;1;1000;4;1;8;100;50;1","rnbqkbnr/pppppppp/8/8/8/8/PPPPPPPP/RNBQKBNR w KQkq - 0 1","rnbqkbnr/pppppppp/8/8/8/8/PPPPPPPP/RNBQKBNR w KQkq - 0 1","0:0:0:0:0|0:0:0:0:0|0:0:0:0:0|0:0:0:0:0","759421758207090123:0:0",180000,180000,180000,180000,2000,real,1000,0,0,0,0,5,0,0,0,0,100,189261,189350,189407,189244,5,5,5,5,5,5,5,0,2,0,0,0,0,0,0,0,2,1,3,0.375,1,0,0
0,11035599632290657687,2026,5217400152003844953,ongoing,-1,ply_limit,100,4,"request;pvs;8;0;1;1;-50;200;1;20;25;3;2;1;3;3;2;0;3;3;1;3;150;150;600;1;1000;4;1;8;100;50;1","shared_value;pvs;8;0;1;1;-50;200;1;20;25;3;2;1;3;3;2;0;3;3;1;3;150;150;600;1;1000;4;1;8;100;50;1","shared_value;pvs;8;0;1;1;-50;200;1;20;25;3;2;1;3;3;2;0;3;3;1;3;150;150;600;1;1000;4;1;8;100;50;1","sacrifice;pvs;8;0;1;1;-50;200;1;20;25;3;2;1;3;3;2;0;3;3;1;3;150;150;600;1;1000;4;1;8;100;50;1","rnbqkbnr/pppppppp/8/8/8/8/PPPPPPPP/RNBQKBNR w KQkq - 0 1","rnbqkbnr/pppppppp/8/8/8/8/PPPPPPPP/RNBQKBNR w KQkq - 0 1","0:0:0:0:0|0:0:0:0:0|0:0:0:0:0|0:0:0:0:0","759421758207090123:0:0",180000,180000,180000,180000,2000,real,1000,0,0,0,0,5,0,0,0,0,100,110834,177798,134943,143142,27,26,23,24,27,27,27,1,26,27,0,21,0,0,0,0,18,2,7,0.0972222,9,0,0
0,11035599632290645956,2026,5217400152003845015,draw,-1,game_over,60,0,"request;pvs;8;0;1;1;-50;200;1;20;25;3;2;1;3;3;2;0;3;3;1;3;150;150;600;1;1000;4;1;8;100;50;1","shared_value;pvs;8;0;1;1;-50;200;1;20;25;3;2;1;3;3;2;0;3;3;1;3;150;150;600;1;1000;4;1;8;100;50;1","sacrifice;pvs;8;0;1;1;-50;200;1;20;25;3;2;1;3;3;2;0;3;3;1;3;150;150;600;1;1000;4;1;8;100;50;1","independent;pvs;8;0;1;1;-50;200;1;20;25;3;2;1;3;3;2;0;3;3;1;3;150;150;600;1;1000;4;1;8;100;50;1","rnbqkbnr/pppppppp/8/8/8/8/PPPPPPPP/RNBQKBNR w KQkq - 0 1","rnbqkbnr/pppppppp/8/8/8/8/PPPPPPPP/RNBQKBNR w KQkq - 0 1","0:0:0:0:0|0:0:0:0:0|0:0:0:0:0|0:0:0:0:0","759421758207090123:0:0",180000,180000,180000,180000,2000,real,1000,0,0,0,0,5,0,0,0,0,100,188697,181832,227198,227641,5,5,25,25,5,5,5,1,12,5,0,2,0,0,0,0,8,0,0,0,0,0,0
0,11035599632290645767,2026,5217400152003845014,ongoing,-1,ply_limit,100,0,"request;pvs;8;0;1;1;-50;200;1;20;25;3;2;1;3;3;2;0;3;3;1;3;150;150;600;1;1000;4;1;8;100;50;1","shared_value;pvs;8;0;1;1;-50;200;1;20;25;3;2;1;3;3;2;0;3;3;1;3;150;150;600;1;1000;4;1;8;100;50;1","sacrifice;pvs;8;0;1;1;-50;200;1;20;25;3;2;1;3;3;2;0;3;3;1;3;150;150;600;1;1000;4;1;8;100;50;1","request;pvs;8;0;1;1;-50;200;1;20;25;3;2;1;3;3;2;0;3;3;1;3;150;150;600;1;1000;4;1;8;100;50;1","rnbqkbnr/pppppppp/8/8/8/8/PPPPPPPP/RNBQKBNR w KQkq - 0 1","rnbqkbnr/pppppppp/8/8/8/8/PPPPPPPP/RNBQKBNR w KQkq - 0 1","0:0:0:0:0|0:0:0:0:0|0:0:0:0:0|0:0:0:0:0","759421758207090123:0:0",180000,180000,180000,180000,2000,real,1000,0,0,0,0,5,0,0,0,0,100,188648,181844,264939,265679,5,5,45,45,50,50,50,1,25,14,0,10,0,0,0,0,10,0,0,0,0,0,0
0,11035599632290644551,2026,5217400152003845017,team_a_wins,0,game_over,46,0,"request;pvs;8;0;1;1;-50;200;1;20;25;3;2;1;3;3;2;0;3;3;1;3;150;150;600;1;1000;4;1;8;100;50;1","shared_value;pvs;8;0;1;1;-50;200;1;20;25;3;2;1;3;3;2;0;3;3;1;3;150;150;600;1;1000;4;1;8;100;50;1","sacrifice;pvs;8;0;1;1;-50;200;1;20;25;3;2;1;3;3;2;0;3;3;1;3;150;150;600;1;1000;4;1;8;100;50;1","shared_value;pvs;8;0;1;1;-50;200;1;20;25;3;2;1;3;3;2;0;3;3;1;3;150;150;600;1;1000;4;1;8;100;50;1","rnbqkbnr/pppppppp/8/8/8/8/PPPPPPPP/RNBQKBNR w KQkq - 0 1","rnbqkbnr/pppppppp/8/8/8/8/PPPPPPPP/RNBQKBNR w KQkq - 0 1","0:0:0:0:0|0:0:0:0:0|0:0:0:0:0|0:0:0:0:0","759421758207090123:0:0",180000,180000,180000,180000,2000,real,1000,0,0,0,0,5,0,0,0,0,100,178831,177291,200209,197266,7,7,16,16,7,7,7,1,12,7,0,2,0,0,0,0,12,0,0,0,2,0,0
0,11035599632290645893,2026,5217400152003845016,ongoing,-1,ply_limit,100,0,"request;pvs;8;0;1;1;-50;200;1;20;25;3;2;1;3;3;2;0;3;3;1;3;150;150;600;1;1000;4;1;8;100;50;1","shared_value;pvs;8;0;1;1;-50;200;1;20;25;3;2;1;3;3;2;0;3;3;1;3;150;150;600;1;1000;4;1;8;100;50;1","sacrifice;pvs;8;0;1;1;-50;200;1;20;25;3;2;1;3;3;2;0;3;3;1;3;150;150;600;1;1000;4;1;8;100;50;1","sacrifice;pvs;8;0;1;1;-50;200;1;20;25;3;2;1;3;3;2;0;3;3;1;3;150;150;600;1;1000;4;1;8;100;50;1","rnbqkbnr/pppppppp/8/8/8/8/PPPPPPPP/RNBQKBNR w KQkq - 0 1","rnbqkbnr/pppppppp/8/8/8/8/PPPPPPPP/RNBQKBNR w KQkq - 0 1","0:0:0:0:0|0:0:0:0:0|0:0:0:0:0|0:0:0:0:0","759421758207090123:0:0",180000,180000,180000,180000,2000,real,1000,0,0,0,0,5,0,0,0,0,100,183403,181823,262786,264963,6,5,44,45,6,6,6,1,19,52,1,29,2,1,0,0,10,0,0,0,1,0,0
0,11035599632288809056,2026,5217400152003840999,ongoing,-1,ply_limit,100,0,"request;pvs;8;0;1;1;-50;200;1;20;25;3;2;1;3;3;2;0;3;3;1;3;150;150;600;1;1000;4;1;8;100;50;1","sacrifice;pvs;8;0;1;1;-50;200;1;20;25;3;2;1;3;3;2;0;3;3;1;3;150;150;600;1;1000;4;1;8;100;50;1","independent;pvs;8;0;1;1;-50;200;1;20;25;3;2;1;3;3;2;0;3;3;1;3;150;150;600;1;1000;4;1;8;100;50;1","independent;pvs;8;0;1;1;-50;200;1;20;25;3;2;1;3;3;2;0;3;3;1;3;150;150;600;1;1000;4;1;8;100;50;1","rnbqkbnr/pppppppp/8/8/8/8/PPPPPPPP/RNBQKBNR w KQkq - 0 1","rnbqkbnr/pppppppp/8/8/8/8/PPPPPPPP/RNBQKBNR w KQkq - 0 1","0:0:0:0:0|0:0:0:0:0|0:0:0:0:0|0:0:0:0:0","759421758207090123:0:0",180000,180000,180000,180000,2000,real,1000,0,0,0,0,5,0,0,0,0,100,184094,178988,247561,246203,9,9,41,41,9,9,9,2,24,0,0,0,0,0,0,0,11,0,0,0,2,0,0
0,11035599632288810787,2026,5217400152003840998,ongoing,-1,ply_limit,100,3,"request;pvs;8;0;1;1;-50;200;1;20;25;3;2;1;3;3;2;0;3;3;1;3;150;150;600;1;1000;4;1;8;100;50;1","sacrifice;pvs;8;0;1;1;-50;200;1;20;25;3;2;1;3;3;2;0;3;3;1;3;150;150;600;1;1000;4;1;8;100;50;1","independent;pvs;8;0;1;1;-50;200;1;20;25;3;2;1;3;3;2;0;3;3;1;3;150;150;600;1;1000;4;1;8;100;50;1","request;pvs;8;0;1;1;-50;200;1;20;25;3;2;1;3;3;2;0;3;3;1;3;150;150;600;1;1000;4;1;8;100;50;1","rnbqkbnr/pppppppp/8/8/8/8/PPPPPPPP/RNBQKBNR w KQkq - 0 1","rnbqkbnr/pppppppp/8/8/8/8/PPPPPPPP/RNBQKBNR w KQkq - 0 1","0:0:0:0:0|0:0:0:0:0|0:0:0:0:0|0:0:0:0:0","759421758207090123:0:0",180000,180000,180000,180000,2000,real,1000,0,0,0,0,5,0,0,0,0,100,136415,136384,127402,128107,27,26,23,24,51,51,51,3,25,4,0,4,0,0,0,0,18,2,8,0.111111,11,0,0
0,11035599632288809707,2026,5217400152003841001,ongoing,-1,ply_limit,100,0,"request;pvs;8;0;1;1;-50;200;1;20;25;3;2;1;3;3;2;0;3;3;1;3;150;150;600;1;1000;4;1;8;100;50;1","sacrifice;pvs;8;0;1;1;-50;200;1;20;25;3;2;1;3;3;2;0;3;3;1;3;150;150;600;1;1000;4;1;8;100;50;1","independent;pvs;8;0;1;1;-50;200;1;20;25;3;2;1;3;3;2;0;3;3;1;3;150;150;600;1;1000;4;1;8;100;50;1","shared_value;pvs;8;0;1;1;-50;200;1;20;25;3;2;1;3;3;2;0;3;3;1;3;150;150;600;1;1000;4;1;8;100;50;1","rnbqkbnr/pppppppp/8/8/8/8/PPPPPPPP/RNBQKBNR w KQkq - 0 1","rnbqkbnr/pppppppp/8/8/8/8/PPPPPPPP/RNBQKBNR w KQkq - 0 1","0:0:0:0:0|0:0:0:0:0|0:0:0:0:0|0:0:0:0:0","759421758207090123:0:0",180000,180000,180000,180000,2000,real,1000,0,0,0,0,5,0,0,0,0,100,183867,182027,262471,256845,6,6,44,44,6,6,6,1,23,3,0,0,0,0,0,0,10,0,0,0,0,0,0
0,11035599632288810913,2026,5217400152003841000,ongoing,-1,ply_limit,100,0,"request;pvs;8;0;1;1;-50;200;1;20;25;3;2;1;3;3;2;0;3;3;1;3;150;150;600;1;1000;4;1;8;100;50;1","sacrifice;pvs;8;0;1;1;-50;200;1;20;25;3;2;1;3;3;2;0;3;3;1;3;150;150;600;1;1000;4;1;8;100;50;1","independent;pvs;8;0;1;1;-50;200;1;20;25;3;2;1;3;3;2;0;3;3;1;3;150;150;600;1;1000;4;1;8;100;50;1","sacrifice;pvs;8;0;1;1;-50;200;1;20;25;3;2;1;3;3;2;0;3;3;1;3;150;150;600;1;1000;4;1;8;100;50;1","rnbqkbnr/pppppppp/8/8/8/8/PPPPPPPP/RNBQKBNR w KQkq - 0 1","rnbqkbnr/pppppppp/8/8/8/8/PPPPPPPP/RNBQKBNR w KQkq - 0 1","0:0:0:0:0|0:0:0:0:0|0:0:0:0:0|0:0:0:0:0","759421758207090123:0:0",180000,180000,180000,180000,2000,real,1000,0,0,0,0,5,0,0,0,0,100,185875,178985,243209,246751,10,9,40,41,10,10,10,2,23,6,0,5,0,0,0,0,12,0,0,0,3,0,0
0,11035599632288821427,2026,5217400152003840806,team_a_wins,0,game_over,79,0,"request;pvs;8;0;1;1;-50;200;1;20;25;3;2;1;3;3;2;0;3;3;1;3;150;150;600;1;1000;4;1;8;100;50;1","sacrifice;pvs;8;0;1;1;-50;200;1;20;25;3;2;1;3;3;2;0;3;3;1;3;150;150;600;1;1000;4;1;8;100;50;1","request;pvs;8;0;1;1;-50;200;1;20;25;3;2;1;3;3;2;0;3;3;1;3;150;150;600;1;1000;4;1;8;100;50;1","independent;pvs;8;0;1;1;-50;200;1;20;25;3;2;1;3;3;2;0;3;3;1;3;150;150;600;1;1000;4;1;8;100;50;1","rnbqkbnr/pppppppp/8/8/8/8/PPPPPPPP/RNBQKBNR w KQkq - 0 1","rnbqkbnr/pppppppp/8/8/8/8/PPPPPPPP/RNBQKBNR w KQkq - 0 1","0:0:0:0:0|0:0:0:0:0|0:0:0:0:0|0:0:0:0:0","759421758207090123:0:0",180000,180000,180000,180000,2000,real,1000,0,0,0,0,5,0,0,0,0,100,227020,228169,177448,181413,32,31,8,8,40,40,40,1,24,5,0,5,0,0,0,0,11,0,0,0,5,1,0.2
0,11035599632288821360,2026,5217400152003840807,ongoing,-1,ply_limit,100,0,"request;pvs;8;0;1;1;-50;200;1;20;25;3;2;1;3;3;2;0;3;3;1;3;150;150;600;1;1000;4;1;8;100;50;1","sacrifice;pvs;8;0;1;1;-50;200;1;20;25;3;2;1;3;3;2;0;3;3;1;3;150;150;600;1;1000;4;1;8;100;50;1","request;pvs;8;0;1;1;-50;200;1;20;25;3;2;1;3;3;2;0;3;3;1;3;150;150;600;1;1000;4;1;8;100;50;1","request;pvs;8;0;1;1;-50;200;1;20;25;3;2;1;3;3;2;0;3;3;1;3;150;150;600;1;1000;4;1;8;100;50;1","rnbqkbnr/pppppppp/8/8/8/8/PPPPPPPP/RNBQKBNR w KQkq - 0 1","rnbqkbnr/pppppppp/8/8/8/8/PPPPPPPP/RNBQKBNR w KQkq - 0 1","0:0:0:0:0|0:0:0:0:0|0:0:0:0:0|0:0:0:0:0","759421758207090123:0:0",180000,180000,180000,180000,2000,real,1000,0,0,0,0,5,0,0,0,0,100,228227,226906,168525,166300,40,39,10,11,61,61,61,4,25,6,0,1,0,0,0,0,12,0,0,0,4,0,0
0,11035599632288821297,2026,5217400152003840808,team_b_wins,1,game_over,89,0,"request;pvs;8;0;1;1;-50;200;1;20;25;3;2;1;3;3;2;0;3;3;1;3;150;150;600;1;1000;4;1;8;100;50;1","sacrifice;pvs;8;0;1;1;-50;200;1;20;25;3;2;1;3;3;2;0;3;3;1;3;150;150;600;1;1000;4;1;8;100;50;1","request;pvs;8;0;1;1;-50;200;1;20;25;3;2;1;3;3;2;0;3;3;1;3;150;150;600;1;1000;4;1;8;100;50;1","shared_value;pvs;8;0;1;1;-50;200;1;20;25;3;2;1;3;3;2;0;3;3;1;3;150;150;600;1;1000;4;1;8;100;50;1","rnbqkbnr/pppppppp/8/8/8/8/PPPPPPPP/RNBQKBNR w KQkq - 0 1","rnbqkbnr/pppppppp/8/8/8/8/PPPPPPPP/RNBQKBNR w KQkq - 0 1","0:0:0:0:0|0:0:0:0:0|0:0:0:0:0|0:0:0:0:0","759421758207090123:0:0",180000,180000,180000,180000,2000,real,1000,0,0,0,0,5,0,0,0,0,100,184327,181052,238880,238184,9,9,35,36,44,42,44,0,17,7,0,4,0,0,0,0,9,0,0,0,1,0,0
0,11035599632288822779,2026,5217400152003840809,team_a_wins,0,game_over,79,0,"request;pvs;8;0;1;1;-50;200;1;20;25;3;2;1;3;3;2;0;3;3;1;3;150;150;600;1;1000;4;1;8;100;50;1","sacrifice;pvs;8;0;1;1;-50;200;1;20;25;3;2;1;3;3;2;0;3;3;1;3;150;150;600;1;1000;4;1;8;100;50;1","request;pvs;8;0;1;1;-50;200;1;20;25;3;2;1;3;3;2;0;3;3;1;3;150;150;600;1;1000;4;1;8;100;50;1","sacrifice;pvs;8;0;1;1;-50;200;1;20;25;3;2;1;3;3;2;0;3;3;1;3;150;150;600;1;1000;4;1;8;100;50;1","rnbqkbnr/pppppppp/8/8/8/8/PPPPPPPP/RNBQKBNR w KQkq - 0 1","rnbqkbnr/pppppppp/8/8/8/8/PPPPPPPP/RNBQKBNR w KQkq - 0 1","0:0:0:0:0|0:0:0:0:0|0:0:0:0:0|0:0:0:0:0","759421758207090123:0:0",180000,180000,180000,180000,2000,real,1000,0,0,0,0,5,0,0,0,0,100,226979,228197,177508,181327,32,31,8,8,40,40,40,1,24,9,0,9,0,0,0,0,11,0,0,0,5,1,0.2
0,11035599632288833986,2026,5217400152003840613,ongoing,-1,ply_limit,100,0,"request;pvs;8;0;1;1;-50;200;1;20;25;3;2;1;3;3;2;0;3;3;1;3;150;150;600;1;1000;4;1;8;100;50;1","sacrifice;pvs;8;0;1;1;-50;200;1;20;25;3;2;1;3;3;2;0;3;3;1;3;150;150;600;1;1000;4;1;8;100;50;1","shared_value;pvs;8;0;1;1;-50;200;1;20;25;3;2;1;3;3;2;0;3;3;1;3;150;150;600;1;1000;4;1;8;100;50;1","independent;pvs;8;0;1;1;-50;200;1;20;25;3;2;1;3;3;2;0;3;3;1;3;150;150;600;1;1000;4;1;8;100;50;1","rnbqkbnr/pppppppp/8/8/8/8/PPPPPPPP/RNBQKBNR w KQkq - 0 1","rnbqkbnr/pppppppp/8/8/8/8/PPPPPPPP/RNBQKBNR w KQkq - 0 1","0:0:0:0:0|0:0:0:0:0|0:0:0:0:0|0:0:0:0:0","759421758207090123:0:0",180000,180000,180000,180000,2000,real,1000,0,0,0,0,5,0,0,0,0,100,265683,264937,181791,188747,45,45,5,5,45,45,45,0,25,14,0,10,0,0,0,0,10,0,0,0,0,0,0
0,11035599632288835202,2026,5217400152003840612,ongoing,-1,ply_limit,100,0,"request;pvs;8;0;1;1;-50;200;1;20;25;3;2;1;3;3;2;0;3;3;1;3;150;150;600;1;1000;4;1;8;100;50;1","sacrifice;pvs;8;0;1;1;-50;200;1;20;25;3;2;1;3;3;2;0;3;3;1;3;150;150;600;1;1000;4;1;8;100;50;1","shared_value;pvs;8;0;1;1;-50;200;1;20;25;3;2;1;3;3;2;0;3;3;1;3;150;150;600;1;1000;4;1;8;100;50;1","request;pvs;8;0;1;1;-50;200;1;20;25;3;2;1;3;3;2;0;3;3;1;3;150;150;600;1;1000;4;1;8;100;50;1","rnbqkbnr/pppppppp/8/8/8/8/PPPPPPPP/RNBQKBNR w KQkq - 0 1","rnbqkbnr/pppppppp/8/8/8/8/PPPPPPPP/RNBQKBNR w KQkq - 0 1","0:0:0:0:0|0:0:0:0:0|0:0:0:0:0|0:0:0:0:0","759421758207090123:0:0",180000,180000,180000,180000,2000,real,1000,0,0,0,0,5,0,0,0,0,100,265658,264880,181827,188689,45,45,5,5,50,50,50,1,25,14,0,10,0,0,0,0,10,0,0,0,0,0,0
0,11035599632288834633,2026,5217400152003840619,team_a_wins,0,game_over,19,0,"request;pvs;8;0;1;1;-50;200;1;20;25;3;2;1;3;3;2;0;3;3;1;3;150;150;600;1;1000;4;1;8;100;50;1","sacrifice;pvs;8;0;1;1;-50;200;1;20;25;3;2;1;3;3;2;0;3;3;1;3;150;150;600;1;1000;4;1;8;100;50;1","shared_value;pvs;8;0;1;1;-50;200;1;20;25;3;2;1;3;3;2;0;3;3;1;3;150;150;600;1;1000;4;1;8;100;50;1","shared_value;pvs;8;0;1;1;-50;200;1;20;25;3;2;1;3;3;2;0;3;3;1;3;150;150;600;1;1000;4;1;8;100;50;1","rnbqkbnr/pppppppp/8/8/8/8/PPPPPPPP/RNBQKBNR w KQkq - 0 1","rnbqkbnr/pppppppp/8/8/8/8/PPPPPPPP/RNBQKBNR w KQkq - 0 1","0:0:0:0:0|0:0:0:0:0|0:0:0:0:0|0:0:0:0:0","759421758207090123:0:0",180000,180000,180000,180000,2000,real,1000,0,0,0,0,5,0,0,0,0,100,189261,187423,189340,189251,5,4,5,5,5,5,5,0,1,1,0,0,0,0,0,0,1,1,4,1,1,0,0
0,11035599632288835338,2026,5217400152003840618,draw,-1,game_over,81,0,"request;pvs;8;0;1;1;-50;200;1;20;25;3;2;1;3;3;2;0;3;3;1;3;150;150;600;1;1000;4;1;8;100;50;1","sacrifice;pvs;8;0;1;1;-50;200;1;20;25;3;2;1;3;3;2;0;3;3;1;3;150;150;600;1;1000;4;1;8;100;50;1","shared_value;pvs;8;0;1;1;-50;200;1;20;25;3;2;1;3;3;2;0;3;3;1;3;150;150;600;1;1000;4;1;8;100;50;1","sacrifice;pvs;8;0;1;1;-50;200;1;20;25;3;2;1;3;3;2;0;3;3;1;3;150;150;600;1;1000;4;1;8;100;50;1","rnbqkbnr/pppppppp/8/8/8/8/PPPPPPPP/RNBQKBNR w KQkq - 0 1","rnbqkbnr/pppppppp/8/8/8/8/PPPPPPPP/RNBQKBNR w KQkq - 0 1","0:0:0:0:0|0:0:0:0:0|0:0:0:0:0|0:0:0:0:0","759421758207090123:0:0",180000,180000,180000,180000,2000,real,1000,0,0,0,0,5,0,0,0,0,100,248571,246470,181808,188634,36,35,5,5,36,36,36,0,14,23,0,18,0,0,0,0,8,0,0,0,0,0,0
0,11035599632288813202,2026,5217400152003840932,ongoing,-1,ply_limit,100,0,"request;pvs;8;0;1;1;-50;200;1;20;25;3;2;1;3;3;2;0;3;3;1;3;150;150;600;1;1000;4;1;8;100;50;1","sacrifice;pvs;8;0;1;1;-50;200;1;20;25;3;2;1;3;3;2;0;3;3;1;3;150;150;600;1;1000;4;1;8;100;50;1","sacrifice;pvs;8;0;1;1;-50;200;1;20;25;3;2;1;3;3;2;0;3;3;1;3;150;150;600;1;1000;4;1;8;100;50;1","independent;pvs;8;0;1;1;-50;200;1;20;25;3;2;1;3;3;2;0;3;3;1;3;150;150;600;1;1000;4;1;8;100;50;1","rnbqkbnr/pppppppp/8/8/8/8/PPPPPPPP/RNBQKBNR w KQkq - 0 1","rnbqkbnr/pppppppp/8/8/8/8/PPPPPPPP/RNBQKBNR w KQkq - 0 1","0:0:0:0:0|0:0:0:0:0|0:0:0:0:0|0:0:0:0:0","759421758207090123:0:0",180000,180000,180000,180000,2000,real,1000,0,0,0,0,5,0,0,0,0,100,185776,178983,242654,247205,10,9,40,41,10,10,10,2,23,10,0,7,0,0,0,0,12,0,0,0,3,0,0
0,11035599632288814930,2026,5217400152003840933,ongoing,-1,ply_limit,100,0,"request;pvs;8;0;1;1;-50;200;1;20;25;3;2;1;3;3;2;0;3;3;1;3;150;150;600;1;1000;4;1;8;100;50;1","sacrifice;pvs;8;0;1;1;-50;200;1;20;25;3;2;1;3;3;2;0;3;3;1;3;150;150;600;1;1000;4;1;8;100;50;1","sacrifice;pvs;8;0;1;1;-50;200;1;20;25;3;2;1;3;3;2;0;3;3;1;3;150;150;600;1;1000;4;1;8;100;50;1","request;pvs;8;0;1;1;-50;200;1;20;25;3;2;1;3;3;2;0;3;3;1;3;150;150;600;1;1000;4;1;8;100;50;1","rnbqkbnr/pppppppp/8/8/8/8/PPPPPPPP/RNBQKBNR w KQkq - 0 1","rnbqkbnr/pppppppp/8/8/8/8/PPPPPPPP/RNBQKBNR w KQkq - 0 1","0:0:0:0:0|0:0:0:0:0|0:0:0:0:0|0:0:0:0:0","759421758207090123:0:0",180000,180000,180000,180000,2000,real,1000,0,0,0,0,5,0,0,0,0,100,173859,166972,142539,140952,32,31,18,19,51,51,51,2,27,9,0,8,1,0,0,0,13,0,0,0,8,1,0.125
0,11035599632288813594,2026,5217400152003840938,ongoing,-1,ply_limit,100,0,"request;pvs;8;0;1;1;-50;200;1;20;25;3;2;1;3;3;2;0;3;3;1;3;150;150;600;1;1000;4;1;8;100;50;1","sacrifice;pvs;8;0;1;1;-50;200;1;20;25;3;2;1;3;3;2;0;3;3;1;3;150;150;600;1;1000;4;1;8;100;50;1","sacrifice;pvs;8;0;1;1;-50;200;1;20;25;3;2;1;3;3;2;0;3;3;1;3;150;150;600;1;1000;4;1;8;100;50;1","shared_value;pvs;8;0;1;1;-50;200;1;20;25;3;2;1;3;3;2;0;3;3;1;3;150;150;600;1;1000;4;1;8;100;50;1","rnbqkbnr/pppppppp/8/8/8/8/PPPPPPPP/RNBQKBNR w KQkq - 0 1","rnbqkbnr/pppppppp/8/8/8/8/PPPPPPPP/RNBQKBNR w KQkq - 0 1","0:0:0:0:0|0:0:0:0:0|0:0:0:0:0|0:0:0:0:0","759421758207090123:0:0",180000,180000,180000,180000,2000,real,1000,0,0,0,0,5,0,0,0,0,100,183869,182039,261593,256812,6,6,44,44,6,6,6,1,23,33,0,25,0,0,0,0,10,0,0,0,0,0,0
0,11035599632288813785,2026,5217400152003840939,draw,-1,game_over,99,1,"request;pvs;8;0;1;1;-50;200;1;20;25;3;2;1;3;3;2;0;3;3;1;3;150;150;600;1;1000;4;1;8;100;50;1","sacrifice;pvs;8;0;1;1;-50;200;1;20;25;3;2;1;3;3;2;0;3;3;1;3;150;150;600;1;1000;4;1;8;100;50;1","sacrifice;pvs;8;0;1;1;-50;200;1;20;25;3;2;1;3;3;2;0;3;3;1;3;150;150;600;1;1000;4;1;8;100;50;1","sacrifice;pvs;8;0;1;1;-50;200;1;20;25;3;2;1;3;3;2;0;3;3;1;3;150;150;600;1;1000;4;1;8;100;50;1","rnbqkbnr/pppppppp/8/8/8/8/PPPPPPPP/RNBQKBNR w KQkq - 0 1","rnbqkbnr/pppppppp/8/8/8/8/PPPPPPPP/RNBQKBNR w KQkq - 0 1","0:0:0:0:0|0:0:0:0:0|0:0:0:0:0|0:0:0:0:0","759421758207090123:0:0",180000,180000,180000,180000,2000,real,1000,0,0,0,0,5,0,0,0,0,100,180071,178269,236251,237095,11,10,39,39,11,11,11,1,18,43,0,33,1,0,0,0,11,1,3,0.0681818,3,0,0
0,11035599632272772399,2026,5217400152004631161,team_b_wins,1,game_over,83,0,"shared_value;pvs;8;0;1;1;-50;200;1;20;25;3;2;1;3;3;2;0;3;3;1;3;150;150;600;1;1000;4;1;8;100;50;1","independent;pvs;8;0;1;1;-50;200;1;20;25;3;2;1;3;3;2;0;3;3;1;3;150;150;600;1;1000;4;1;8;100;50;1","independent;pvs;8;0;1;1;-50;200;1;20;25;3;2;1;3;3;2;0;3;3;1;3;150;150;600;1;1000;4;1;8;100;50;1","independent;pvs;8;0;1;1;-50;200;1;20;25;3;2;1;3;3;2;0;3;3;1;3;150;150;600;1;1000;4;1;8;100;50;1","rnbqkbnr/pppppppp/8/8/8/8/PPPPPPPP/RNBQKBNR w KQkq - 0 1","rnbqkbnr/pppppppp/8/8/8/8/PPPPPPPP/RNBQKBNR w KQkq - 0 1","0:0:0:0:0|0:0:0:0:0|0:0:0:0:0|0:0:0:0:0","759421758207090123:0:0",180000,180000,180000,180000,2000,real,1000,0,0,0,0,5,0,0,0,0,100,168504,162654,216600,214609,9,9,32,33,0,0,0,0,24,0,0,0,0,0,0,0,14,1,4,0.0714286,5,0,0
0,11035599632272771197,2026,5217400152004631160,ongoing,-1,ply_limit,100,0,"shared_value;pvs;8;0;1;1;-50;200;1;20;25;3;2;1;3;3;2;0;3;3;1;3;150;150;600;1;1000;4;1;8;100;50;1","independent;pvs;8;0;1;1;-50;200;1;20;25;3;2;1;3;3;2;0;3;3;1;3;150;150;600;1;1000;4;1;8;100;50;1","independent;pvs;8;0;1;1;-50;200;1;20;25;3;2;1;3;3;2;0;3;3;1;3;150;150;600;1;1000;4;1;8;100;50;1","request;pvs;8;0;1;1;-50;200;1;20;25;3;2;1;3;3;2;0;3;3;1;3;150;150;600;1;1000;4;1;8;100;50;1","rnbqkbnr/pppppppp/8/8/8/8/PPPPPPPP/RNBQKBNR w KQkq - 0 1","rnbqkbnr/pppppppp/8/8/8/8/PPPPPPPP/RNBQKBNR w KQkq - 0 1","0:0:0:0:0|0:0:0:0:0|0:0:0:0:0|0:0:0:0:0","759421758207090123:0:0",180000,180000,180000,180000,2000,real,1000,0,0,0,0,5,0,0,0,0,100,148123,141969,184720,194486,15,14,35,36,36,36,36,0,22,0,0,0,0,0,0,0,13,1,4,0.0769231,9,0,0
0,11035599632272772778,2026,5217400152004631167,ongoing,-1,ply_limit,100,5,"shared_value;pvs;8;0;1;1;-50;200;1;20;25;3;2;1;3;3;2;0;3;3;1;3;150;150;600;1;1000;4;1;8;100;50;1","independent;pvs;8;0;1;1;-50;200;1;20;25;3;2;1;3;3;2;0;3;3;1;3;150;150;600;1;1000;4;1;8;100;50;1","independent;pvs;8;0;1;1;-50;200;1;20;25;3;2;1;3;3;2;0;3;3;1;3;150;150;600;1;1000;4;1;8;100;50;1","shared_value;pvs;8;0;1;1;-50;200;1;20;25;3;2;1;3;3;2;0;3;3;1;3;150;150;600;1;1000;4;1;8;100;50;1","rnbqkbnr/pppppppp/8/8/8/8/PPPPPPPP/RNBQKBNR w KQkq - 0 1","rnbqkbnr/pppppppp/8/8/8/8/PPPPPPPP/RNBQKBNR w KQkq - 0 1","0:0:0:0:0|0:0:0:0:0|0:0:0:0:0|0:0:0:0:0","759421758207090123:0:0",180000,180000,180000,180000,2000,real,1000,0,0,0,0,5,0,0,0,0,100,158857,117377,125617,138720,27,27,23,23,0,0,0,0,28,0,0,0,0,0,0,0,14,0,0,0,11,0,0
0,11035599632272773097,2026,5217400152004631166,team_a_wins,0,game_over,68,0,"shared_value;pvs;8;0;1;1;-50;200;1;20;25;3;2;1;3;3;2;0;3;3;1;3;150;150;600;1;1000;4;1;8;100;50;1","independent;pvs;8;0;1;1;-50;200;1;20;25;3;2;1;3;3;2;0;3;3;1;3;150;150;600;1;1000;4;1;8;100;50;1","independent;pvs;8;0;1;1;-50;200;1;20;25;3;2;1;3;3;2;0;3;3;1;3;150;150;600;1;1000;4;1;8;100;50;1","sacrifice;pvs;8;0;1;1;-50;200;1;20;25;3;2;1;3;3;2;0;3;3;1;3;150;150;600;1;1000;4;1;8;100;50;1","rnbqkbnr/pppppppp/8/8/8/8/PPPPPPPP/RNBQKBNR w KQkq - 0 1","rnbqkbnr/pppppppp/8/8/8/8/PPPPPPPP/RNBQKBNR w KQkq - 0 1","0:0:0:0:0|0:0:0:0:0|0:0:0:0:0|0:0:0:0:0","759421758207090123:0:0",180000,180000,180000,180000,2000,real,1000,0,0,0,0,5,0,0,0,0,100,165391,158237,196000,185950,10,10,24,24,0,0,0,0,20,13,0,7,0,0,0,0,12,1,1,0.0208333,6,0,0
0,11035599632272947317,2026,5217400152004631601,ongoing,-1,ply_limit,100,0,"shared_value;pvs;8;0;1;1;-50;200;1;20;25;3;2;1;3;3;2;0;3;3;1;3;150;150;600;1;1000;4;1;8;100;50;1","independent;pvs;8;0;1;1;-50;200;1;20;25;3;2;1;3;3;2;0;3;3;1;3;150;150;600;1;1000;4;1;8;100;50;1","request;pvs;8;0;1;1;-50;200;1;20;25;3;2;1;3;3;2;0;3;3;1;3;150;150;600;1;1000;4;1;8;100;50;1","independent;pvs;8;0;1;1;-50;200;1;20;25;3;2;1;3;3;2;0;3;3;1;3;150;150;600;1;1000;4;1;8;100;50;1","rnbqkbnr/pppppppp/8/8/8/8/PPPPPPPP/RNBQKBNR w KQkq - 0 1","rnbqkbnr/pppppppp/8/8/8/8/PPPPPPPP/RNBQKBNR w KQkq - 0 1","0:0:0:0:0|0:0:0:0:0|0:0:0:0:0|0:0:0:0:0","759421758207090123:0:0",180000,180000,180000,180000,2000,real,1000,0,0,0,0,5,0,0,0,0,100,168952,169936,235902,240384,9,8,41,42,41,41,41,0,23,0,0,0,0,0,0,0,13,0,0,0,4,0,0
0,11035599632272947380,2026,5217400152004631602,ongoing,-1,ply_limit,100,0,"shared_value;pvs;8;0;1;1;-50;200;1;20;25;3;2;1;3;3;2;0;3;3;1;3;150;150;600;1;1000;4;1;8;100;50;1","independent;pvs;8;0;1;1;-50;200;1;20;25;3;2;1;3;3;2;0;3;3;1;3;150;150;600;1;1000;4;1;8;100;50;1","request;pvs;8;0;1;1;-50;200;1;20;25;3;2;1;3;3;2;0;3;3;1;3;150;150;600;1;1000;4;1;8;100;50;1","request;pvs;8;0;1;1;-50;200;1;20;25;3;2;1;3;3;2;0;3;3;1;3;150;150;600;1;1000;4;1;8;100;50;1","rnbqkbnr/pppppppp/8/8/8/8/PPPPPPPP/RNBQKBNR w KQkq - 0 1","rnbqkbnr/pppppppp/8/8/8/8/PPPPPPPP/RNBQKBNR w KQkq - 0 1","0:0:0:0:0|0:0:0:0:0|0:0:0:0:0|0:0:0:0:0","759421758207090123:0:0",180000,180000,180000,180000,2000,real,1000,0,0,0,0,5,0,0,0,0,100,257385,261828,181741,183865,44,44,6,6,12,12,12,2,21,0,0,0,0,0,0,0,11,0,0,0,2,0,0
0,11035599632272947703,2026,5217400152004631603,team_a_wins,0,game_over,89,0,"shared_value;pvs;8;0;1;1;-50;200;1;20;25;3;2;1;3;3;2;0;3;3;1;3;150;150;600;1;1000;4;1;8;100;50;1","independent;pvs;8;0;1;1;-50;200;1;20;25;3;2;1;3;3;2;0;3;3;1;3;150;150;600;1;1000;4;1;8;100;50;1","request;pvs;8;0;1;1;-50;200;1;20;25;3;2;1;3;3;2;0;3;3;1;3;150;150;600;1;1000;4;1;8;100;50;1","shared_value;pvs;8;0;1;1;-50;200;1;20;25;3;2;1;3;3;2;0;3;3;1;3;150;150;600;1;1000;4;1;8;100;50;1","rnbqkbnr/pppppppp/8/8/8/8/PPPPPPPP/RNBQKBNR w KQkq - 0 1","rnbqkbnr/pppppppp/8/8/8/8/PPPPPPPP/RNBQKBNR w KQkq - 0 1","0:0:0:0:0|0:0:0:0:0|0:0:0:0:0|0:0:0:0:0","759421758207090123:0:0",180000,180000,180000,180000,2000,real,1000,0,0,0,0,5,0,0,0,0,100,160338,162429,178167,182355,18,17,27,27,27,27,27,0,14,0,0,0,0,0,0,0,9,1,4,0.111111,6,0,0
0,11035599632272942712,2026,5217400152004631596,team_a_wins,0,game_over,77,0,"shared_value;pvs;8;0;1;1;-50;200;1;20;25;3;2;1;3;3;2;0;3;3;1;3;150;150;600;1;1000;4;1;8;100;50;1","independent;pvs;8;0;1;1;-50;200;1;20;25;3;2;1;3;3;2;0;3;3;1;3;150;150;600;1;1000;4;1;8;100;50;1","request;pvs;8;0;1;1;-50;200;1;20;25;3;2;1;3;3;2;0;3;3;1;3;150;150;600;1;1000;4;1;8;100;50;1","sacrifice;pvs;8;0;1;1;-50;200;1;20;25;3;2;1;3;3;2;0;3;3;1;3;150;150;600;1;1000;4;1;8;100;50;1","rnbqkbnr/pppppppp/8/8/8/8/PPPPPPPP/RNBQKBNR w KQkq - 0 1","rnbqkbnr/pppppppp/8/8/8/8/PPPPPPPP/RNBQKBNR w KQkq - 0 1","0:0:0:0:0|0:0:0:0:0|0:0:0:0:0|0:0:0:0:0","759421758207090123:0:0",180000,180000,180000,180000,2000,real,1000,0,0,0,0,5,0,0,0,0,100,169080,162664,206757,204309,10,9,29,29,29,29,29,2,16,9,0,5,0,0,0,0,14,1,4,0.0714286,2,0,0
0,11035599632272938863,2026,5217400152004631792,team_b_wins,1,game_over,46,0,"shared_value;pvs;8;0;1;1;-50;200;1;20;25;3;2;1;3;3;2;0;3;3;1;3;150;150;600;1;1000;4;1;8;100;50;1","independent;pvs;8;0;1;1;-50;200;1;20;25;3;2;1;3;3;2;0;3;3;1;3;150;150;600;1;1000;4;1;8;100;50;1","shared_value;pvs;8;0;1;1;-50;200;1;20;25;3;2;1;3;3;2;0;3;3;1;3;150;150;600;1;1000;4;1;8;100;50;1","independent;pvs;8;0;1;1;-50;200;1;20;25;3;2;1;3;3;2;0;3;3;1;3;150;150;600;1;1000;4;1;8;100;50;1","rnbqkbnr/pppppppp/8/8/8/8/PPPPPPPP/RNBQKBNR w KQkq - 0 1","rnbqkbnr/pppppppp/8/8/8/8/PPPPPPPP/RNBQKBNR w KQkq - 0 1","0:0:0:0:0|0:0:0:0:0|0:0:0:0:0|0:0:0:0:0","759421758207090123:0:0",180000,180000,180000,180000,2000,real,1000,0,0,0,0,5,0,0,0,0,100,197161,200176,177232,178847,16,16,7,7,0,0,0,0,12,0,0,0,0,0,0,0,12,0,0,0,2,0,0
0,11035599632272926919,2026,5217400152004631795,draw,-1,game_over,89,0,"shared_value;pvs;8;0;1;1;-50;200;1;20;25;3;2;1;3;3;2;0;3;3;1;3;150;150;600;1;1000;4;1;8;100;50;1","independent;pvs;8;0;1;1;-50;200;1;20;25;3;2;1;3;3;2;0;3;3;1;3;150;150;600;1;1000;4;1;8;100;50;1","shared_value;pvs;8;0;1;1;-50;200;1;20;25;3;2;1;3;3;2;0;3;3;1;3;150;150;600;1;1000;4;1;8;100;50;1","request;pvs;8;0;1;1;-50;200;1;20;25;3;2;1;3;3;2;0;3;3;1;3;150;150;600;1;1000;4;1;8;100;50;1","rnbqkbnr/pppppppp/8/8/8/8/PPPPPPPP/RNBQKBNR w KQkq - 0 1","rnbqkbnr/pppppppp/8/8/8/8/PPPPPPPP/RNBQKBNR w KQkq - 0 1","0:0:0:0:0|0:0:0:0:0|0:0:0:0:0|0:0:0:0:0","759421758207090123:0:0",180000,180000,180000,180000,2000,real,1000,0,0,0,0,5,0,0,0,0,100,241836,247953,182054,184628,38,37,7,7,7,7,7,1,18,0,0,0,0,0,0,0,11,0,0,0,3,0,0
0,11035599632272926980,2026,5217400152004631794,ongoing,-1,ply_limit,100,0,"shared_value;pvs;8;0;1;1;-50;200;1;20;25;3;2;1;3;3;2;0;3;3;1;3;150;150;600;1;1000;4;1;8;100;50;1","independent;pvs;8;0;1;1;-50;200;1;20;25;3;2;1;3;3;2;0;3;3;1;3;150;150;600;1;1000;4;1;8;100;50;1","shared_value;pvs;8;0;1;1;-50;200;1;20;25;3;2;1;3;3;2;0;3;3;1;3;150;150;600;1;1000;4;1;8;100;50;1","shared_value;pvs;8;0;1;1;-50;200;1;20;25;3;2;1;3;3;2;0;3;3;1;3;150;150;600;1;1000;4;1;8;100;50;1","rnbqkbnr/pppppppp/8/8/8/8/PPPPPPPP/RNBQKBNR w KQkq - 0 1","rnbqkbnr/pppppppp/8/8/8/8/PPPPPPPP/RNBQKBNR w KQkq - 0 1","0:0:0:0:0|0:0:0:0:0|0:0:0:0:0|0:0:0:0:0","759421758207090123:0:0",180000,180000,180000,180000,2000,real,1000,0,0,0,0,5,0,0,0,0,100,260107,261923,183727,183574,44,43,6,7,0,0,0,0,20,0,0,0,0,0,0,0,10,0,0,0,0,0,0
0,11035599632272938156,2026,5217400152004631789,team_b_wins,1,game_over,46,0,"shared_value;pvs;8;0;1;1;-50;200;1;20;25;3;2;1;3;3;2;0;3;3;1;3;150;150;600;1;1000;4;1;8;100;50;1","independent;pvs;8;0;1;1;-50;200;1;20;25;3;2;1;3;3;2;0;3;3;1;3;150;150;600;1;1000;4;1;8;100;50;1","shared_value;pvs;8;0;1;1;-50;200;1;20;25;3;2;1;3;3;2;0;3;3;1;3;150;150;600;1;1000;4;1;8;100;50;1","sacrifice;pvs;8;0;1;1;-50;200;1;20;25;3;2;1;3;3;2;0;3;3;1;3;150;150;600;1;1000;4;1;8;100;50;1","rnbqkbnr/pppppppp/8/8/8/8/PPPPPPPP/RNBQKBNR w KQkq - 0 1","rnbqkbnr/pppppppp/8/8/8/8/PPPPPPPP/RNBQKBNR w KQkq - 0 1","0:0:0:0:0|0:0:0:0:0|0:0:0:0:0|0:0:0:0:0","759421758207090123:0:0",180000,180000,180000,180000,2000,real,1000,0,0,0,0,5,0,0,0,0,100,197184,200372,177277,178813,16,16,7,7,0,0,0,0,12,3,0,3,0,0,0,0,12,0,0,0,2,0,0
0,11035599632272939031,2026,5217400152004631731,draw,-1,game_over,60,0,"shared_value;pvs;8;0;1;1;-50;200;1;20;25;3;2;1;3;3;2;0;3;3;1;3;150;150;600;1;1000;4;1;8;100;50;1","independent;pvs;8;0;1;1;-50;200;1;20;25;3;2;1;3;3;2;0;3;3;1;3;150;150;600;1;1000;4;1;8;100;50;1","sacrifice;pvs;8;0;1;1;-50;200;1;20;25;3;2;1;3;3;2;0;3;3;1;3;150;150;600;1;1000;4;1;8;100;50;1","independent;pvs;8;0;1;1;-50;200;1;20;25;3;2;1;3;3;2;0;3;3;1;3;150;150;600;1;1000;4;1;8;100;50;1","rnbqkbnr/pppppppp/8/8/8/8/PPPPPPPP/RNBQKBNR w KQkq - 0 1","rnbqkbnr/pppppppp/8/8/8/8/PPPPPPPP/RNBQKBNR w KQkq - 0 1","0:0:0:0:0|0:0:0:0:0|0:0:0:0:0|0:0:0:0:0","759421758207090123:0:0",180000,180000,180000,180000,2000,real,1000,0,0,0,0,5,0,0,0,0,100,188559,181917,227184,227653,5,5,25,25,0,0,0,0,12,5,0,2,0,0,0,0,8,0,0,0,0,0,0
0,11035599632272934111,2026,5217400152004631728,ongoing,-1,ply_limit,100,0,"shared_value;pvs;8;0;1;1;-50;200;1;20;25;3;2;1;3;3;2;0;3;3;1;3;150;150;600;1;1000;4;1;8;100;50;1","independent;pvs;8;0;1;1;-50;200;1;20;25;3;2;1;3;3;2;0;3;3;1;3;150;150;600;1;1000;4;1;8;100;50;1","sacrifice;pvs;8;0;1;1;-50;200;1;20;25;3;2;1;3;3;2;0;3;3;1;3;150;150;600;1;1000;4;1;8;100;50;1","request;pvs;8;0;1;1;-50;200;1;20;25;3;2;1;3;3;2;0;3;3;1;3;150;150;600;1;1000;4;1;8;100;50;1","rnbqkbnr/pppppppp/8/8/8/8/PPPPPPPP/RNBQKBNR w KQkq - 0 1","rnbqkbnr/pppppppp/8/8/8/8/PPPPPPPP/RNBQKBNR w KQkq - 0 1","0:0:0:0:0|0:0:0:0:0|0:0:0:0:0|0:0:0:0:0","759421758207090123:0:0",180000,180000,180000,180000,2000,real,1000,0,0,0,0,5,0,0,0,0,100,256668,263154,182063,183864,44,44,6,6,6,6,6,1,18,3,0,0,0,0,0,0,10,0,0,0,0,0,0
0,11035599632272939413,2026,5217400152004631729,ongoing,-1,ply_limit,100,2,"shared_value;pvs;8;0;1;1;-50;200;1;20;25;3;2;1;3;3;2;0;3;3;1;3;150;150;600;1;1000;4;1;8;100;50;1","independent;pvs;8;0;1;1;-50;200;1;20;25;3;2;1;3;3;2;0;3;3;1;3;150;150;600;1;1000;4;1;8;100;50;1","sacrifice;pvs;8;0;1;1;-50;200;1;20;25;3;2;1;3;3;2;0;3;3;1;3;150;150;600;1;1000;4;1;8;100;50;1","shared_value;pvs;8;0;1;1;-50;200;1;20;25;3;2;1;3;3;2;0;3;3;1;3;150;150;600;1;1000;4;1;8;100;50;1","rnbqkbnr/pppppppp/8/8/8/8/PPPPPPPP/RNBQKBNR w KQkq - 0 1","rnbqkbnr/pppppppp/8/8/8/8/PPPPPPPP/RNBQKBNR w KQkq - 0 1","0:0:0:0:0|0:0:0:0:0|0:0:0:0:0|0:0:0:0:0","759421758207090123:0:0",180000,180000,180000,180000,2000,real,1000,0,0,0,0,5,0,0,0,0,100,153920,120380,122912,138577,27,26,23,24,0,0,0,0,33,2,0,1,1,0,0,0,13,0,0,0,10,2,0.2
0,11035599632272933981,2026,5217400152004631726,team_a_wins,0,game_over,92,2,"shared_value;pvs;8;0;1;1;-50;200;1;20;25;3;2;1;3;3;2;0;3;3;1;3;150;150;600;1;1000;4;1;8;100;50;1","independent;pvs;8;0;1;1;-50;200;1;20;25;3;2;1;3;3;2;0;3;3;1;3;150;150;600;1;1000;4;1;8;100;50;1","sacrifice;pvs;8;0;1;1;-50;200;1;20;25;3;2;1;3;3;2;0;3;3;1;3;150;150;600;1;1000;4;1;8;100;50;1","sacrifice;pvs;8;0;1;1;-50;200;1;20;25;3;2;1;3;3;2;0;3;3;1;3;150;150;600;1;1000;4;1;8;100;50;1","rnbqkbnr/pppppppp/8/8/8/8/PPPPPPPP/RNBQKBNR w KQkq - 0 1","rnbqkbnr/pppppppp/8/8/8/8/PPPPPPPP/RNBQKBNR w KQkq - 0 1","0:0:0:0:0|0:0:0:0:0|0:0:0:0:0|0:0:0:0:0","759421758207090123:0:0",180000,180000,180000,180000,2000,real,1000,0,0,0,0,5,0,0,0,0,100,154334,145994,179080,176497,17,16,29,30,0,0,0,0,30,19,0,9,0,0,0,0,17,0,0,0,12,0,0
0,11035599632271968321,2026,5217400152004635496,ongoing,-1,ply_limit,100,0,"shared_value;pvs;8;0;1;1;-50;200;1;20;25;3;2;1;3;3;2;0;3;3;1;3;150;150;600;1;1000;4;1;8;100;50;1","request;pvs;8;0;1;1;-50;200;1;20;25;3;2;1;3;3;2;0;3;3;1;3;150;150;600;1;1000;4;1;8;100;50;1","independent;pvs;8;0;1;1;-50;200;1;20;25;3;2;1;3;3;2;0;3;3;1;3;150;150;600;1;1000;4;1;8;100;50;1","independent;pvs;8;0;1;1;-50;200;1;20;25;3;2;1;3;3;2;0;3;3;1;3;150;150;600;1;1000;4;1;8;100;50;1","rnbqkbnr/pppppppp/8/8/8/8/PPPPPPPP/RNBQKBNR w KQkq - 0 1","rnbqkbnr/pppppppp/8/8/8/8/PPPPPPPP/RNBQKBNR w KQkq - 0 1","0:0:0:0:0|0:0:0:0:0|0:0:0:0:0|0:0:0:0:0","759421758207090123:0:0",180000,180000,180000,180000,2000,real,1000,0,0,0,0,5,0,0,0,0,100,229783,236104,178395,176501,39,38,11,12,38,38,38,0,20,0,0,0,0,0,0,0,12,1,4,0.0833333,4,0,0
0,11035599632271969675,2026,5217400152004635497,ongoing,-1,ply_limit,100,0,"shared_value;pvs;8;0;1;1;-50;200;1;20;25;3;2;1;3;3;2;0;3;3;1;3;150;150;600;1;1000;4;1;8;100;50;1","request;pvs;8;0;1;1;-50;200;1;20;25;3;2;1;3;3;2;0;3;3;1;3;150;150;600;1;1000;4;1;8;100;50;1","independent;pvs;8;0;1;1;-50;200;1;20;25;3;2;1;3;3;2;0;3;3;1;3;150;150;600;1;1000;4;1;8;100;50;1","request;pvs;8;0;1;1;-50;200;1;20;25;3;2;1;3;3;2;0;3;3;1;3;150;150;600;1;1000;4;1;8;100;50;1","rnbqkbnr/pppppppp/8/8/8/8/PPPPPPPP/RNBQKBNR w KQkq - 0 1","rnbqkbnr/pppppppp/8/8/8/8/PPPPPPPP/RNBQKBNR w KQkq - 0 1","0:0:0:0:0|0:0:0:0:0|0:0:0:0:0|0:0:0:0:0","759421758207090123:0:0",180000,180000,180000,180000,2000,real,1000,0,0,0,0,5,0,0,0,0,100,186796,183126,258650,258549,7,7,43,43,50,50,50,0,22,0,0,0,0,0,0,0,9,0,0,0,0,0,0
0,11035599632271969997,2026,5217400152004635502,team_b_wins,1,game_over,77,1,"shared_value;pvs;8;0;1;1;-50;200;1;20;25;3;2;1;3;3;2;0;3;3;1;3;150;150;600;1;1000;4;1;8;100;50;1","request;pvs;8;0;1;1;-50;200;1;20;25;3;2;1;3;3;2;0;3;3;1;3;150;150;600;1;1000;4;1;8;100;50;1","independent;pvs;8;0;1;1;-50;200;1;20;25;3;2;1;3;3;2;0;3;3;1;3;150;150;600;1;1000;4;1;8;100;50;1","shared_value;pvs;8;0;1;1;-50;200;1;20;25;3;2;1;3;3;2;0;3;3;1;3;150;150;600;1;1000;4;1;8;100;50;1","rnbqkbnr/pppppppp/8/8/8/8/PPPPPPPP/RNBQKBNR w KQkq - 0 1","rnbqkbnr/pppppppp/8/8/8/8/PPPPPPPP/RNBQKBNR w KQkq - 0 1","0:0:0:0:0|0:0:0:0:0|0:0:0:0:0|0:0:0:0:0","759421758207090123:0:0",180000,180000,180000,180000,2000,real,1000,0,0,0,0,5,0,0,0,0,100,168356,145067,152893,163666,19,19,19,20,19,19,19,2,22,0,0,0,0,0,0,0,16,1,3,0.046875,7,1,0.142857
0,11035599632271969806,2026,5217400152004635503,ongoing,-1,ply_limit,100,0,"shared_value;pvs;8;0;1;1;-50;200;1;20;25;3;2;1;3;3;2;0;3;3;1;3;150;150;600;1;1000;4;1;8;100;50;1","request;pvs;8;0;1;1;-50;200;1;20;25;3;2;1;3;3;2;0;3;3;1;3;150;150;600;1;1000;4;1;8;100;50;1","independent;pvs;8;0;1;1;-50;200;1;20;25;3;2;1;3;3;2;0;3;3;1;3;150;150;600;1;1000;4;1;8;100;50;1","sacrifice;pvs;8;0;1;1;-50;200;1;20;25;3;2;1;3;3;2;0;3;3;1;3;150;150;600;1;1000;4;1;8;100;50;1","rnbqkbnr/pppppppp/8/8/8/8/PPPPPPPP/RNBQKBNR w KQkq - 0 1","rnbqkbnr/pppppppp/8/8/8/8/PPPPPPPP/RNBQKBNR w KQkq - 0 1","0:0:0:0:0|0:0:0:0:0|0:0:0:0:0|0:0:0:0:0","759421758207090123:0:0",180000,180000,180000,180000,2000,real,1000,0,0,0,0,5,0,0,0,0,100,189102,182979,263372,262238,6,6,44,44,6,6,6,2,23,20,0,7,0,0,0,0,10,0,0,0,0,0,0
0,11035599632272151907,2026,5217400152004635680,team_a_wins,0,game_over,74,0,"shared_value;pvs;8;0;1;1;-50;200;1;20;25;3;2;1;3;3;2;0;3;3;1;3;150;150;600;1;1000;4;1;8;100;50;1","request;pvs;8;0;1;1;-50;200;1;20;25;3;2;1;3;3;2;0;3;3;1;3;150;150;600;1;1000;4;1;8;100;50;1","request;pvs;8;0;1;1;-50;200;1;20;25;3;2;1;3;3;2;0;3;3;1;3;150;150;600;1;1000;4;1;8;100;50;1","independent;pvs;8;0;1;1;-50;200;1;20;25;3;2;1;3;3;2;0;3;3;1;3;150;150;600;1;1000;4;1;8;100;50;1","rnbqkbnr/pppppppp/8/8/8/8/PPPPPPPP/RNBQKBNR w KQkq - 0 1","rnbqkbnr/pppppppp/8/8/8/8/PPPPPPPP/RNBQKBNR w KQkq - 0 1","0:0:0:0:0|0:0:0:0:0|0:0:0:0:0|0:0:0:0:0","759421758207090123:0:0",180000,180000,180000,180000,2000,real,1000,0,0,0,0,5,0,0,0,0,100,181848,130855,152111,151377,20,19,17,18,36,36,36,2,21,0,0,0,0,0,0,0,19,0,0,0,7,1,0.142857
0,11035599632272153011,2026,5217400152004635683,ongoing,-1,ply_limit,100,7,"shared_value;pvs;8;0;1;1;-50;200;1;20;25;3;2;1;3;3;2;0;3;3;1;3;150;150;600;1;1000;4;1;8;100;50;1","request;pvs;8;0;1;1;-50;200;1;20;25;3;2;1;3;3;2;0;3;3;1;3;150;150;600;1;1000;4;1;8;100;50;1","request;pvs;8;0;1;1;-50;200;1;20;25;3;2;1;3;3;2;0;3;3;1;3;150;150;600;1;1000;4;1;8;100;50;1","request;pvs;8;0;1;1;-50;200;1;20;25;3;2;1;3;3;2;0;3;3;1;3;150;150;600;1;1000;4;1;8;100;50;1","rnbqkbnr/pppppppp/8/8/8/8/PPPPPPPP/RNBQKBNR w KQkq - 0 1","rnbqkbnr/pppppppp/8/8/8/8/PPPPPPPP/RNBQKBNR w KQkq - 0 1","0:0:0:0:0|0:0:0:0:0|0:0:0:0:0|0:0:0:0:0","759421758207090123:0:0",180000,180000,180000,180000,2000,real,1000,0,0,0,0,5,0,0,0,0,100,161191,136039,154877,155427,24,23,26,27,76,75,76,3,24,0,0,0,0,0,0,0,16,1,1,0.015625,8,1,0.125
0,11035599632272152816,2026,5217400152004635682,ongoing,-1,ply_limit,100,7,"shared_value;pvs;8;0;1;1;-50;200;1;20;25;3;2;1;3;3;2;0;3;3;1;3;150;150;600;1;1000;4;1;8;100;50;1","request;pvs;8;0;1;1;-50;200;1;20;25;3;2;1;3;3;2;0;3;3;1;3;150;150;600;1;1000;4;1;8;100;50;1","request;pvs;8;0;1;1;-50;200;1;20;25;3;2;1;3;3;2;0;3;3;1;3;150;150;600;1;1000;4;1;8;100;50;1","shared_value;pvs;8;0;1;1;-50;200;1;20;25;3;2;1;3;3;2;0;3;3;1;3;150;150;600;1;1000;4;1;8;100;50;1","rnbqkbnr/pppppppp/8/8/8/8/PPPPPPPP/RNBQKBNR w KQkq - 0 1","rnbqkbnr/pppppppp/8/8/8/8/PPPPPPPP/RNBQKBNR w KQkq - 0 1","0:0:0:0:0|0:0:0:0:0|0:0:0:0:0|0:0:0:0:0","759421758207090123:0:0",180000,180000,180000,180000,2000,real,1000,0,0,0,0,5,0,0,0,0,100,151360,117101,122804,124132,28,27,22,23,49,49,49,1,28,0,0,0,0,0,0,0,12,0,0,0,8,0,0
0,11035599632272147792,2026,5217400152004635741,team_a_wins,0,game_over,89,6,"shared_value;pvs;8;0;1;1;-50;200;1;20;25;3;2;1;3;3;2;0;3;3;1;3;150;150;600;1;1000;4;1;8;100;50;1","request;pvs;8;0;1;1;-50;200;1;20;25;3;2;1;3;3;2;0;3;3;1;3;150;150;600;1;1000;4;1;8;100;50;1","request;pvs;8;0;1;1;-50;200;1;20;25;3;2;1;3;3;2;0;3;3;1;3;150;150;600;1;1000;4;1;8;100;50;1","sacrifice;pvs;8;0;1;1;-50;200;1;20;25;3;2;1;3;3;2;0;3;3;1;3;150;150;600;1;1000;4;1;8;100;50;1","rnbqkbnr/pppppppp/8/8/8/8/PPPPPPPP/RNBQKBNR w KQkq - 0 1","rnbqkbnr/pppppppp/8/8/8/8/PPPPPPPP/RNBQKBNR w KQkq - 0 1","0:0:0:0:0|0:0:0:0:0|0:0:0:0:0|0:0:0:0:0","759421758207090123:0:0",180000,180000,180000,180000,2000,real,1000,0,0,0,0,5,0,0,0,0,100,134893,128557,133535,140719,21,20,24,24,44,44,44,0,26,8,0,6,0,0,0,0,13,0,0,0,10,0,0
0,11035599632272157089,2026,5217400152004635873,team_a_wins,0,game_over,55,0,"shared_value;pvs;8;0;1;1;-50;200;1;20;25;3;2;1;3;3;2;0;3;3;1;3;150;150;600;1;1000;4;1;8;100;50;1","request;pvs;8;0;1;1;-50;200;1;20;25;3;2;1;3;3;2;0;3;3;1;3;150;150;600;1;1000;4;1;8;100;50;1","shared_value;pvs;8;0;1;1;-50;200;1;20;25;3;2;1;3;3;2;0;3;3;1;3;150;150;600;1;1000;4;1;8;100;50;1","independent;pvs;8;0;1;1;-50;200;1;20;25;3;2;1;3;3;2;0;3;3;1;3;150;150;600;1;1000;4;1;8;100;50;1","rnbqkbnr/pppppppp/8/8/8/8/PPPPPPPP/RNBQKBNR w KQkq - 0 1","rnbqkbnr/pppppppp/8/8/8/8/PPPPPPPP/RNBQKBNR w KQkq - 0 1","0:0:0:0:0|0:0:0:0:0|0:0:0:0:0|0:0:0:0:0","759421758207090123:0:0",180000,180000,180000,180000,2000,real,1000,0,0,0,0,5,0,0,0,0,100,214787,217182,181930,183866,22,21,6,6,21,21,21,0,11,0,0,0,0,0,0,0,9,0,0,0,2,0,0
0,11035599632272157152,2026,5217400152004635874,ongoing,-1,ply_limit,100,3,"shared_value;pvs;8;0;1;1;-50;200;1;20;25;3;2;1;3;3;2;0;3;3;1;3;150;150;600;1;1000;4;1;8;100;50;1","request;pvs;8;0;1;1;-50;200;1;20;25;3;2;1;3;3;2;0;3;3;1;3;150;150;600;1;1000;4;1;8;100;50;1","shared_value;pvs;8;0;1;1;-50;200;1;20;25;3;2;1;3;3;2;0;3;3;1;3;150;150;600;1;1000;4;1;8;100;50;1","request;pvs;8;0;1;1;-50;200;1;20;25;3;2;1;3;3;2;0;3;3;1;3;150;150;600;1;1000;4;1;8;100;50;1","rnbqkbnr/pppppppp/8/8/8/8/PPPPPPPP/RNBQKBNR w KQkq - 0 1","rnbqkbnr/pppppppp/8/8/8/8/PPPPPPPP/RNBQKBNR w KQkq - 0 1","0:0:0:0:0|0:0:0:0:0|0:0:0:0:0|0:0:0:0:0","759421758207090123:0:0",180000,180000,180000,180000,2000,real,1000,0,0,0,0,5,0,0,0,0,100,140688,138566,186337,157383,18,17,32,33,50,49,50,1,26,0,0,0,0,0,0,0,17,0,0,0,7,1,0.142857
0,11035599632272156707,2026,5217400152004635875,ongoing,-1,ply_limit,100,0,"shared_value;pvs;8;0;1;1;-50;200;1;20;25;3;2;1;3;3;2;0;3;3;1;3;150;150;600;1;1000;4;1;8;100;50;1","request;pvs;8;0;1;1;-50;200;1;20;25;3;2;1;3;3;2;0;3;3;1;3;150;150;600;1;1000;4;1;8;100;50;1","shared_value;pvs;8;0;1;1;-50;200;1;20;25;3;2;1;3;3;2;0;3;3;1;3;150;150;600;1;1000;4;1;8;100;50;1","shared_value;pvs;8;0;1;1;-50;200;1;20;25;3;2;1;3;3;2;0;3;3;1;3;150;150;600;1;1000;4;1;8;100;50;1","rnbqkbnr/pppppppp/8/8/8/8/PPPPPPPP/RNBQKBNR w KQkq - 0 1","rnbqkbnr/pppppppp/8/8/8/8/PPPPPPPP/RNBQKBNR w KQkq - 0 1","0:0:0:0:0|0:0:0:0:0|0:0:0:0:0|0:0:0:0:0","759421758207090123:0:0",180000,180000,180000,180000,2000,real,1000,0,0,0,0,5,0,0,0,0,100,250449,259762,180731,178306,44,43,6,7,43,43,43,0,18,0,0,0,0,0,0,0,9,0,0,0,1,0,0
0,11035599632272152164,2026,5217400152004635676,team_a_wins,0,game_over,90,0,"shared_value;pvs;8;0;1;1;-50;200;1;20;25;3;2;1;3;3;2;0;3;3;1;3;150;150;600;1;1000;4;1;8;100;50;1","request;pvs;8;0;1;1;-50;200;1;20;25;3;2;1;3;3;2;0;3;3;1;3;150;150;600;1;1000;4;1;8;100;50;1","shared_value;pvs;8;0;1;1;-50;200;1;20;25;3;2;1;3;3;2;0;3;3;1;3;150;150;600;1;1000;4;1;8;100;50;1","sacrifice;pvs;8;0;1;1;-50;200;1;20;25;3;2;1;3;3;2;0;3;3;1;3;150;150;600;1;1000;4;1;8;100;50;1","rnbqkbnr/pppppppp/8/8/8/8/PPPPPPPP/RNBQKBNR w KQkq - 0 1","rnbqkbnr/pppppppp/8/8/8/8/PPPPPPPP/RNBQKBNR w KQkq - 0 1","0:0:0:0:0|0:0:0:0:0|0:0:0:0:0|0:0:0:0:0","759421758207090123:0:0",180000,180000,180000,180000,2000,real,1000,0,0,0,0,5,0,0,0,0,100,242817,250268,181982,181592,39,38,6,7,38,38,38,0,25,4,0,3,0,0,0,0,12,0,0,0,3,0,0
0,11035599632272437520,2026,5217400152004636578,ongoing,-1,ply_limit,100,0,"shared_value;pvs;8;0;1;1;-50;200;1;20;25;3;2;1;3;3;2;0;3;3;1;3;150;150;600;1;1000;4;1;8;100;50;1","request;pvs;8;0;1;1;-50;200;1;20;25;3;2;1;3;3;2;0;3;3;1;3;150;150;600;1;1000;4;1;8;100;50;1","sacrifice;pvs;8;0;1;1;-50;200;1;20;25;3;2;1;3;3;2;0;3;3;1;3;150;150;600;1;1000;4;1;8;100;50;1","independent;pvs;8;0;1;1;-50;200;1;20;25;3;2;1;3;3;2;0;3;3;1;3;150;150;600;1;1000;4;1;8;100;50;1","rnbqkbnr/pppppppp/8/8/8/8/PPPPPPPP/RNBQKBNR w KQkq - 0 1","rnbqkbnr/pppppppp/8/8/8/8/PPPPPPPP/RNBQKBNR w KQkq - 0 1","0:0:0:0:0|0:0:0:0:0|0:0:0:0:0|0:0:0:0:0","759421758207090123:0:0",180000,180000,180000,180000,2000,real,1000,0,0,0,0,5,0,0,0,0,100,232441,240033,176083,180442,39,39,11,11,39,39,39,0,21,3,0,3,0,0,0,0,11,0,0,0,3,0,0
0,11035599632272437585,2026,5217400152004636577,team_a_wins,0,game_over,90,3,"shared_value;pvs;8;0;1;1;-50;200;1;20;25;3;2;1;3;3;2;0;3;3;1;3;150;150;600;1;1000;4;1;8;100;50;1","request;pvs;8;0;1;1;-50;200;1;20;25;3;2;1;3;3;2;0;3;3;1;3;150;150;600;1;1000;4;1;8;100;50;1","sacrifice;pvs;8;0;1;1;-50;200;1;20;25;3;2;1;3;3;2;0;3;3;1;3;150;150;600;1;1000;4;1;8;100;50;1","request;pvs;8;0;1;1;-50;200;1;20;25;3;2;1;3;3;2;0;3;3;1;3;150;150;600;1;1000;4;1;8;100;50;1","rnbqkbnr/pppppppp/8/8/8/8/PPPPPPPP/RNBQKBNR w KQkq - 0 1","rnbqkbnr/pppppppp/8/8/8/8/PPPPPPPP/RNBQKBNR w KQkq - 0 1","0:0:0:0:0|0:0:0:0:0|0:0:0:0:0|0:0:0:0:0","759421758207090123:0:0",180000,180000,180000,180000,2000,real,1000,0,0,0,0,5,0,0,0,0,100,166981,157982,157216,157020,24,23,21,22,45,45,45,1,19,17,0,15,2,0,0,0,13,1,1,0.0192308,7,0,0
0,11035599632272438915,2026,5217400152004636576,team_b_wins,1,game_over,74,0,"shared_value;pvs;8;0;1;1;-50;200;1;20;25;3;2;1;3;3;2;0;3;3;1;3;150;150;600;1;1000;4;1;8;100;50;1","request;pvs;8;0;1;1;-50;200;1;20;25;3;2;1;3;3;2;0;3;3;1;3;150;150;600;1;1000;4;1;8;100;50;1","sacrifice;pvs;8;0;1;1;-50;200;1;20;25;3;2;1;3;3;2;0;3;3;1;3;150;150;600;1;1000;4;1;8;100;50;1","shared_value;pvs;8;0;1;1;-50;200;1;20;25;3;2;1;3;3;2;0;3;3;1;3;150;150;600;1;1000;4;1;8;100;50;1","rnbqkbnr/pppppppp/8/8/8/8/PPPPPPPP/RNBQKBNR w KQkq - 0 1","rnbqkbnr/pppppppp/8/8/8/8/PPPPPPPP/RNBQKBNR w KQkq - 0 1","0:0:0:0:0|0:0:0:0:0|0:0:0:0:0|0:0:0:0:0","759421758207090123:0:0",180000,180000,180000,180000,2000,real,1000,0,0,0,0,5,0,0,0,0,100,166755,150913,152780,170900,18,18,19,19,18,18,18,2,20,4,0,2,0,0,0,0,15,0,0,0,7,1,0.142857
0,11035599632272435058,2026,5217400152004636639,ongoing,-1,ply_limit,100,1,"shared_value;pvs;8;0;1;1;-50;200;1;20;25;3;2;1;3;3;2;0;3;3;1;3;150;150;600;1;1000;4;1;8;100;50;1","request;pvs;8;0;1;1;-50;200;1;20;25;3;2;1;3;3;2;0;3;3;1;3;150;150;600;1;1000;4;1;8;100;50;1","sacrifice;pvs;8;0;1;1;-50;200;1;20;25;3;2;1;3;3;2;0;3;3;1;3;150;150;600;1;1000;4;1;8;100;50;1","sacrifice;pvs;8;0;1;1;-50;200;1;20;25;3;2;1;3;3;2;0;3;3;1;3;150;150;600;1;1000;4;1;8;100;50;1","rnbqkbnr/pppppppp/8/8/8/8/PPPPPPPP/RNBQKBNR w KQkq - 0 1","rnbqkbnr/pppppppp/8/8/8/8/PPPPPPPP/RNBQKBNR w KQkq - 0 1","0:0:0:0:0|0:0:0:0:0|0:0:0:0:0|0:0:0:0:0","759421758207090123:0:0",180000,180000,180000,180000,2000,real,1000,0,0,0,0,5,0,0,0,0,100,226222,232807,175541,175259,39,38,11,12,38,38,38,0,19,7,0,6,0,0,0,0,10,0,0,0,4,0,0
0,11035599632272231781,2026,5217400152004639515,ongoing,-1,ply_limit,100,0,"shared_value;pvs;8;0;1;1;-50;200;1;20;25;3;2;1;3;3;2;0;3;3;1;3;150;150;600;1;1000;4;1;8;100;50;1","shared_value;pvs;8;0;1;1;-50;200;1;20;25;3;2;1;3;3;2;0;3;3;1;3;150;150;600;1;1000;4;1;8;100;50;1","independent;pvs;8;0;1;1;-50;200;1;20;25;3;2;1;3;3;2;0;3;3;1;3;150;150;600;1;1000;4;1;8;100;50;1","independent;pvs;8;0;1;1;-50;200;1;20;25;3;2;1;3;3;2;0;3;3;1;3;150;150;600;1;1000;4;1;8;100;50;1","rnbqkbnr/pppppppp/8/8/8/8/PPPPPPPP/RNBQKBNR w KQkq - 0 1","rnbqkbnr/pppppppp/8/8/8/8/PPPPPPPP/RNBQKBNR w KQkq - 0 1","0:0:0:0:0|0:0:0:0:0|0:0:0:0:0|0:0:0:0:0","759421758207090123:0:0",180000,180000,180000,180000,2000,real,1000,0,0,0,0,5,0,0,0,0,100,188363,181194,266030,265928,5,5,45,45,0,0,0,0,22,0,0,0,0,0,0,0,10,0,0,0,0,0,0
0,11035599632272231846,2026,5217400152004639514,team_b_wins,1,game_over,19,0,"shared_value;pvs;8;0;1;1;-50;200;1;20;25;3;2;1;3;3;2;0;3;3;1;3;150;150;600;1;1000;4;1;8;100;50;1","shared_value;pvs;8;0;1;1;-50;200;1;20;25;3;2;1;3;3;2;0;3;3;1;3;150;150;600;1;1000;4;1;8;100;50;1","independent;pvs;8;0;1;1;-50;200;1;20;25;3;2;1;3;3;2;0;3;3;1;3;150;150;600;1;1000;4;1;8;100;50;1","request;pvs;8;0;1;1;-50;200;1;20;25;3;2;1;3;3;2;0;3;3;1;3;150;150;600;1;1000;4;1;8;100;50;1","rnbqkbnr/pppppppp/8/8/8/8/PPPPPPPP/RNBQKBNR w KQkq - 0 1","rnbqkbnr/pppppppp/8/8/8/8/PPPPPPPP/RNBQKBNR w KQkq - 0 1","0:0:0:0:0|0:0:0:0:0|0:0:0:0:0|0:0:0:0:0","759421758207090123:0:0",180000,180000,180000,180000,2000,real,1000,0,0,0,0,5,0,0,0,0,100,189104,189207,187347,189136,5,5,4,5,5,5,5,0,1,0,0,0,0,0,0,0,1,1,4,1,1,0,0
0,11035599632272232160,2026,5217400152004639517,draw,-1,game_over,83,0,"shared_value;pvs;8;0;1;1;-50;200;1;20;25;3;2;1;3;3;2;0;3;3;1;3;150;150;600;1;1000;4;1;8;100;50;1","shared_value;pvs;8;0;1;1;-50;200;1;20;25;3;2;1;3;3;2;0;3;3;1;3;150;150;600;1;1000;4;1;8;100;50;1","independent;pvs;8;0;1;1;-50;200;1;20;25;3;2;1;3;3;2;0;3;3;1;3;150;150;600;1;1000;4;1;8;100;50;1","shared_value;pvs;8;0;1;1;-50;200;1;20;25;3;2;1;3;3;2;0;3;3;1;3;150;150;600;1;1000;4;1;8;100;50;1","rnbqkbnr/pppppppp/8/8/8/8/PPPPPPPP/RNBQKBNR w KQkq - 0 1","rnbqkbnr/pppppppp/8/8/8/8/PPPPPPPP/RNBQKBNR w KQkq - 0 1","0:0:0:0:0|0:0:0:0:0|0:0:0:0:0|0:0:0:0:0","759421758207090123:0:0",180000,180000,180000,180000,2000,real,1000,0,0,0,0,5,0,0,0,0,100,183514,183560,245762,241621,7,6,35,35,0,0,0,0,15,0,0,0,0,0,0,0,10,0,0,0,0,0,0
0,11035599632272231716,2026,5217400152004639516,ongoing,-1,ply_limit,100,0,"shared_value;pvs;8;0;1;1;-50;200;1;20;25;3;2;1;3;3;2;0;3;3;1;3;150;150;600;1;1000;4;1;8;100;50;1","shared_value;pvs;8;0;1;1;-50;200;1;20;25;3;2;1;3;3;2;0;3;3;1;3;150;150;600;1;1000;4;1;8;100;50;1","independent;pvs;8;0;1;1;-50;200;1;20;25;3;2;1;3;3;2;0;3;3;1;3;150;150;600;1;1000;4;1;8;100;50;1","sacrifice;pvs;8;0;1;1;-50;200;1;20;25;3;2;1;3;3;2;0;3;3;1;3;150;150;600;1;1000;4;1;8;100;50;1","rnbqkbnr/pppppppp/8/8/8/8/PPPPPPPP/RNBQKBNR w KQkq - 0 1","rnbqkbnr/pppppppp/8/8/8/8/PPPPPPPP/RNBQKBNR w KQkq - 0 1","0:0:0:0:0|0:0:0:0:0|0:0:0:0:0|0:0:0:0:0","759421758207090123:0:0",180000,180000,180000,180000,2000,real,1000,0,0,0,0,5,0,0,0,0,100,183444,182695,262973,261894,6,6,44,44,0,0,0,0,23,9,0,5,0,0,0,0,10,0,0,0,1,0,0
0,11035599632275845759,2026,5217400152004640723,ongoing,-1,ply_limit,100,0,"shared_value;pvs;8;0;1;1;-50;200;1;20;25;3;2;1;3;3;2;0;3;3;1;3;150;150;600;1;1000;4;1;8;100;50;1","shared_value;pvs;8;0;1;1;-50;200;1;20;25;3;2;1;3;3;2;0;3;3;1;3;150;150;600;1;1000;4;1;8;100;50;1","request;pvs;8;0;1;1;-50;200;1;20;25;3;2;1;3;3;2;0;3;3;1;3;150;150;600;1;1000;4;1;8;100;50;1","independent;pvs;8;0;1;1;-50;200;1;20;25;3;2;1;3;3;2;0;3;3;1;3;150;150;600;1;1000;4;1;8;100;50;1","rnbqkbnr/pppppppp/8/8/8/8/PPPPPPPP/RNBQKBNR w KQkq - 0 1","rnbqkbnr/pppppppp/8/8/8/8/PPPPPPPP/RNBQKBNR w KQkq - 0 1","0:0:0:0:0|0:0:0:0:0|0:0:0:0:0|0:0:0:0:0","759421758207090123:0:0",180000,180000,180000,180000,2000,real,1000,0,0,0,0,5,0,0,0,0,100,183427,182673,262478,262669,6,6,44,44,44,44,44,0,21,0,0,0,0,0,0,0,10,0,0,0,1,0,0
0,11035599632275842807,2026,5217400152004640720,ongoing,-1,ply_limit,100,0,"shared_value;pvs;8;0;1;1;-50;200;1;20;25;3;2;1;3;3;2;0;3;3;1;3;150;150;600;1;1000;4;1;8;100;50;1","shared_value;pvs;8;0;1;1;-50;200;1;20;25;3;2;1;3;3;2;0;3;3;1;3;150;150;600;1;1000;4;1;8;100;50;1","request;pvs;8;0;1;1;-50;200;1;20;25;3;2;1;3;3;2;0;3;3;1;3;150;150;600;1;1000;4;1;8;100;50;1","request;pvs;8;0;1;1;-50;200;1;20;25;3;2;1;3;3;2;0;3;3;1;3;150;150;600;1;1000;4;1;8;100;50;1","rnbqkbnr/pppppppp/8/8/8/8/PPPPPPPP/RNBQKBNR w KQkq - 0 1","rnbqkbnr/pppppppp/8/8/8/8/PPPPPPPP/RNBQKBNR w KQkq - 0 1","0:0:0:0:0|0:0:0:0:0|0:0:0:0:0|0:0:0:0:0","759421758207090123:0:0",180000,180000,180000,180000,2000,real,1000,0,0,0,0,5,0,0,0,0,100,176382,176523,145312,144650,33,33,17,17,34,34,34,4,19,0,0,0,0,0,0,0,13,0,0,0,6,0,0
0,11035599632275845629,2026,5217400152004640721,team_b_wins,1,game_over,97,0,"shared_value;pvs;8;0;1;1;-50;200;1;20;25;3;2;1;3;3;2;0;3;3;1;3;150;150;600;1;1000;4;1;8;100;50;1","shared_value;pvs;8;0;1;1;-50;200;1;20;25;3;2;1;3;3;2;0;3;3;1;3;150;150;600;1;1000;4;1;8;100;50;1","request;pvs;8;0;1;1;-50;200;1;20;25;3;2;1;3;3;2;0;3;3;1;3;150;150;600;1;1000;4;1;8;100;50;1","shared_value;pvs;8;0;1;1;-50;200;1;20;25;3;2;1;3;3;2;0;3;3;1;3;150;150;600;1;1000;4;1;8;100;50;1","rnbqkbnr/pppppppp/8/8/8/8/PPPPPPPP/RNBQKBNR w KQkq - 0 1","rnbqkbnr/pppppppp/8/8/8/8/PPPPPPPP/RNBQKBNR w KQkq - 0 1","0:0:0:0:0|0:0:0:0:0|0:0:0:0:0|0:0:0:0:0","759421758207090123:0:0",180000,180000,180000,180000,2000,real,1000,0,0,0,0,5,0,0,0,0,100,183427,178423,257251,248961,7,7,41,42,41,41,41,0,17,0,0,0,0,0,0,0,9,1,3,0.0833333,1,0,0
0,11035599632275842677,2026,5217400152004640718,team_b_wins,1,game_over,79,0,"shared_value;pvs;8;0;1;1;-50;200;1;20;25;3;2;1;3;3;2;0;3;3;1;3;150;150;600;1;1000;4;1;8;100;50;1","shared_value;pvs;8;0;1;1;-50;200;1;20;25;3;2;1;3;3;2;0;3;3;1;3;150;150;600;1;1000;4;1;8;100;50;1","request;pvs;8;0;1;1;-50;200;1;20;25;3;2;1;3;3;2;0;3;3;1;3;150;150;600;1;1000;4;1;8;100;50;1","sacrifice;pvs;8;0;1;1;-50;200;1;20;25;3;2;1;3;3;2;0;3;3;1;3;150;150;600;1;1000;4;1;8;100;50;1","rnbqkbnr/pppppppp/8/8/8/8/PPPPPPPP/RNBQKBNR w KQkq - 0 1","rnbqkbnr/pppppppp/8/8/8/8/PPPPPPPP/RNBQKBNR w KQkq - 0 1","0:0:0:0:0|0:0:0:0:0|0:0:0:0:0|0:0:0:0:0","759421758207090123:0:0",180000,180000,180000,180000,2000,real,1000,0,0,0,0,5,0,0,0,0,100,189003,181766,239649,241235,6,6,33,34,33,33,33,0,18,11,0,6,0,0,0,0,8,0,0,0,0,0,0
0,11035599632275841292,2026,5217400152004640658,ongoing,-1,ply_limit,100,0,"shared_value;pvs;8;0;1;1;-50;200;1;20;25;3;2;1;3;3;2;0;3;3;1;3;150;150;600;1;1000;4;1;8;100;50;1","shared_value;pvs;8;0;1;1;-50;200;1;20;25;3;2;1;3;3;2;0;3;3;1;3;150;150;600;1;1000;4;1;8;100;50;1","shared_value;pvs;8;0;1;1;-50;200;1;20;25;3;2;1;3;3;2;0;3;3;1;3;150;150;600;1;1000;4;1;8;100;50;1","independent;pvs;8;0;1;1;-50;200;1;20;25;3;2;1;3;3;2;0;3;3;1;3;150;150;600;1;1000;4;1;8;100;50;1","rnbqkbnr/pppppppp/8/8/8/8/PPPPPPPP/RNBQKBNR w KQkq - 0 1","rnbqkbnr/pppppppp/8/8/8/8/PPPPPPPP/RNBQKBNR w KQkq - 0 1","0:0:0:0:0|0:0:0:0:0|0:0:0:0:0|0:0:0:0:0","759421758207090123:0:0",180000,180000,180000,180000,2000,real,1000,0,0,0,0,5,0,0,0,0,100,185370,185322,251190,257591,8,8,42,42,0,0,0,0,22,0,0,0,0,0,0,0,11,1,4,0.0909091,2,0,0
0,11035599632275841357,2026,5217400152004640657,team_b_wins,1,game_over,20,0,"shared_value;pvs;8;0;1;1;-50;200;1;20;25;3;2;1;3;3;2;0;3;3;1;3;150;150;600;1;1000;4;1;8;100;50;1","shared_value;pvs;8;0;1;1;-50;200;1;20;25;3;2;1;3;3;2;0;3;3;1;3;150;150;600;1;1000;4;1;8;100;50;1","shared_value;pvs;8;0;1;1;-50;200;1;20;25;3;2;1;3;3;2;0;3;3;1;3;150;150;600;1;1000;4;1;8;100;50;1","request;pvs;8;0;1;1;-50;200;1;20;25;3;2;1;3;3;2;0;3;3;1;3;150;150;600;1;1000;4;1;8;100;50;1","rnbqkbnr/pppppppp/8/8/8/8/PPPPPPPP/RNBQKBNR w KQkq - 0 1","rnbqkbnr/pppppppp/8/8/8/8/PPPPPPPP/RNBQKBNR w KQkq - 0 1","0:0:0:0:0|0:0:0:0:0|0:0:0:0:0|0:0:0:0:0","759421758207090123:0:0",180000,180000,180000,180000,2000,real,1000,0,0,0,0,5,0,0,0,0,100,189136,189321,189247,189159,5,5,5,5,5,5,5,0,2,0,0,0,0,0,0,0,2,1,3,0.375,1,0,0
0,11035599632275838631,2026,5217400152004640656,team_b_wins,1,game_over,84,0,"shared_value;pvs;8;0;1;1;-50;200;1;20;25;3;2;1;3;3;2;0;3;3;1;3;150;150;600;1;1000;4;1;8;100;50;1","shared_value;pvs;8;0;1;1;-50;200;1;20;25;3;2;1;3;3;2;0;3;3;1;3;150;150;600;1;1000;4;1;8;100;50;1","shared_value;pvs;8;0;1;1;-50;200;1;20;25;3;2;1;3;3;2;0;3;3;1;3;150;150;600;1;1000;4;1;8;100;50;1","shared_value;pvs;8;0;1;1;-50;200;1;20;25;3;2;1;3;3;2;0;3;3;1;3;150;150;600;1;1000;4;1;8;100;50;1","rnbqkbnr/pppppppp/8/8/8/8/PPPPPPPP/RNBQKBNR w KQkq - 0 1","rnbqkbnr/pppppppp/8/8/8/8/PPPPPPPP/RNBQKBNR w KQkq - 0 1","0:0:0:0:0|0:0:0:0:0|0:0:0:0:0|0:0:0:0:0","759421758207090123:0:0",180000,180000,180000,180000,2000,real,1000,0,0,0,0,5,0,0,0,0,100,145867,149681,150471,162281,20,19,22,23,0,0,0,0,17,0,0,0,0,0,0,0,13,0,0,0,6,0,0
0,11035599632275838694,2026,5217400152004640655,team_b_wins,1,game_over,19,0,"shared_value;pvs;8;0;1;1;-50;200;1;20;25;3;2;1;3;3;2;0;3;3;1;3;150;150;600;1;1000;4;1;8;100;50;1","shared_value;pvs;8;0;1;1;-50;200;1;20;25;3;2;1;3;3;2;0;3;3;1;3;150;150;600;1;1000;4;1;8;100;50;1","shared_value;pvs;8;0;1;1;-50;200;1;20;25;3;2;1;3;3;2;0;3;3;1;3;150;150;600;1;1000;4;1;8;100;50;1","sacrifice;pvs;8;0;1;1;-50;200;1;20;25;3;2;1;3;3;2;0;3;3;1;3;150;150;600;1;1000;4;1;8;100;50;1","rnbqkbnr/pppppppp/8/8/8/8/PPPPPPPP/RNBQKBNR w KQkq - 0 1","rnbqkbnr/pppppppp/8/8/8/8/PPPPPPPP/RNBQKBNR w KQkq - 0 1","0:0:0:0:0|0:0:0:0:0|0:0:0:0:0|0:0:0:0:0","759421758207090123:0:0",180000,180000,180000,180000,2000,real,1000,0,0,0,0,5,0,0,0,0,100,189111,189131,187217,189149,5,5,4,5,0,0,0,0,1,3,1,3,3,1,1,1,1,1,4,1,1,0,0
0,11035599632272414813,2026,5217400152004639825,draw,-1,game_over,92,0,"shared_value;pvs;8;0;1;1;-50;200;1;20;25;3;2;1;3;3;2;0;3;3;1;3;150;150;600;1;1000;4;1;8;100;50;1","shared_value;pvs;8;0;1;1;-50;200;1;20;25;3;2;1;3;3;2;0;3;3;1;3;150;150;600;1;1000;4;1;8;100;50;1","sacrifice;pvs;8;0;1;1;-50;200;1;20;25;3;2;1;3;3;2;0;3;3;1;3;150;150;600;1;1000;4;1;8;100;50;1","independent;pvs;8;0;1;1;-50;200;1;20;25;3;2;1;3;3;2;0;3;3;1;3;150;150;600;1;1000;4;1;8;100;50;1","rnbqkbnr/pppppppp/8/8/8/8/PPPPPPPP/RNBQKBNR w KQkq - 0 1","rnbqkbnr/pppppppp/8/8/8/8/PPPPPPPP/RNBQKBNR w KQkq - 0 1","0:0:0:0:0|0:0:0:0:0|0:0:0:0:0|0:0:0:0:0","759421758207090123:0:0",180000,180000,180000,180000,2000,real,1000,0,0,0,0,5,0,0,0,0,100,183439,184444,254987,258149,6,5,40,41,0,0,0,0,21,9,0,5,0,0,0,0,10,0,0,0,0,0,0
0,11035599632272414876,2026,5217400152004639826,team_b_wins,1,game_over,19,0,"shared_value;pvs;8;0;1;1;-50;200;1;20;25;3;2;1;3;3;2;0;3;3;1;3;150;150;600;1;1000;4;1;8;100;50;1","shared_value;pvs;8;0;1;1;-50;200;1;20;25;3;2;1;3;3;2;0;3;3;1;3;150;150;600;1;1000;4;1;8;100;50;1","sacrifice;pvs;8;0;1;1;-50;200;1;20;25;3;2;1;3;3;2;0;3;3;1;3;150;150;600;1;1000;4;1;8;100;50;1","request;pvs;8;0;1;1;-50;200;1;20;25;3;2;1;3;3;2;0;3;3;1;3;150;150;600;1;1000;4;1;8;100;50;1","rnbqkbnr/pppppppp/8/8/8/8/PPPPPPPP/RNBQKBNR w KQkq - 0 1","rnbqkbnr/pppppppp/8/8/8/8/PPPPPPPP/RNBQKBNR w KQkq - 0 1","0:0:0:0:0|0:0:0:0:0|0:0:0:0:0|0:0:0:0:0","759421758207090123:0:0",180000,180000,180000,180000,2000,real,1000,0,0,0,0,5,0,0,0,0,100,189121,189223,187351,189145,5,5,4,5,5,5,5,0,1,1,0,0,0,0,0,0,1,1,4,1,1,0,0
0,11035599632272415199,2026,5217400152004639827,ongoing,-1,ply_limit,100,0,"shared_value;pvs;8;0;1;1;-50;200;1;20;25;3;2;1;3;3;2;0;3;3;1;3;150;150;600;1;1000;4;1;8;100;50;1","shared_value;pvs;8;0;1;1;-50;200;1;20;25;3;2;1;3;3;2;0;3;3;1;3;150;150;600;1;1000;4;1;8;100;50;1","sacrifice;pvs;8;0;1;1;-50;200;1;20;25;3;2;1;3;3;2;0;3;3;1;3;150;150;600;1;1000;4;1;8;100;50;1","shared_value;pvs;8;0;1;1;-50;200;1;20;25;3;2;1;3;3;2;0;3;3;1;3;150;150;600;1;1000;4;1;8;100;50;1","rnbqkbnr/pppppppp/8/8/8/8/PPPPPPPP/RNBQKBNR w KQkq - 0 1","rnbqkbnr/pppppppp/8/8/8/8/PPPPPPPP/RNBQKBNR w KQkq - 0 1","0:0:0:0:0|0:0:0:0:0|0:0:0:0:0|0:0:0:0:0","759421758207090123:0:0",180000,180000,180000,180000,2000,real,1000,0,0,0,0,5,0,0,0,0,100,183551,183595,260514,258787,7,6,43,44,0,0,0,0,20,12,0,8,0,0,0,0,10,0,0,0,0,0,0
0,11035599632272410128,2026,5217400152004639820,team_a_wins,0,game_over,81,0,"shared_value;pvs;8;0;1;1;-50;200;1;20;25;3;2;1;3;3;2;0;3;3;1;3;150;150;600;1;1000;4;1;8;100;50;1","shared_value;pvs;8;0;1;1;-50;200;1;20;25;3;2;1;3;3;2;0;3;3;1;3;150;150;600;1;1000;4;1;8;100;50;1","sacrifice;pvs;8;0;1;1;-50;200;1;20;25;3;2;1;3;3;2;0;3;3;1;3;150;150;600;1;1000;4;1;8;100;50;1","sacrifice;pvs;8;0;1;1;-50;200;1;20;25;3;2;1;3;3;2;0;3;3;1;3;150;150;600;1;1000;4;1;8;100;50;1","rnbqkbnr/pppppppp/8/8/8/8/PPPPPPPP/RNBQKBNR w KQkq - 0 1","rnbqkbnr/pppppppp/8/8/8/8/PPPPPPPP/RNBQKBNR w KQkq - 0 1","0:0:0:0:0|0:0:0:0:0|0:0:0:0:0|0:0:0:0:0","759421758207090123:0:0",180000,180000,180000,180000,2000,real,1000,0,0,0,0,5,0,0,0,0,100,183473,188021,245568,245613,6,5,35,35,0,0,0,0,16,15,0,9,0,0,0,0,8,0,0,0,0,0,0
0,11035599632232001346,2026,5217400152004741642,ongoing,-1,ply_limit,100,0,"shared_value;pvs;8;0;1;1;-50;200;1;20;25;3;2;1;3;3;2;0;3;3;1;3;150;150;600;1;1000;4;1;8;100;50;1","sacrifice;pvs;8;0;1;1;-50;200;1;20;25;3;2;1;3;3;2;0;3;3;1;3;150;150;600;1;1000;4;1;8;100;50;1","independent;pvs;8;0;1;1;-50;200;1;20;25;3;2;1;3;3;2;0;3;3;1;3;150;150;600;1;1000;4;1;8;100;50;1","independent;pvs;8;0;1;1;-50;200;1;20;25;3;2;1;3;3;2;0;3;3;1;3;150;150;600;1;1000;4;1;8;100;50;1","rnbqkbnr/pppppppp/8/8/8/8/PPPPPPPP/RNBQKBNR w KQkq - 0 1","rnbqkbnr/pppppppp/8/8/8/8/PPPPPPPP/RNBQKBNR w KQkq - 0 1","0:0:0:0:0|0:0:0:0:0|0:0:0:0:0|0:0:0:0:0","759421758207090123:0:0",180000,180000,180000,180000,2000,real,1000,0,0,0,0,5,0,0,0,0,100,165141,158071,222693,226576,10,10,40,40,0,0,0,0,23,1,0,1,0,0,0,0,14,0,0,0,6,2,0.333333
0,11035599632232000513,2026,5217400152004741643,draw,-1,game_over,88,0,"shared_value;pvs;8;0;1;1;-50;200;1;20;25;3;2;1;3;3;2;0;3;3;1;3;150;150;600;1;1000;4;1;8;100;50;1","sacrifice;pvs;8;0;1;1;-50;200;1;20;25;3;2;1;3;3;2;0;3;3;1;3;150;150;600;1;1000;4;1;8;100;50;1","independent;pvs;8;0;1;1;-50;200;1;20;25;3;2;1;3;3;2;0;3;3;1;3;150;150;600;1;1000;4;1;8;100;50;1","request;pvs;8;0;1;1;-50;200;1;20;25;3;2;1;3;3;2;0;3;3;1;3;150;150;600;1;1000;4;1;8;100;50;1","rnbqkbnr/pppppppp/8/8/8/8/PPPPPPPP/RNBQKBNR w KQkq - 0 1","rnbqkbnr/pppppppp/8/8/8/8/PPPPPPPP/RNBQKBNR w KQkq - 0 1","0:0:0:0:0|0:0:0:0:0|0:0:0:0:0|0:0:0:0:0","759421758207090123:0:0",180000,180000,180000,180000,2000,real,1000,0,0,0,0,5,0,0,0,0,100,244783,249596,181629,183721,38,38,6,6,6,6,6,1,17,38,0,24,0,0,0,0,9,0,0,0,0,0,0
0,11035599632232000704,2026,5217400152004741644,team_a_wins,0,game_over,73,1,"shared_value;pvs;8;0;1;1;-50;200;1;20;25;3;2;1;3;3;2;0;3;3;1;3;150;150;600;1;1000;4;1;8;100;50;1","sacrifice;pvs;8;0;1;1;-50;200;1;20;25;3;2;1;3;3;2;0;3;3;1;3;150;150;600;1;1000;4;1;8;100;50;1","independent;pvs;8;0;1;1;-50;200;1;20;25;3;2;1;3;3;2;0;3;3;1;3;150;150;600;1;1000;4;1;8;100;50;1","shared_value;pvs;8;0;1;1;-50;200;1;20;25;3;2;1;3;3;2;0;3;3;1;3;150;150;600;1;1000;4;1;8;100;50;1","rnbqkbnr/pppppppp/8/8/8/8/PPPPPPPP/RNBQKBNR w KQkq - 0 1","rnbqkbnr/pppppppp/8/8/8/8/PPPPPPPP/RNBQKBNR w KQkq - 0 1","0:0:0:0:0|0:0:0:0:0|0:0:0:0:0|0:0:0:0:0","759421758207090123:0:0",180000,180000,180000,180000,2000,real,1000,0,0,0,0,5,0,0,0,0,100,148835,145269,145720,153141,18,17,19,19,0,0,0,0,19,3,0,2,1,0,0,0,14,0,0,0,4,0,0
0,11035599632232001412,2026,5217400152004741645,team_a_wins,0,game_over,87,2,"shared_value;pvs;8;0;1;1;-50;200;1;20;25;3;2;1;3;3;2;0;3;3;1;3;150;150;600;1;1000;4;1;8;100;50;1","sacrifice;pvs;8;0;1;1;-50;200;1;20;25;3;2;1;3;3;2;0;3;3;1;3;150;150;600;1;1000;4;1;8;100;50;1","independent;pvs;8;0;1;1;-50;200;1;20;25;3;2;1;3;3;2;0;3;3;1;3;150;150;600;1;1000;4;1;8;100;50;1","sacrifice;pvs;8;0;1;1;-50;200;1;20;25;3;2;1;3;3;2;0;3;3;1;3;150;150;600;1;1000;4;1;8;100;50;1","rnbqkbnr/pppppppp/8/8/8/8/PPPPPPPP/RNBQKBNR w KQkq - 0 1","rnbqkbnr/pppppppp/8/8/8/8/PPPPPPPP/RNBQKBNR w KQkq - 0 1","0:0:0:0:0|0:0:0:0:0|0:0:0:0:0|0:0:0:0:0","759421758207090123:0:0",180000,180000,180000,180000,2000,real,1000,0,0,0,0,5,0,0,0,0,100,147053,134516,161400,156736,17,16,27,27,0,0,0,0,23,10,0,6,0,0,0,0,17,1,4,0.0588235,8,1,0.125
0,11035599632231938808,2026,5217400152004742594,ongoing,-1,ply_limit,100,0,"shared_value;pvs;8;0;1;1;-50;200;1;20;25;3;2;1;3;3;2;0;3;3;1;3;150;150;600;1;1000;4;1;8;100;50;1","sacrifice;pvs;8;0;1;1;-50;200;1;20;25;3;2;1;3;3;2;0;3;3;1;3;150;150;600;1;1000;4;1;8;100;50;1","request;pvs;8;0;1;1;-50;200;1;20;25;3;2;1;3;3;2;0;3;3;1;3;150;150;600;1;1000;4;1;8;100;50;1","independent;pvs;8;0;1;1;-50;200;1;20;25;3;2;1;3;3;2;0;3;3;1;3;150;150;600;1;1000;4;1;8;100;50;1","rnbqkbnr/pppppppp/8/8/8/8/PPPPPPPP/RNBQKBNR w KQkq - 0 1","rnbqkbnr/pppppppp/8/8/8/8/PPPPPPPP/RNBQKBNR w KQkq - 0 1","0:0:0:0:0|0:0:0:0:0|0:0:0:0:0|0:0:0:0:0","759421758207090123:0:0",180000,180000,180000,180000,2000,real,1000,0,0,0,0,5,0,0,0,0,100,173050,171777,241267,249874,8,7,42,43,42,42,42,0,19,1,0,1,0,0,0,0,11,0,0,0,4,0,0
0,11035599632231938745,2026,5217400152004742593,ongoing,-1,ply_limit,100,0,"shared_value;pvs;8;0;1;1;-50;200;1;20;25;3;2;1;3;3;2;0;3;3;1;3;150;150;600;1;1000;4;1;8;100;50;1","sacrifice;pvs;8;0;1;1;-50;200;1;20;25;3;2;1;3;3;2;0;3;3;1;3;150;150;600;1;1000;4;1;8;100;50;1","request;pvs;8;0;1;1;-50;200;1;20;25;3;2;1;3;3;2;0;3;3;1;3;150;150;600;1;1000;4;1;8;100;50;1","request;pvs;8;0;1;1;-50;200;1;20;25;3;2;1;3;3;2;0;3;3;1;3;150;150;600;1;1000;4;1;8;100;50;1","rnbqkbnr/pppppppp/8/8/8/8/PPPPPPPP/RNBQKBNR w KQkq - 0 1","rnbqkbnr/pppppppp/8/8/8/8/PPPPPPPP/RNBQKBNR w KQkq - 0 1","0:0:0:0:0|0:0:0:0:0|0:0:0:0:0|0:0:0:0:0","759421758207090123:0:0",180000,180000,180000,180000,2000,real,1000,0,0,0,0,5,0,0,0,0,100,254676,258440,181283,178611,44,43,6,7,13,13,13,3,17,33,0,24,0,0,0,0,10,0,0,0,1,0,0
0,11035599632231937051,2026,5217400152004742592,team_a_wins,0,game_over,74,0,"shared_value;pvs;8;0;1;1;-50;200;1;20;25;3;2;1;3;3;2;0;3;3;1;3;150;150;600;1;1000;4;1;8;100;50;1","sacrifice;pvs;8;0;1;1;-50;200;1;20;25;3;2;1;3;3;2;0;3;3;1;3;150;150;600;1;1000;4;1;8;100;50;1","request;pvs;8;0;1;1;-50;200;1;20;25;3;2;1;3;3;2;0;3;3;1;3;150;150;600;1;1000;4;1;8;100;50;1","shared_value;pvs;8;0;1;1;-50;200;1;20;25;3;2;1;3;3;2;0;3;3;1;3;150;150;600;1;1000;4;1;8;100;50;1","rnbqkbnr/pppppppp/8/8/8/8/PPPPPPPP/RNBQKBNR w KQkq - 0 1","rnbqkbnr/pppppppp/8/8/8/8/PPPPPPPP/RNBQKBNR w KQkq - 0 1","0:0:0:0:0|0:0:0:0:0|0:0:0:0:0|0:0:0:0:0","759421758207090123:0:0",180000,180000,180000,180000,2000,real,1000,0,0,0,0,5,0,0,0,0,100,173041,152618,152796,167724,19,19,18,18,18,18,18,2,20,4,0,2,0,0,0,0,15,0,0,0,7,1,0.142857
0,11035599632231932938,2026,5217400152004742655,team_a_wins,0,game_over,89,2,"shared_value;pvs;8;0;1;1;-50;200;1;20;25;3;2;1;3;3;2;0;3;3;1;3;150;150;600;1;1000;4;1;8;100;50;1","sacrifice;pvs;8;0;1;1;-50;200;1;20;25;3;2;1;3;3;2;0;3;3;1;3;150;150;600;1;1000;4;1;8;100;50;1","request;pvs;8;0;1;1;-50;200;1;20;25;3;2;1;3;3;2;0;3;3;1;3;150;150;600;1;1000;4;1;8;100;50;1","sacrifice;pvs;8;0;1;1;-50;200;1;20;25;3;2;1;3;3;2;0;3;3;1;3;150;150;600;1;1000;4;1;8;100;50;1","rnbqkbnr/pppppppp/8/8/8/8/PPPPPPPP/RNBQKBNR w KQkq - 0 1","rnbqkbnr/pppppppp/8/8/8/8/PPPPPPPP/RNBQKBNR w KQkq - 0 1","0:0:0:0:0|0:0:0:0:0|0:0:0:0:0|0:0:0:0:0","759421758207090123:0:0",180000,180000,180000,180000,2000,real,1000,0,0,0,0,5,0,0,0,0,100,152248,134491,161891,165488,17,16,28,28,28,28,28,1,23,11,0,7,0,0,0,0,13,0,0,0,7,0,0
0,11035599632231975787,2026,5217400152004742531,team_a_wins,0,game_over,94,0,"shared_value;pvs;8;0;1;1;-50;200;1;20;25;3;2;1;3;3;2;0;3;3;1;3;150;150;600;1;1000;4;1;8;100;50;1","sacrifice;pvs;8;0;1;1;-50;200;1;20;25;3;2;1;3;3;2;0;3;3;1;3;150;150;600;1;1000;4;1;8;100;50;1","shared_value;pvs;8;0;1;1;-50;200;1;20;25;3;2;1;3;3;2;0;3;3;1;3;150;150;600;1;1000;4;1;8;100;50;1","independent;pvs;8;0;1;1;-50;200;1;20;25;3;2;1;3;3;2;0;3;3;1;3;150;150;600;1;1000;4;1;8;100;50;1","rnbqkbnr/pppppppp/8/8/8/8/PPPPPPPP/RNBQKBNR w KQkq - 0 1","rnbqkbnr/pppppppp/8/8/8/8/PPPPPPPP/RNBQKBNR w KQkq - 0 1","0:0:0:0:0|0:0:0:0:0|0:0:0:0:0|0:0:0:0:0","759421758207090123:0:0",180000,180000,180000,180000,2000,real,1000,0,0,0,0,5,0,0,0,0,100,247122,253083,181862,181110,41,40,6,7,0,0,0,0,25,12,0,5,0,0,0,0,12,0,0,0,3,0,0
0,11035599632231973931,2026,5217400152004742528,draw,-1,game_over,95,0,"shared_value;pvs;8;0;1;1;-50;200;1;20;25;3;2;1;3;3;2;0;3;3;1;3;150;150;600;1;1000;4;1;8;100;50;1","sacrifice;pvs;8;0;1;1;-50;200;1;20;25;3;2;1;3;3;2;0;3;3;1;3;150;150;600;1;1000;4;1;8;100;50;1","shared_value;pvs;8;0;1;1;-50;200;1;20;25;3;2;1;3;3;2;0;3;3;1;3;150;150;600;1;1000;4;1;8;100;50;1","request;pvs;8;0;1;1;-50;200;1;20;25;3;2;1;3;3;2;0;3;3;1;3;150;150;600;1;1000;4;1;8;100;50;1","rnbqkbnr/pppppppp/8/8/8/8/PPPPPPPP/RNBQKBNR w KQkq - 0 1","rnbqkbnr/pppppppp/8/8/8/8/PPPPPPPP/RNBQKBNR w KQkq - 0 1","0:0:0:0:0|0:0:0:0:0|0:0:0:0:0|0:0:0:0:0","759421758207090123:0:0",180000,180000,180000,180000,2000,real,1000,0,0,0,0,5,0,0,0,0,100,230522,242873,173391,174318,39,39,8,9,9,9,9,1,16,30,0,25,0,0,0,0,12,0,0,0,2,0,0
0,11035599632231975657,2026,5217400152004742529,ongoing,-1,ply_limit,100,0,"shared_value;pvs;8;0;1;1;-50;200;1;20;25;3;2;1;3;3;2;0;3;3;1;3;150;150;600;1;1000;4;1;8;100;50;1","sacrifice;pvs;8;0;1;1;-50;200;1;20;25;3;2;1;3;3;2;0;3;3;1;3;150;150;600;1;1000;4;1;8;100;50;1","shared_value;pvs;8;0;1;1;-50;200;1;20;25;3;2;1;3;3;2;0;3;3;1;3;150;150;600;1;1000;4;1;8;100;50;1","shared_value;pvs;8;0;1;1;-50;200;1;20;25;3;2;1;3;3;2;0;3;3;1;3;150;150;600;1;1000;4;1;8;100;50;1","rnbqkbnr/pppppppp/8/8/8/8/PPPPPPPP/RNBQKBNR w KQkq - 0 1","rnbqkbnr/pppppppp/8/8/8/8/PPPPPPPP/RNBQKBNR w KQkq - 0 1","0:0:0:0:0|0:0:0:0:0|0:0:0:0:0|0:0:0:0:0","759421758207090123:0:0",180000,180000,180000,180000,2000,real,1000,0,0,0,0,5,0,0,0,0,100,257823,260455,183624,183234,44,43,6,7,0,0,0,0,17,12,0,8,0,0,0,0,10,0,0,0,0,0,0
0,11035599632231937945,2026,5217400152004742590,team_a_wins,0,game_over,96,0,"shared_value;pvs;8;0;1;1;-50;200;1;20;25;3;2;1;3;3;2;0;3;3;1;3;150;150;600;1;1000;4;1;8;100;50;1","sacrifice;pvs;8;0;1;1;-50;200;1;20;25;3;2;1;3;3;2;0;3;3;1;3;150;150;600;1;1000;4;1;8;100;50;1","shared_value;pvs;8;0;1;1;-50;200;1;20;25;3;2;1;3;3;2;0;3;3;1;3;150;150;600;1;1000;4;1;8;100;50;1","sacrifice;pvs;8;0;1;1;-50;200;1;20;25;3;2;1;3;3;2;0;3;3;1;3;150;150;600;1;1000;4;1;8;100;50;1","rnbqkbnr/pppppppp/8/8/8/8/PPPPPPPP/RNBQKBNR w KQkq - 0 1","rnbqkbnr/pppppppp/8/8/8/8/PPPPPPPP/RNBQKBNR w KQkq - 0 1","0:0:0:0:0|0:0:0:0:0|0:0:0:0:0|0:0:0:0:0","759421758207090123:0:0",180000,180000,180000,180000,2000,real,1000,0,0,0,0,5,0,0,0,0,100,249020,255259,182103,180882,42,41,6,7,0,0,0,0,26,20,0,12,2,0,0,0,12,0,0,0,3,0,0
0,11035599632231979003,2026,5217400152004742464,ongoing,-1,ply_limit,100,5,"shared_value;pvs;8;0;1;1;-50;200;1;20;25;3;2;1;3;3;2;0;3;3;1;3;150;150;600;1;1000;4;1;8;100;50;1","sacrifice;pvs;8;0;1;1;-50;200;1;20;25;3;2;1;3;3;2;0;3;3;1;3;150;150;600;1;1000;4;1;8;100;50;1","sacrifice;pvs;8;0;1;1;-50;200;1;20;25;3;2;1;3;3;2;0;3;3;1;3;150;150;600;1;1000;4;1;8;100;50;1","independent;pvs;8;0;1;1;-50;200;1;20;25;3;2;1;3;3;2;0;3;3;1;3;150;150;600;1;1000;4;1;8;100;50;1","rnbqkbnr/pppppppp/8/8/8/8/PPPPPPPP/RNBQKBNR w KQkq - 0 1","rnbqkbnr/pppppppp/8/8/8/8/PPPPPPPP/RNBQKBNR w KQkq - 0 1","0:0:0:0:0|0:0:0:0:0|0:0:0:0:0|0:0:0:0:0","759421758207090123:0:0",180000,180000,180000,180000,2000,real,1000,0,0,0,0,5,0,0,0,0,100,143756,140448,180966,179466,16,15,34,35,0,0,0,0,28,4,0,3,0,0,0,0,15,0,0,0,6,2,0.333333
0,11035599632231979163,2026,5217400152004742467,ongoing,-1,ply_limit,100,4,"shared_value;pvs;8;0;1;1;-50;200;1;20;25;3;2;1;3;3;2;0;3;3;1;3;150;150;600;1;1000;4;1;8;100;50;1","sacrifice;pvs;8;0;1;1;-50;200;1;20;25;3;2;1;3;3;2;0;3;3;1;3;150;150;600;1;1000;4;1;8;100;50;1","sacrifice;pvs;8;0;1;1;-50;200;1;20;25;3;2;1;3;3;2;0;3;3;1;3;150;150;600;1;1000;4;1;8;100;50;1","request;pvs;8;0;1;1;-50;200;1;20;25;3;2;1;3;3;2;0;3;3;1;3;150;150;600;1;1000;4;1;8;100;50;1","rnbqkbnr/pppppppp/8/8/8/8/PPPPPPPP/RNBQKBNR w KQkq - 0 1","rnbqkbnr/pppppppp/8/8/8/8/PPPPPPPP/RNBQKBNR w KQkq - 0 1","0:0:0:0:0|0:0:0:0:0|0:0:0:0:0|0:0:0:0:0","759421758207090123:0:0",180000,180000,180000,180000,2000,real,1000,0,0,0,0,5,0,0,0,0,100,133678,124358,155017,155133,19,19,31,31,31,31,31,0,25,4,0,3,0,0,0,0,14,1,4,0.0714286,7,0,0
0,11035599632231979352,2026,5217400152004742466,ongoing,-1,ply_limit,100,1,"shared_value;pvs;8;0;1;1;-50;200;1;20;25;3;2;1;3;3;2;0;3;3;1;3;150;150;600;1;1000;4;1;8;100;50;1","sacrifice;pvs;8;0;1;1;-50;200;1;20;25;3;2;1;3;3;2;0;3;3;1;3;150;150;600;1;1000;4;1;8;100;50;1","sacrifice;pvs;8;0;1;1;-50;200;1;20;25;3;2;1;3;3;2;0;3;3;1;3;150;150;600;1;1000;4;1;8;100;50;1","shared_value;pvs;8;0;1;1;-50;200;1;20;25;3;2;1;3;3;2;0;3;3;1;3;150;150;600;1;1000;4;1;8;100;50;1","rnbqkbnr/pppppppp/8/8/8/8/PPPPPPPP/RNBQKBNR w KQkq - 0 1","rnbqkbnr/pppppppp/8/8/8/8/PPPPPPPP/RNBQKBNR w KQkq - 0 1","0:0:0:0:0|0:0:0:0:0|0:0:0:0:0|0:0:0:0:0","759421758207090123:0:0",180000,180000,180000,180000,2000,real,1000,0,0,0,0,5,0,0,0,0,100,134524,122448,116884,128599,26,26,24,24,0,0,0,0,24,5,0,3,1,0,0,0,13,0,0,0,10,3,0.3
0,11035599632231974888,2026,5217400152004742525,ongoing,-1,ply_limit,100,0,"shared_value;pvs;8;0;1;1;-50;200;1;20;25;3;2;1;3;3;2;0;3;3;1;3;150;150;600;1;1000;4;1;8;100;50;1","sacrifice;pvs;8;0;1;1;-50;200;1;20;25;3;2;1;3;3;2;0;3;3;1;3;150;150;600;1;1000;4;1;8;100;50;1","sacrifice;pvs;8;0;1;1;-50;200;1;20;25;3;2;1;3;3;2;0;3;3;1;3;150;150;600;1;1000;4;1;8;100;50;1","sacrifice;pvs;8;0;1;1;-50;200;1;20;25;3;2;1;3;3;2;0;3;3;1;3;150;150;600;1;1000;4;1;8;100;50;1","rnbqkbnr/pppppppp/8/8/8/8/PPPPPPPP/RNBQKBNR w KQkq - 0 1","rnbqkbnr/pppppppp/8/8/8/8/PPPPPPPP/RNBQKBNR w KQkq - 0 1","0:0:0:0:0|0:0:0:0:0|0:0:0:0:0|0:0:0:0:0","759421758207090123:0:0",180000,180000,180000,180000,2000,real,1000,0,0,0,0,5,0,0,0,0,100,133472,125644,149009,155940,19,19,31,31,0,0,0,0,29,60,0,41,0,0,0,0,18,0,0,0,8,0,0
0,11035599632189598184,2026,5217400152005442284,ongoing,-1,ply_limit,100,2,"sacrifice;pvs;8;0;1;1;-50;200;1;20;25;3;2;1;3;3;2;0;3;3;1;3;150;150;600;1;1000;4;1;8;100;50;1","independent;pvs;8;0;1;1;-50;200;1;20;25;3;2;1;3;3;2;0;3;3;1;3;150;150;600;1;1000;4;1;8;100;50;1","independent;pvs;8;0;1;1;-50;200;1;20;25;3;2;1;3;3;2;0;3;3;1;3;150;150;600;1;1000;4;1;8;100;50;1","independent;pvs;8;0;1;1;-50;200;1;20;25;3;2;1;3;3;2;0;3;3;1;3;150;150;600;1;1000;4;1;8;100;50;1","rnbqkbnr/pppppppp/8/8/8/8/PPPPPPPP/RNBQKBNR w KQkq - 0 1","rnbqkbnr/pppppppp/8/8/8/8/PPPPPPPP/RNBQKBNR w KQkq - 0 1","0:0:0:0:0|0:0:0:0:0|0:0:0:0:0|0:0:0:0:0","759421758207090123:0:0",180000,180000,180000,180000,2000,real,1000,0,0,0,0,5,0,0,0,0,100,130551,129132,118913,122395,27,27,23,23,0,0,0,0,27,5,0,4,0,0,0,0,18,0,0,0,10,1,0.1
0,11035599632189598252,2026,5217400152005442285,ongoing,-1,ply_limit,100,0,"sacrifice;pvs;8;0;1;1;-50;200;1;20;25;3;2;1;3;3;2;0;3;3;1;3;150;150;600;1;1000;4;1;8;100;50;1","independent;pvs;8;0;1;1;-50;200;1;20;25;3;2;1;3;3;2;0;3;3;1;3;150;150;600;1;1000;4;1;8;100;50;1","independent;pvs;8;0;1;1;-50;200;1;20;25;3;2;1;3;3;2;0;3;3;1;3;150;150;600;1;1000;4;1;8;100;50;1","request;pvs;8;0;1;1;-50;200;1;20;25;3;2;1;3;3;2;0;3;3;1;3;150;150;600;1;1000;4;1;8;100;50;1","rnbqkbnr/pppppppp/8/8/8/8/PPPPPPPP/RNBQKBNR w KQkq - 0 1","rnbqkbnr/pppppppp/8/8/8/8/PPPPPPPP/RNBQKBNR w KQkq - 0 1","0:0:0:0:0|0:0:0:0:0|0:0:0:0:0|0:0:0:0:0","759421758207090123:0:0",180000,180000,180000,180000,2000,real,1000,0,0,0,0,5,0,0,0,0,100,187183,182470,149189,154252,33,33,17,17,17,17,17,3,23,8,1,6,2,1,0,0,13,0,0,0,9,0,0
0,11035599632189597572,2026,5217400152005442290,team_a_wins,0,game_over,91,0,"sacrifice;pvs;8;0;1;1;-50;200;1;20;25;3;2;1;3;3;2;0;3;3;1;3;150;150;600;1;1000;4;1;8;100;50;1","independent;pvs;8;0;1;1;-50;200;1;20;25;3;2;1;3;3;2;0;3;3;1;3;150;150;600;1;1000;4;1;8;100;50;1","independent;pvs;8;0;1;1;-50;200;1;20;25;3;2;1;3;3;2;0;3;3;1;3;150;150;600;1;1000;4;1;8;100;50;1","shared_value;pvs;8;0;1;1;-50;200;1;20;25;3;2;1;3;3;2;0;3;3;1;3;150;150;600;1;1000;4;1;8;100;50;1","rnbqkbnr/pppppppp/8/8/8/8/PPPPPPPP/RNBQKBNR w KQkq - 0 1","rnbqkbnr/pppppppp/8/8/8/8/PPPPPPPP/RNBQKBNR w KQkq - 0 1","0:0:0:0:0|0:0:0:0:0|0:0:0:0:0|0:0:0:0:0","759421758207090123:0:0",180000,180000,180000,180000,2000,real,1000,0,0,0,0,5,0,0,0,0,100,257140,255814,181864,188462,41,40,5,5,0,0,0,0,20,20,0,8,0,0,0,0,10,1,3,0.075,1,0,0
0,11035599632189597511,2026,5217400152005442291,ongoing,-1,ply_limit,100,0,"sacrifice;pvs;8;0;1;1;-50;200;1;20;25;3;2;1;3;3;2;0;3;3;1;3;150;150;600;1;1000;4;1;8;100;50;1","independent;pvs;8;0;1;1;-50;200;1;20;25;3;2;1;3;3;2;0;3;3;1;3;150;150;600;1;1000;4;1;8;100;50;1","independent;pvs;8;0;1;1;-50;200;1;20;25;3;2;1;3;3;2;0;3;3;1;3;150;150;600;1;1000;4;1;8;100;50;1","sacrifice;pvs;8;0;1;1;-50;200;1;20;25;3;2;1;3;3;2;0;3;3;1;3;150;150;600;1;1000;4;1;8;100;50;1","rnbqkbnr/pppppppp/8/8/8/8/PPPPPPPP/RNBQKBNR w KQkq - 0 1","rnbqkbnr/pppppppp/8/8/8/8/PPPPPPPP/RNBQKBNR w KQkq - 0 1","0:0:0:0:0|0:0:0:0:0|0:0:0:0:0|0:0:0:0:0","759421758207090123:0:0",180000,180000,180000,180000,2000,real,1000,0,0,0,0,5,0,0,0,0,100,182731,178662,241917,245231,10,9,40,41,0,0,0,0,23,17,0,15,0,0,0,0,12,0,0,0,3,0,0
0,11035599632189616700,2026,5217400152005442620,ongoing,-1,ply_limit,100,15,"sacrifice;pvs;8;0;1;1;-50;200;1;20;25;3;2;1;3;3;2;0;3;3;1;3;150;150;600;1;1000;4;1;8;100;50;1","independent;pvs;8;0;1;1;-50;200;1;20;25;3;2;1;3;3;2;0;3;3;1;3;150;150;600;1;1000;4;1;8;100;50;1","request;pvs;8;0;1;1;-50;200;1;20;25;3;2;1;3;3;2;0;3;3;1;3;150;150;600;1;1000;4;1;8;100;50;1","independent;pvs;8;0;1;1;-50;200;1;20;25;3;2;1;3;3;2;0;3;3;1;3;150;150;600;1;1000;4;1;8;100;50;1","rnbqkbnr/pppppppp/8/8/8/8/PPPPPPPP/RNBQKBNR w KQkq - 0 1","rnbqkbnr/pppppppp/8/8/8/8/PPPPPPPP/RNBQKBNR w KQkq - 0 1","0:0:0:0:0|0:0:0:0:0|0:0:0:0:0|0:0:0:0:0","759421758207090123:0:0",180000,180000,180000,180000,2000,real,1000,0,0,0,0,5,0,0,0,0,100,123960,118343,121522,125498,25,25,25,25,25,25,25,0,22,13,0,11,0,0,0,0,10,0,0,0,6,1,0.166667
0,11035599632189616890,2026,5217400152005442623,team_a_wins,0,game_over,100,0,"sacrifice;pvs;8;0;1;1;-50;200;1;20;25;3;2;1;3;3;2;0;3;3;1;3;150;150;600;1;1000;4;1;8;100;50;1","independent;pvs;8;0;1;1;-50;200;1;20;25;3;2;1;3;3;2;0;3;3;1;3;150;150;600;1;1000;4;1;8;100;50;1","request;pvs;8;0;1;1;-50;200;1;20;25;3;2;1;3;3;2;0;3;3;1;3;150;150;600;1;1000;4;1;8;100;50;1","request;pvs;8;0;1;1;-50;200;1;20;25;3;2;1;3;3;2;0;3;3;1;3;150;150;600;1;1000;4;1;8;100;50;1","rnbqkbnr/pppppppp/8/8/8/8/PPPPPPPP/RNBQKBNR w KQkq - 0 1","rnbqkbnr/pppppppp/8/8/8/8/PPPPPPPP/RNBQKBNR w KQkq - 0 1","0:0:0:0:0|0:0:0:0:0|0:0:0:0:0|0:0:0:0:0","759421758207090123:0:0",180000,180000,180000,180000,2000,real,1000,0,0,0,0,5,0,0,0,0,100,196367,197628,154614,150675,37,36,13,14,27,27,27,2,23,8,0,6,0,0,0,0,13,1,4,0.0769231,9,0,0
0,11035599632189616569,2026,5217400152005442622,team_b_wins,1,game_over,86,0,"sacrifice;pvs;8;0;1;1;-50;200;1;20;25;3;2;1;3;3;2;0;3;3;1;3;150;150;600;1;1000;4;1;8;100;50;1","independent;pvs;8;0;1;1;-50;200;1;20;25;3;2;1;3;3;2;0;3;3;1;3;150;150;600;1;1000;4;1;8;100;50;1","request;pvs;8;0;1;1;-50;200;1;20;25;3;2;1;3;3;2;0;3;3;1;3;150;150;600;1;1000;4;1;8;100;50;1","shared_value;pvs;8;0;1;1;-50;200;1;20;25;3;2;1;3;3;2;0;3;3;1;3;150;150;600;1;1000;4;1;8;100;50;1","rnbqkbnr/pppppppp/8/8/8/8/PPPPPPPP/RNBQKBNR w KQkq - 0 1","rnbqkbnr/pppppppp/8/8/8/8/PPPPPPPP/RNBQKBNR w KQkq - 0 1","0:0:0:0:0|0:0:0:0:0|0:0:0:0:0|0:0:0:0:0","759421758207090123:0:0",180000,180000,180000,180000,2000,real,1000,0,0,0,0,5,0,0,0,0,100,145033,145863,159243,159538,19,18,24,25,24,24,24,2,21,6,0,5,0,0,0,0,16,0,0,0,4,0,0
0,11035599632189616767,2026,5217400152005442617,team_b_wins,1,game_over,69,0,"sacrifice;pvs;8;0;1;1;-50;200;1;20;25;3;2;1;3;3;2;0;3;3;1;3;150;150;600;1;1000;4;1;8;100;50;1","independent;pvs;8;0;1;1;-50;200;1;20;25;3;2;1;3;3;2;0;3;3;1;3;150;150;600;1;1000;4;1;8;100;50;1","request;pvs;8;0;1;1;-50;200;1;20;25;3;2;1;3;3;2;0;3;3;1;3;150;150;600;1;1000;4;1;8;100;50;1","sacrifice;pvs;8;0;1;1;-50;200;1;20;25;3;2;1;3;3;2;0;3;3;1;3;150;150;600;1;1000;4;1;8;100;50;1","rnbqkbnr/pppppppp/8/8/8/8/PPPPPPPP/RNBQKBNR w KQkq - 0 1","rnbqkbnr/pppppppp/8/8/8/8/PPPPPPPP/RNBQKBNR w KQkq - 0 1","0:0:0:0:0|0:0:0:0:0|0:0:0:0:0|0:0:0:0:0","759421758207090123:0:0",180000,180000,180000,180000,2000,real,1000,0,0,0,0,5,0,0,0,0,100,186965,179161,174533,164993,21,21,13,14,13,13,13,2,19,20,0,17,0,0,0,0,12,0,0,0,8,1,0.125
0,11035599632189489320,2026,5217400152005442685,team_b_wins,1,game_over,70,0,"sacrifice;pvs;8;0;1;1;-50;200;1;20;25;3;2;1;3;3;2;0;3;3;1;3;150;150;600;1;1000;4;1;8;100;50;1","independent;pvs;8;0;1;1;-50;200;1;20;25;3;2;1;3;3;2;0;3;3;1;3;150;150;600;1;1000;4;1;8;100;50;1","shared_value;pvs;8;0;1;1;-50;200;1;20;25;3;2;1;3;3;2;0;3;3;1;3;150;150;600;1;1000;4;1;8;100;50;1","independent;pvs;8;0;1;1;-50;200;1;20;25;3;2;1;3;3;2;0;3;3;1;3;150;150;600;1;1000;4;1;8;100;50;1","rnbqkbnr/pppppppp/8/8/8/8/PPPPPPPP/RNBQKBNR w KQkq - 0 1","rnbqkbnr/pppppppp/8/8/8/8/PPPPPPPP/RNBQKBNR w KQkq - 0 1","0:0:0:0:0|0:0:0:0:0|0:0:0:0:0|0:0:0:0:0","759421758207090123:0:0",180000,180000,180000,180000,2000,real,1000,0,0,0,0,5,0,0,0,0,100,236240,236403,181522,188433,30,30,5,5,0,0,0,0,17,12,1,4,2,1,0,0,9,0,0,0,0,0,0
0,11035599632189489257,2026,5217400152005442686,team_b_wins,1,game_over,76,0,"sacrifice;pvs;8;0;1;1;-50;200;1;20;25;3;2;1;3;3;2;0;3;3;1;3;150;150;600;1;1000;4;1;8;100;50;1","independent;pvs;8;0;1;1;-50;200;1;20;25;3;2;1;3;3;2;0;3;3;1;3;150;150;600;1;1000;4;1;8;100;50;1","shared_value;pvs;8;0;1;1;-50;200;1;20;25;3;2;1;3;3;2;0;3;3;1;3;150;150;600;1;1000;4;1;8;100;50;1","request;pvs;8;0;1;1;-50;200;1;20;25;3;2;1;3;3;2;0;3;3;1;3;150;150;600;1;1000;4;1;8;100;50;1","rnbqkbnr/pppppppp/8/8/8/8/PPPPPPPP/RNBQKBNR w KQkq - 0 1","rnbqkbnr/pppppppp/8/8/8/8/PPPPPPPP/RNBQKBNR w KQkq - 0 1","0:0:0:0:0|0:0:0:0:0|0:0:0:0:0|0:0:0:0:0","759421758207090123:0:0",180000,180000,180000,180000,2000,real,1000,0,0,0,0,5,0,0,0,0,100,242565,242521,181267,188322,33,33,5,5,5,5,5,1,16,18,1,9,1,1,0,0,7,0,0,0,0,0,0
0,11035599632189489962,2026,5217400152005442687,ongoing,-1,ply_limit,100,0,"sacrifice;pvs;8;0;1;1;-50;200;1;20;25;3;2;1;3;3;2;0;3;3;1;3;150;150;600;1;1000;4;1;8;100;50;1","independent;pvs;8;0;1;1;-50;200;1;20;25;3;2;1;3;3;2;0;3;3;1;3;150;150;600;1;1000;4;1;8;100;50;1","shared_value;pvs;8;0;1;1;-50;200;1;20;25;3;2;1;3;3;2;0;3;3;1;3;150;150;600;1;1000;4;1;8;100;50;1","shared_value;pvs;8;0;1;1;-50;200;1;20;25;3;2;1;3;3;2;0;3;3;1;3;150;150;600;1;1000;4;1;8;100;50;1","rnbqkbnr/pppppppp/8/8/8/8/PPPPPPPP/RNBQKBNR w KQkq - 0 1","rnbqkbnr/pppppppp/8/8/8/8/PPPPPPPP/RNBQKBNR w KQkq - 0 1","0:0:0:0:0|0:0:0:0:0|0:0:0:0:0|0:0:0:0:0","759421758207090123:0:0",180000,180000,180000,180000,2000,real,1000,0,0,0,0,5,0,0,0,0,100,264293,263068,187984,183383,45,44,5,6,0,0,0,0,21,10,0,5,0,0,0,0,10,0,0,0,0,0,0
0,11035599632189490941,2026,5217400152005442680,draw,-1,game_over,72,0,"sacrifice;pvs;8;0;1;1;-50;200;1;20;25;3;2;1;3;3;2;0;3;3;1;3;150;150;600;1;1000;4;1;8;100;50;1","independent;pvs;8;0;1;1;-50;200;1;20;25;3;2;1;3;3;2;0;3;3;1;3;150;150;600;1;1000;4;1;8;100;50;1","shared_value;pvs;8;0;1;1;-50;200;1;20;25;3;2;1;3;3;2;0;3;3;1;3;150;150;600;1;1000;4;1;8;100;50;1","sacrifice;pvs;8;0;1;1;-50;200;1;20;25;3;2;1;3;3;2;0;3;3;1;3;150;150;600;1;1000;4;1;8;100;50;1","rnbqkbnr/pppppppp/8/8/8/8/PPPPPPPP/RNBQKBNR w KQkq - 0 1","rnbqkbnr/pppppppp/8/8/8/8/PPPPPPPP/RNBQKBNR w KQkq - 0 1","0:0:0:0:0|0:0:0:0:0|0:0:0:0:0|0:0:0:0:0","759421758207090123:0:0",180000,180000,180000,180000,2000,real,1000,0,0,0,0,5,0,0,0,0,100,237190,237864,181686,188432,31,31,5,5,0,0,0,0,12,16,1,7,2,1,0,0,8,0,0,0,0,0,0
0,11035599632189282841,2026,5217400152005443518,team_b_wins,1,game_over,98,5,"sacrifice;pvs;8;0;1;1;-50;200;1;20;25;3;2;1;3;3;2;0;3;3;1;3;150;150;600;1;1000;4;1;8;100;50;1","independent;pvs;8;0;1;1;-50;200;1;20;25;3;2;1;3;3;2;0;3;3;1;3;150;150;600;1;1000;4;1;8;100;50;1","sacrifice;pvs;8;0;1;1;-50;200;1;20;25;3;2;1;3;3;2;0;3;3;1;3;150;150;600;1;1000;4;1;8;100;50;1","independent;pvs;8;0;1;1;-50;200;1;20;25;3;2;1;3;3;2;0;3;3;1;3;150;150;600;1;1000;4;1;8;100;50;1","rnbqkbnr/pppppppp/8/8/8/8/PPPPPPPP/RNBQKBNR w KQkq - 0 1","rnbqkbnr/pppppppp/8/8/8/8/PPPPPPPP/RNBQKBNR w KQkq - 0 1","0:0:0:0:0|0:0:0:0:0|0:0:0:0:0|0:0:0:0:0","759421758207090123:0:0",180000,180000,180000,180000,2000,real,1000,0,0,0,0,5,0,0,0,0,100,135809,128991,121753,125410,27,27,22,22,0,0,0,0,24,5,0,4,0,0,0,0,14,1,2,0.0357143,7,1,0.142857
0,11035599632189283032,2026,5217400152005443517,team_b_wins,1,game_over,85,0,"sacrifice;pvs;8;0;1;1;-50;200;1;20;25;3;2;1;3;3;2;0;3;3;1;3;150;150;600;1;1000;4;1;8;100;50;1","independent;pvs;8;0;1;1;-50;200;1;20;25;3;2;1;3;3;2;0;3;3;1;3;150;150;600;1;1000;4;1;8;100;50;1","sacrifice;pvs;8;0;1;1;-50;200;1;20;25;3;2;1;3;3;2;0;3;3;1;3;150;150;600;1;1000;4;1;8;100;50;1","request;pvs;8;0;1;1;-50;200;1;20;25;3;2;1;3;3;2;0;3;3;1;3;150;150;600;1;1000;4;1;8;100;50;1","rnbqkbnr/pppppppp/8/8/8/8/PPPPPPPP/RNBQKBNR w KQkq - 0 1","rnbqkbnr/pppppppp/8/8/8/8/PPPPPPPP/RNBQKBNR w KQkq - 0 1","0:0:0:0:0|0:0:0:0:0|0:0:0:0:0|0:0:0:0:0","759421758207090123:0:0",180000,180000,180000,180000,2000,real,1000,0,0,0,0,5,0,0,0,0,100,227602,229290,178362,181257,33,33,9,10,10,10,10,2,21,7,0,7,0,0,0,0,12,1,4,0.0833333,4,0,0
0,11035599632189283228,2026,5217400152005443516,team_a_wins,0,game_over,92,0,"sacrifice;pvs;8;0;1;1;-50;200;1;20;25;3;2;1;3;3;2;0;3;3;1;3;150;150;600;1;1000;4;1;8;100;50;1","independent;pvs;8;0;1;1;-50;200;1;20;25;3;2;1;3;3;2;0;3;3;1;3;150;150;600;1;1000;4;1;8;100;50;1","sacrifice;pvs;8;0;1;1;-50;200;1;20;25;3;2;1;3;3;2;0;3;3;1;3;150;150;600;1;1000;4;1;8;100;50;1","shared_value;pvs;8;0;1;1;-50;200;1;20;25;3;2;1;3;3;2;0;3;3;1;3;150;150;600;1;1000;4;1;8;100;50;1","rnbqkbnr/pppppppp/8/8/8/8/PPPPPPPP/RNBQKBNR w KQkq - 0 1","rnbqkbnr/pppppppp/8/8/8/8/PPPPPPPP/RNBQKBNR w KQkq - 0 1","0:0:0:0:0|0:0:0:0:0|0:0:0:0:0|0:0:0:0:0","759421758207090123:0:0",180000,180000,180000,180000,2000,real,1000,0,0,0,0,5,0,0,0,0,100,256713,255473,181804,183169,41,40,5,6,0,0,0,0,21,21,0,9,0,0,0,0,11,1,3,0.0681818,1,0,0
0,11035599632189283421,2026,5217400152005443515,ongoing,-1,ply_limit,100,0,"sacrifice;pvs;8;0;1;1;-50;200;1;20;25;3;2;1;3;3;2;0;3;3;1;3;150;150;600;1;1000;4;1;8;100;50;1","independent;pvs;8;0;1;1;-50;200;1;20;25;3;2;1;3;3;2;0;3;3;1;3;150;150;600;1;1000;4;1;8;100;50;1","sacrifice;pvs;8;0;1;1;-50;200;1;20;25;3;2;1;3;3;2;0;3;3;1;3;150;150;600;1;1000;4;1;8;100;50;1","sacrifice;pvs;8;0;1;1;-50;200;1;20;25;3;2;1;3;3;2;0;3;3;1;3;150;150;600;1;1000;4;1;8;100;50;1","rnbqkbnr/pppppppp/8/8/8/8/PPPPPPPP/RNBQKBNR w KQkq - 0 1","rnbqkbnr/pppppppp/8/8/8/8/PPPPPPPP/RNBQKBNR w KQkq - 0 1","0:0:0:0:0|0:0:0:0:0|0:0:0:0:0|0:0:0:0:0","759421758207090123:0:0",180000,180000,180000,180000,2000,real,1000,0,0,0,0,5,0,0,0,0,100,244582,241389,178588,179586,41,40,9,10,0,0,0,0,23,15,0,13,0,0,0,0,12,0,0,0,3,0,0
0,11035599632191966200,2026,5217400152005421629,ongoing,-1,ply_limit,100,0,"sacrifice;pvs;8;0;1;1;-50;200;1;20;25;3;2;1;3;3;2;0;3;3;1;3;150;150;600;1;1000;4;1;8;100;50;1","request;pvs;8;0;1;1;-50;200;1;20;25;3;2;1;3;3;2;0;3;3;1;3;150;150;600;1;1000;4;1;8;100;50;1","independent;pvs;8;0;1;1;-50;200;1;20;25;3;2;1;3;3;2;0;3;3;1;3;150;150;600;1;1000;4;1;8;100;50;1","independent;pvs;8;0;1;1;-50;200;1;20;25;3;2;1;3;3;2;0;3;3;1;3;150;150;600;1;1000;4;1;8;100;50;1","rnbqkbnr/pppppppp/8/8/8/8/PPPPPPPP/RNBQKBNR w KQkq - 0 1","rnbqkbnr/pppppppp/8/8/8/8/PPPPPPPP/RNBQKBNR w KQkq - 0 1","0:0:0:0:0|0:0:0:0:0|0:0:0:0:0|0:0:0:0:0","759421758207090123:0:0",180000,180000,180000,180000,2000,real,1000,0,0,0,0,5,0,0,0,0,100,184707,180750,253165,254465,8,7,42,43,7,7,7,0,24,10,0,9,0,0,0,0,12,0,0,0,2,0,0
0,11035599632191965372,2026,5217400152005421628,team_b_wins,1,game_over,78,3,"sacrifice;pvs;8;0;1;1;-50;200;1;20;25;3;2;1;3;3;2;0;3;3;1;3;150;150;600;1;1000;4;1;8;100;50;1","request;pvs;8;0;1;1;-50;200;1;20;25;3;2;1;3;3;2;0;3;3;1;3;150;150;600;1;1000;4;1;8;100;50;1","independent;pvs;8;0;1;1;-50;200;1;20;25;3;2;1;3;3;2;0;3;3;1;3;150;150;600;1;1000;4;1;8;100;50;1","request;pvs;8;0;1;1;-50;200;1;20;25;3;2;1;3;3;2;0;3;3;1;3;150;150;600;1;1000;4;1;8;100;50;1","rnbqkbnr/pppppppp/8/8/8/8/PPPPPPPP/RNBQKBNR w KQkq - 0 1","rnbqkbnr/pppppppp/8/8/8/8/PPPPPPPP/RNBQKBNR w KQkq - 0 1","0:0:0:0:0|0:0:0:0:0|0:0:0:0:0|0:0:0:0:0","759421758207090123:0:0",180000,180000,180000,180000,2000,real,1000,0,0,0,0,5,0,0,0,0,100,153133,153043,145097,150870,21,21,18,18,39,39,39,2,16,14,0,9,4,0,0,0,13,1,2,0.0384615,3,0,0
0,11035599632191923723,2026,5217400152005421571,team_b_wins,1,game_over,68,0,"sacrifice;pvs;8;0;1;1;-50;200;1;20;25;3;2;1;3;3;2;0;3;3;1;3;150;150;600;1;1000;4;1;8;100;50;1","request;pvs;8;0;1;1;-50;200;1;20;25;3;2;1;3;3;2;0;3;3;1;3;150;150;600;1;1000;4;1;8;100;50;1","independent;pvs;8;0;1;1;-50;200;1;20;25;3;2;1;3;3;2;0;3;3;1;3;150;150;600;1;1000;4;1;8;100;50;1","shared_value;pvs;8;0;1;1;-50;200;1;20;25;3;2;1;3;3;2;0;3;3;1;3;150;150;600;1;1000;4;1;8;100;50;1","rnbqkbnr/pppppppp/8/8/8/8/PPPPPPPP/RNBQKBNR w KQkq - 0 1","rnbqkbnr/pppppppp/8/8/8/8/PPPPPPPP/RNBQKBNR w KQkq - 0 1","0:0:0:0:0|0:0:0:0:0|0:0:0:0:0|0:0:0:0:0","759421758207090123:0:0",180000,180000,180000,180000,2000,real,1000,0,0,0,0,5,0,0,0,0,100,232429,233001,183183,189353,28,28,6,6,28,28,28,0,11,19,0,7,0,0,0,0,8,0,0,0,0,0,0
0,11035599632191922504,2026,5217400152005421570,team_b_wins,1,game_over,99,5,"sacrifice;pvs;8;0;1;1;-50;200;1;20;25;3;2;1;3;3;2;0;3;3;1;3;150;150;600;1;1000;4;1;8;100;50;1","request;pvs;8;0;1;1;-50;200;1;20;25;3;2;1;3;3;2;0;3;3;1;3;150;150;600;1;1000;4;1;8;100;50;1","independent;pvs;8;0;1;1;-50;200;1;20;25;3;2;1;3;3;2;0;3;3;1;3;150;150;600;1;1000;4;1;8;100;50;1","sacrifice;pvs;8;0;1;1;-50;200;1;20;25;3;2;1;3;3;2;0;3;3;1;3;150;150;600;1;1000;4;1;8;100;50;1","rnbqkbnr/pppppppp/8/8/8/8/PPPPPPPP/RNBQKBNR w KQkq - 0 1","rnbqkbnr/pppppppp/8/8/8/8/PPPPPPPP/RNBQKBNR w KQkq - 0 1","0:0:0:0:0|0:0:0:0:0|0:0:0:0:0|0:0:0:0:0","759421758207090123:0:0",180000,180000,180000,180000,2000,real,1000,0,0,0,0,5,0,0,0,0,100,140517,132758,125178,125625,28,28,21,22,28,28,28,1,29,12,0,10,0,0,0,0,17,0,0,0,11,1,0.0909091
0,11035599632191869268,2026,5217400152005422157,team_a_wins,0,game_over,65,0,"sacrifice;pvs;8;0;1;1;-50;200;1;20;25;3;2;1;3;3;2;0;3;3;1;3;150;150;600;1;1000;4;1;8;100;50;1","request;pvs;8;0;1;1;-50;200;1;20;25;3;2;1;3;3;2;0;3;3;1;3;150;150;600;1;1000;4;1;8;100;50;1","request;pvs;8;0;1;1;-50;200;1;20;25;3;2;1;3;3;2;0;3;3;1;3;150;150;600;1;1000;4;1;8;100;50;1","independent;pvs;8;0;1;1;-50;200;1;20;25;3;2;1;3;3;2;0;3;3;1;3;150;150;600;1;1000;4;1;8;100;50;1","rnbqkbnr/pppppppp/8/8/8/8/PPPPPPPP/RNBQKBNR w KQkq - 0 1","rnbqkbnr/pppppppp/8/8/8/8/PPPPPPPP/RNBQKBNR w KQkq - 0 1","0:0:0:0:0|0:0:0:0:0|0:0:0:0:0|0:0:0:0:0","759421758207090123:0:0",180000,180000,180000,180000,2000,real,1000,0,0,0,0,5,0,0,0,0,100,171900,176432,183448,193718,13,12,20,20,32,32,32,1,16,12,0,9,0,0,0,0,12,0,0,0,7,1,0.142857
0,11035599632191869333,2026,5217400152005422158,ongoing,-1,ply_limit,100,5,"sacrifice;pvs;8;0;1;1;-50;200;1;20;25;3;2;1;3;3;2;0;3;3;1;3;150;150;600;1;1000;4;1;8;100;50;1","request;pvs;8;0;1;1;-50;200;1;20;25;3;2;1;3;3;2;0;3;3;1;3;150;150;600;1;1000;4;1;8;100;50;1","request;pvs;8;0;1;1;-50;200;1;20;25;3;2;1;3;3;2;0;3;3;1;3;150;150;600;1;1000;4;1;8;100;50;1","request;pvs;8;0;1;1;-50;200;1;20;25;3;2;1;3;3;2;0;3;3;1;3;150;150;600;1;1000;4;1;8;100;50;1","rnbqkbnr/pppppppp/8/8/8/8/PPPPPPPP/RNBQKBNR w KQkq - 0 1","rnbqkbnr/pppppppp/8/8/8/8/PPPPPPPP/RNBQKBNR w KQkq - 0 1","0:0:0:0:0|0:0:0:0:0|0:0:0:0:0|0:0:0:0:0","759421758207090123:0:0",180000,180000,180000,180000,2000,real,1000,0,0,0,0,5,0,0,0,0,100,132408,130915,150556,155549,19,19,31,31,81,81,81,2,25,3,0,3,0,0,0,0,17,0,0,0,8,1,0.125
0,11035599632191869654,2026,5217400152005422159,team_b_wins,1,game_over,66,2,"sacrifice;pvs;8;0;1;1;-50;200;1;20;25;3;2;1;3;3;2;0;3;3;1;3;150;150;600;1;1000;4;1;8;100;50;1","request;pvs;8;0;1;1;-50;200;1;20;25;3;2;1;3;3;2;0;3;3;1;3;150;150;600;1;1000;4;1;8;100;50;1","request;pvs;8;0;1;1;-50;200;1;20;25;3;2;1;3;3;2;0;3;3;1;3;150;150;600;1;1000;4;1;8;100;50;1","shared_value;pvs;8;0;1;1;-50;200;1;20;25;3;2;1;3;3;2;0;3;3;1;3;150;150;600;1;1000;4;1;8;100;50;1","rnbqkbnr/pppppppp/8/8/8/8/PPPPPPPP/RNBQKBNR w KQkq - 0 1","rnbqkbnr/pppppppp/8/8/8/8/PPPPPPPP/RNBQKBNR w KQkq - 0 1","0:0:0:0:0|0:0:0:0:0|0:0:0:0:0|0:0:0:0:0","759421758207090123:0:0",180000,180000,180000,180000,2000,real,1000,0,0,0,0,5,0,0,0,0,100,161371,156816,150921,153328,19,18,14,15,32,32,32,0,21,10,0,6,0,0,0,0,12,0,0,0,5,1,0.2
0,11035599632191870745,2026,5217400152005422152,team_b_wins,1,game_over,60,0,"sacrifice;pvs;8;0;1;1;-50;200;1;20;25;3;2;1;3;3;2;0;3;3;1;3;150;150;600;1;1000;4;1;8;100;50;1","request;pvs;8;0;1;1;-50;200;1;20;25;3;2;1;3;3;2;0;3;3;1;3;150;150;600;1;1000;4;1;8;100;50;1","request;pvs;8;0;1;1;-50;200;1;20;25;3;2;1;3;3;2;0;3;3;1;3;150;150;600;1;1000;4;1;8;100;50;1","sacrifice;pvs;8;0;1;1;-50;200;1;20;25;3;2;1;3;3;2;0;3;3;1;3;150;150;600;1;1000;4;1;8;100;50;1","rnbqkbnr/pppppppp/8/8/8/8/PPPPPPPP/RNBQKBNR w KQkq - 0 1","rnbqkbnr/pppppppp/8/8/8/8/PPPPPPPP/RNBQKBNR w KQkq - 0 1","0:0:0:0:0|0:0:0:0:0|0:0:0:0:0|0:0:0:0:0","759421758207090123:0:0",180000,180000,180000,180000,2000,real,1000,0,0,0,0,5,0,0,0,0,100,188370,186656,171603,163358,20,19,10,11,29,29,29,1,16,14,0,12,0,0,0,0,11,0,0,0,4,1,0.25
0,11035599632191865824,2026,5217400152005422220,team_a_wins,0,game_over,40,0,"sacrifice;pvs;8;0;1;1;-50;200;1;20;25;3;2;1;3;3;2;0;3;3;1;3;150;150;600;1;1000;4;1;8;100;50;1","request;pvs;8;0;1;1;-50;200;1;20;25;3;2;1;3;3;2;0;3;3;1;3;150;150;600;1;1000;4;1;8;100;50;1","shared_value;pvs;8;0;1;1;-50;200;1;20;25;3;2;1;3;3;2;0;3;3;1;3;150;150;600;1;1000;4;1;8;100;50;1","independent;pvs;8;0;1;1;-50;200;1;20;25;3;2;1;3;3;2;0;3;3;1;3;150;150;600;1;1000;4;1;8;100;50;1","rnbqkbnr/pppppppp/8/8/8/8/PPPPPPPP/RNBQKBNR w KQkq - 0 1","rnbqkbnr/pppppppp/8/8/8/8/PPPPPPPP/RNBQKBNR w KQkq - 0 1","0:0:0:0:0|0:0:0:0:0|0:0:0:0:0|0:0:0:0:0","759421758207090123:0:0",180000,180000,180000,180000,2000,real,1000,0,0,0,0,5,0,0,0,0,100,207684,205616,188016,183374,15,14,5,6,14,14,14,0,9,13,0,6,3,0,0,0,6,0,0,0,0,0,0
0,11035599632191865638,2026,5217400152005422223,ongoing,-1,ply_limit,100,0,"sacrifice;pvs;8;0;1;1;-50;200;1;20;25;3;2;1;3;3;2;0;3;3;1;3;150;150;600;1;1000;4;1;8;100;50;1","request;pvs;8;0;1;1;-50;200;1;20;25;3;2;1;3;3;2;0;3;3;1;3;150;150;600;1;1000;4;1;8;100;50;1","shared_value;pvs;8;0;1;1;-50;200;1;20;25;3;2;1;3;3;2;0;3;3;1;3;150;150;600;1;1000;4;1;8;100;50;1","request;pvs;8;0;1;1;-50;200;1;20;25;3;2;1;3;3;2;0;3;3;1;3;150;150;600;1;1000;4;1;8;100;50;1","rnbqkbnr/pppppppp/8/8/8/8/PPPPPPPP/RNBQKBNR w KQkq - 0 1","rnbqkbnr/pppppppp/8/8/8/8/PPPPPPPP/RNBQKBNR w KQkq - 0 1","0:0:0:0:0|0:0:0:0:0|0:0:0:0:0|0:0:0:0:0","759421758207090123:0:0",180000,180000,180000,180000,2000,real,1000,0,0,0,0,5,0,0,0,0,100,260713,258960,181384,188484,44,43,6,7,50,49,50,2,23,4,1,3,1,1,0,0,11,0,0,0,3,0,0
0,11035599632191864933,2026,5217400152005422222,ongoing,-1,ply_limit,100,0,"sacrifice;pvs;8;0;1;1;-50;200;1;20;25;3;2;1;3;3;2;0;3;3;1;3;150;150;600;1;1000;4;1;8;100;50;1","request;pvs;8;0;1;1;-50;200;1;20;25;3;2;1;3;3;2;0;3;3;1;3;150;150;600;1;1000;4;1;8;100;50;1","shared_value;pvs;8;0;1;1;-50;200;1;20;25;3;2;1;3;3;2;0;3;3;1;3;150;150;600;1;1000;4;1;8;100;50;1","shared_value;pvs;8;0;1;1;-50;200;1;20;25;3;2;1;3;3;2;0;3;3;1;3;150;150;600;1;1000;4;1;8;100;50;1","rnbqkbnr/pppppppp/8/8/8/8/PPPPPPPP/RNBQKBNR w KQkq - 0 1","rnbqkbnr/pppppppp/8/8/8/8/PPPPPPPP/RNBQKBNR w KQkq - 0 1","0:0:0:0:0|0:0:0:0:0|0:0:0:0:0|0:0:0:0:0","759421758207090123:0:0",180000,180000,180000,180000,2000,real,1000,0,0,0,0,5,0,0,0,0,100,264770,263371,187684,183439,45,44,5,6,44,44,44,0,21,9,0,5,0,0,0,0,10,0,0,0,0,0,0
0,11035599632191865763,2026,5217400152005422217,team_a_wins,0,game_over,58,0,"sacrifice;pvs;8;0;1;1;-50;200;1;20;25;3;2;1;3;3;2;0;3;3;1;3;150;150;600;1;1000;4;1;8;100;50;1","request;pvs;8;0;1;1;-50;200;1;20;25;3;2;1;3;3;2;0;3;3;1;3;150;150;600;1;1000;4;1;8;100;50;1","shared_value;pvs;8;0;1;1;-50;200;1;20;25;3;2;1;3;3;2;0;3;3;1;3;150;150;600;1;1000;4;1;8;100;50;1","sacrifice;pvs;8;0;1;1;-50;200;1;20;25;3;2;1;3;3;2;0;3;3;1;3;150;150;600;1;1000;4;1;8;100;50;1","rnbqkbnr/pppppppp/8/8/8/8/PPPPPPPP/RNBQKBNR w KQkq - 0 1","rnbqkbnr/pppppppp/8/8/8/8/PPPPPPPP/RNBQKBNR w KQkq - 0 1","0:0:0:0:0|0:0:0:0:0|0:0:0:0:0|0:0:0:0:0","759421758207090123:0:0",180000,180000,180000,180000,2000,real,1000,0,0,0,0,5,0,0,0,0,100,223745,222306,188248,183285,24,23,5,6,23,23,23,0,13,25,0,11,2,0,0,0,7,0,0,0,0,0,0
0,11035599632191878006,2026,5217400152005422287,ongoing,-1,ply_limit,100,0,"sacrifice;pvs;8;0;1;1;-50;200;1;20;25;3;2;1;3;3;2;0;3;3;1;3;150;150;600;1;1000;4;1;8;100;50;1","request;pvs;8;0;1;1;-50;200;1;20;25;3;2;1;3;3;2;0;3;3;1;3;150;150;600;1;1000;4;1;8;100;50;1","sacrifice;pvs;8;0;1;1;-50;200;1;20;25;3;2;1;3;3;2;0;3;3;1;3;150;150;600;1;1000;4;1;8;100;50;1","independent;pvs;8;0;1;1;-50;200;1;20;25;3;2;1;3;3;2;0;3;3;1;3;150;150;600;1;1000;4;1;8;100;50;1","rnbqkbnr/pppppppp/8/8/8/8/PPPPPPPP/RNBQKBNR w KQkq - 0 1","rnbqkbnr/pppppppp/8/8/8/8/PPPPPPPP/RNBQKBNR w KQkq - 0 1","0:0:0:0:0|0:0:0:0:0|0:0:0:0:0|0:0:0:0:0","759421758207090123:0:0",180000,180000,180000,180000,2000,real,1000,0,0,0,0,5,0,0,0,0,100,186283,177624,252331,252232,8,8,42,42,8,8,8,0,26,21,0,15,0,0,0,0,13,1,4,0.0769231,4,0,0
0,11035599632191878064,2026,5217400152005422284,ongoing,-1,ply_limit,100,0,"sacrifice;pvs;8;0;1;1;-50;200;1;20;25;3;2;1;3;3;2;0;3;3;1;3;150;150;600;1;1000;4;1;8;100;50;1","request;pvs;8;0;1;1;-50;200;1;20;25;3;2;1;3;3;2;0;3;3;1;3;150;150;600;1;1000;4;1;8;100;50;1","sacrifice;pvs;8;0;1;1;-50;200;1;20;25;3;2;1;3;3;2;0;3;3;1;3;150;150;600;1;1000;4;1;8;100;50;1","request;pvs;8;0;1;1;-50;200;1;20;25;3;2;1;3;3;2;0;3;3;1;3;150;150;600;1;1000;4;1;8;100;50;1","rnbqkbnr/pppppppp/8/8/8/8/PPPPPPPP/RNBQKBNR w KQkq - 0 1","rnbqkbnr/pppppppp/8/8/8/8/PPPPPPPP/RNBQKBNR w KQkq - 0 1","0:0:0:0:0|0:0:0:0:0|0:0:0:0:0|0:0:0:0:0","759421758207090123:0:0",180000,180000,180000,180000,2000,real,1000,0,0,0,0,5,0,0,0,0,100,174503,182415,238371,242700,10,9,40,41,50,50,50,3,26,19,0,14,0,0,0,0,14,1,4,0.0714286,7,0,0
0,11035599632191877364,2026,5217400152005422285,team_a_wins,0,game_over,65,0,"sacrifice;pvs;8;0;1;1;-50;200;1;20;25;3;2;1;3;3;2;0;3;3;1;3;150;150;600;1;1000;4;1;8;100;50;1","request;pvs;8;0;1;1;-50;200;1;20;25;3;2;1;3;3;2;0;3;3;1;3;150;150;600;1;1000;4;1;8;100;50;1","sacrifice;pvs;8;0;1;1;-50;200;1;20;25;3;2;1;3;3;2;0;3;3;1;3;150;150;600;1;1000;4;1;8;100;50;1","shared_value;pvs;8;0;1;1;-50;200;1;20;25;3;2;1;3;3;2;0;3;3;1;3;150;150;600;1;1000;4;1;8;100;50;1","rnbqkbnr/pppppppp/8/8/8/8/PPPPPPPP/RNBQKBNR w KQkq - 0 1","rnbqkbnr/pppppppp/8/8/8/8/PPPPPPPP/RNBQKBNR w KQkq - 0 1","0:0:0:0:0|0:0:0:0:0|0:0:0:0:0|0:0:0:0:0","759421758207090123:0:0",180000,180000,180000,180000,2000,real,1000,0,0,0,0,5,0,0,0,0,100,186237,194727,162868,164175,23,22,10,10,22,22,22,0,17,11,0,6,0,0,0,0,13,3,8,0.153846,7,0,0
0,11035599632191877938,2026,5217400152005422282,team_a_wins,0,game_over,99,9,"sacrifice;pvs;8;0;1;1;-50;200;1;20;25;3;2;1;3;3;2;0;3;3;1;3;150;150;600;1;1000;4;1;8;100;50;1","request;pvs;8;0;1;1;-50;200;1;20;25;3;2;1;3;3;2;0;3;3;1;3;150;150;600;1;1000;4;1;8;100;50;1","sacrifice;pvs;8;0;1;1;-50;200;1;20;25;3;2;1;3;3;2;0;3;3;1;3;150;150;600;1;1000;4;1;8;100;50;1","sacrifice;pvs;8;0;1;1;-50;200;1;20;25;3;2;1;3;3;2;0;3;3;1;3;150;150;600;1;1000;4;1;8;100;50;1","rnbqkbnr/pppppppp/8/8/8/8/PPPPPPPP/RNBQKBNR w KQkq - 0 1","rnbqkbnr/pppppppp/8/8/8/8/PPPPPPPP/RNBQKBNR w KQkq - 0 1","0:0:0:0:0|0:0:0:0:0|0:0:0:0:0|0:0:0:0:0","759421758207090123:0:0",180000,180000,180000,180000,2000,real,1000,0,0,0,0,5,0,0,0,0,100,131823,133336,155332,159750,19,18,31,31,18,18,18,1,28,16,0,15,0,0,0,0,17,1,2,0.0294118,9,1,0.111111
0,11035599632215411221,2026,5217400152005532238,ongoing,-1,ply_limit,100,0,"sacrifice;pvs;8;0;1;1;-50;200;1;20;25;3;2;1;3;3;2;0;3;3;1;3;150;150;600;1;1000;4;1;8;100;50;1","shared_value;pvs;8;0;1;1;-50;200;1;20;25;3;2;1;3;3;2;0;3;3;1;3;150;150;600;1;1000;4;1;8;100;50;1","independent;pvs;8;0;1;1;-50;200;1;20;25;3;2;1;3;3;2;0;3;3;1;3;150;150;600;1;1000;4;1;8;100;50;1","independent;pvs;8;0;1;1;-50;200;1;20;25;3;2;1;3;3;2;0;3;3;1;3;150;150;600;1;1000;4;1;8;100;50;1","rnbqkbnr/pppppppp/8/8/8/8/PPPPPPPP/RNBQKBNR w KQkq - 0 1","rnbqkbnr/pppppppp/8/8/8/8/PPPPPPPP/RNBQKBNR w KQkq - 0 1","0:0:0:0:0|0:0:0:0:0|0:0:0:0:0|0:0:0:0:0","759421758207090123:0:0",180000,180000,180000,180000,2000,real,1000,0,0,0,0,5,0,0,0,0,100,188582,182157,266547,266411,5,5,45,45,0,0,0,0,22,3,0,3,0,0,0,0,10,0,0,0,0,0,0
0,11035599632215411542,2026,5217400152005532239,draw,-1,game_over,79,0,"sacrifice;pvs;8;0;1;1;-50;200;1;20;25;3;2;1;3;3;2;0;3;3;1;3;150;150;600;1;1000;4;1;8;100;50;1","shared_value;pvs;8;0;1;1;-50;200;1;20;25;3;2;1;3;3;2;0;3;3;1;3;150;150;600;1;1000;4;1;8;100;50;1","independent;pvs;8;0;1;1;-50;200;1;20;25;3;2;1;3;3;2;0;3;3;1;3;150;150;600;1;1000;4;1;8;100;50;1","request;pvs;8;0;1;1;-50;200;1;20;25;3;2;1;3;3;2;0;3;3;1;3;150;150;600;1;1000;4;1;8;100;50;1","rnbqkbnr/pppppppp/8/8/8/8/PPPPPPPP/RNBQKBNR w KQkq - 0 1","rnbqkbnr/pppppppp/8/8/8/8/PPPPPPPP/RNBQKBNR w KQkq - 0 1","0:0:0:0:0|0:0:0:0:0|0:0:0:0:0|0:0:0:0:0","759421758207090123:0:0",180000,180000,180000,180000,2000,real,1000,0,0,0,0,5,0,0,0,0,100,188636,181785,245014,246480,5,5,34,35,35,35,35,0,14,3,0,3,0,0,0,0,8,0,0,0,0,0,0
0,11035599632215411607,2026,5217400152005532240,team_b_wins,1,game_over,47,0,"sacrifice;pvs;8;0;1;1;-50;200;1;20;25;3;2;1;3;3;2;0;3;3;1;3;150;150;600;1;1000;4;1;8;100;50;1","shared_value;pvs;8;0;1;1;-50;200;1;20;25;3;2;1;3;3;2;0;3;3;1;3;150;150;600;1;1000;4;1;8;100;50;1","independent;pvs;8;0;1;1;-50;200;1;20;25;3;2;1;3;3;2;0;3;3;1;3;150;150;600;1;1000;4;1;8;100;50;1","shared_value;pvs;8;0;1;1;-50;200;1;20;25;3;2;1;3;3;2;0;3;3;1;3;150;150;600;1;1000;4;1;8;100;50;1","rnbqkbnr/pppppppp/8/8/8/8/PPPPPPPP/RNBQKBNR w KQkq - 0 1","rnbqkbnr/pppppppp/8/8/8/8/PPPPPPPP/RNBQKBNR w KQkq - 0 1","0:0:0:0:0|0:0:0:0:0|0:0:0:0:0|0:0:0:0:0","759421758207090123:0:0",180000,180000,180000,180000,2000,real,1000,0,0,0,0,5,0,0,0,0,100,175547,183935,189398,190429,9,9,14,15,0,0,0,0,11,3,0,3,0,0,0,0,10,1,1,0.025,2,0,0
0,11035599632215410397,2026,5217400152005532241,draw,-1,game_over,99,0,"sacrifice;pvs;8;0;1;1;-50;200;1;20;25;3;2;1;3;3;2;0;3;3;1;3;150;150;600;1;1000;4;1;8;100;50;1","shared_value;pvs;8;0;1;1;-50;200;1;20;25;3;2;1;3;3;2;0;3;3;1;3;150;150;600;1;1000;4;1;8;100;50;1","independent;pvs;8;0;1;1;-50;200;1;20;25;3;2;1;3;3;2;0;3;3;1;3;150;150;600;1;1000;4;1;8;100;50;1","sacrifice;pvs;8;0;1;1;-50;200;1;20;25;3;2;1;3;3;2;0;3;3;1;3;150;150;600;1;1000;4;1;8;100;50;1","rnbqkbnr/pppppppp/8/8/8/8/PPPPPPPP/RNBQKBNR w KQkq - 0 1","rnbqkbnr/pppppppp/8/8/8/8/PPPPPPPP/RNBQKBNR w KQkq - 0 1","0:0:0:0:0|0:0:0:0:0|0:0:0:0:0|0:0:0:0:0","759421758207090123:0:0",180000,180000,180000,180000,2000,real,1000,0,0,0,0,5,0,0,0,0,100,183152,181741,263063,262757,6,5,44,44,0,0,0,0,18,15,1,7,2,1,0,0,9,0,0,0,1,0,0
0,11035599632215397249,2026,5217400152005533086,ongoing,-1,ply_limit,100,0,"sacrifice;pvs;8;0;1;1;-50;200;1;20;25;3;2;1;3;3;2;0;3;3;1;3;150;150;600;1;1000;4;1;8;100;50;1","shared_value;pvs;8;0;1;1;-50;200;1;20;25;3;2;1;3;3;2;0;3;3;1;3;150;150;600;1;1000;4;1;8;100;50;1","request;pvs;8;0;1;1;-50;200;1;20;25;3;2;1;3;3;2;0;3;3;1;3;150;150;600;1;1000;4;1;8;100;50;1","independent;pvs;8;0;1;1;-50;200;1;20;25;3;2;1;3;3;2;0;3;3;1;3;150;150;600;1;1000;4;1;8;100;50;1","rnbqkbnr/pppppppp/8/8/8/8/PPPPPPPP/RNBQKBNR w KQkq - 0 1","rnbqkbnr/pppppppp/8/8/8/8/PPPPPPPP/RNBQKBNR w KQkq - 0 1","0:0:0:0:0|0:0:0:0:0|0:0:0:0:0|0:0:0:0:0","759421758207090123:0:0",180000,180000,180000,180000,2000,real,1000,0,0,0,0,5,0,0,0,0,100,183313,181342,261604,263441,6,5,44,45,44,44,44,0,12,3,0,3,0,0,0,0,7,0,0,0,1,0,0
0,11035599632215397312,2026,5217400152005533085,ongoing,-1,ply_limit,100,0,"sacrifice;pvs;8;0;1;1;-50;200;1;20;25;3;2;1;3;3;2;0;3;3;1;3;150;150;600;1;1000;4;1;8;100;50;1","shared_value;pvs;8;0;1;1;-50;200;1;20;25;3;2;1;3;3;2;0;3;3;1;3;150;150;600;1;1000;4;1;8;100;50;1","request;pvs;8;0;1;1;-50;200;1;20;25;3;2;1;3;3;2;0;3;3;1;3;150;150;600;1;1000;4;1;8;100;50;1","request;pvs;8;0;1;1;-50;200;1;20;25;3;2;1;3;3;2;0;3;3;1;3;150;150;600;1;1000;4;1;8;100;50;1","rnbqkbnr/pppppppp/8/8/8/8/PPPPPPPP/RNBQKBNR w KQkq - 0 1","rnbqkbnr/pppppppp/8/8/8/8/PPPPPPPP/RNBQKBNR w KQkq - 0 1","0:0:0:0:0|0:0:0:0:0|0:0:0:0:0|0:0:0:0:0","759421758207090123:0:0",180000,180000,180000,180000,2000,real,1000,0,0,0,0,5,0,0,0,0,100,183283,181728,262773,264719,6,5,44,45,89,89,89,0,14,3,0,3,0,0,0,0,9,0,0,0,1,0,0
0,11035599632215396612,2026,5217400152005533084,team_b_wins,1,game_over,90,0,"sacrifice;pvs;8;0;1;1;-50;200;1;20;25;3;2;1;3;3;2;0;3;3;1;3;150;150;600;1;1000;4;1;8;100;50;1","shared_value;pvs;8;0;1;1;-50;200;1;20;25;3;2;1;3;3;2;0;3;3;1;3;150;150;600;1;1000;4;1;8;100;50;1","request;pvs;8;0;1;1;-50;200;1;20;25;3;2;1;3;3;2;0;3;3;1;3;150;150;600;1;1000;4;1;8;100;50;1","shared_value;pvs;8;0;1;1;-50;200;1;20;25;3;2;1;3;3;2;0;3;3;1;3;150;150;600;1;1000;4;1;8;100;50;1","rnbqkbnr/pppppppp/8/8/8/8/PPPPPPPP/RNBQKBNR w KQkq - 0 1","rnbqkbnr/pppppppp/8/8/8/8/PPPPPPPP/RNBQKBNR w KQkq - 0 1","0:0:0:0:0|0:0:0:0:0|0:0:0:0:0|0:0:0:0:0","759421758207090123:0:0",180000,180000,180000,180000,2000,real,1000,0,0,0,0,5,0,0,0,0,100,181921,182105,250472,243591,7,6,38,39,38,38,38,0,25,4,0,3,0,0,0,0,12,0,0,0,3,0,0
0,11035599632215396677,2026,5217400152005533083,team_b_wins,1,game_over,58,0,"sacrifice;pvs;8;0;1;1;-50;200;1;20;25;3;2;1;3;3;2;0;3;3;1;3;150;150;600;1;1000;4;1;8;100;50;1","shared_value;pvs;8;0;1;1;-50;200;1;20;25;3;2;1;3;3;2;0;3;3;1;3;150;150;600;1;1000;4;1;8;100;50;1","request;pvs;8;0;1;1;-50;200;1;20;25;3;2;1;3;3;2;0;3;3;1;3;150;150;600;1;1000;4;1;8;100;50;1","sacrifice;pvs;8;0;1;1;-50;200;1;20;25;3;2;1;3;3;2;0;3;3;1;3;150;150;600;1;1000;4;1;8;100;50;1","rnbqkbnr/pppppppp/8/8/8/8/PPPPPPPP/RNBQKBNR w KQkq - 0 1","rnbqkbnr/pppppppp/8/8/8/8/PPPPPPPP/RNBQKBNR w KQkq - 0 1","0:0:0:0:0|0:0:0:0:0|0:0:0:0:0|0:0:0:0:0","759421758207090123:0:0",180000,180000,180000,180000,2000,real,1000,0,0,0,0,5,0,0,0,0,100,183292,188208,222695,224152,6,5,23,24,23,23,23,0,13,25,0,11,2,0,0,0,7,0,0,0,0,0,0
0,11035599632215351538,2026,5217400152005533151,team_a_wins,0,game_over,91,4,"sacrifice;pvs;8;0;1;1;-50;200;1;20;25;3;2;1;3;3;2;0;3;3;1;3;150;150;600;1;1000;4;1;8;100;50;1","shared_value;pvs;8;0;1;1;-50;200;1;20;25;3;2;1;3;3;2;0;3;3;1;3;150;150;600;1;1000;4;1;8;100;50;1","shared_value;pvs;8;0;1;1;-50;200;1;20;25;3;2;1;3;3;2;0;3;3;1;3;150;150;600;1;1000;4;1;8;100;50;1","independent;pvs;8;0;1;1;-50;200;1;20;25;3;2;1;3;3;2;0;3;3;1;3;150;150;600;1;1000;4;1;8;100;50;1","rnbqkbnr/pppppppp/8/8/8/8/PPPPPPPP/RNBQKBNR w KQkq - 0 1","rnbqkbnr/pppppppp/8/8/8/8/PPPPPPPP/RNBQKBNR w KQkq - 0 1","0:0:0:0:0|0:0:0:0:0|0:0:0:0:0|0:0:0:0:0","759421758207090123:0:0",180000,180000,180000,180000,2000,real,1000,0,0,0,0,5,0,0,0,0,100,142980,144230,154355,130446,24,23,22,22,0,0,0,0,23,31,0,25,2,0,0,0,12,0,0,0,13,1,0.0769231
0,11035599632215351604,2026,5217400152005533148,ongoing,-1,ply_limit,100,1,"sacrifice;pvs;8;0;1;1;-50;200;1;20;25;3;2;1;3;3;2;0;3;3;1;3;150;150;600;1;1000;4;1;8;100;50;1","shared_value;pvs;8;0;1;1;-50;200;1;20;25;3;2;1;3;3;2;0;3;3;1;3;150;150;600;1;1000;4;1;8;100;50;1","shared_value;pvs;8;0;1;1;-50;200;1;20;25;3;2;1;3;3;2;0;3;3;1;3;150;150;600;1;1000;4;1;8;100;50;1","request;pvs;8;0;1;1;-50;200;1;20;25;3;2;1;3;3;2;0;3;3;1;3;150;150;600;1;1000;4;1;8;100;50;1","rnbqkbnr/pppppppp/8/8/8/8/PPPPPPPP/RNBQKBNR w KQkq - 0 1","rnbqkbnr/pppppppp/8/8/8/8/PPPPPPPP/RNBQKBNR w KQkq - 0 1","0:0:0:0:0|0:0:0:0:0|0:0:0:0:0|0:0:0:0:0","759421758207090123:0:0",180000,180000,180000,180000,2000,real,1000,0,0,0,0,5,0,0,0,0,100,165944,175172,141162,145220,32,32,18,18,18,18,18,1,31,18,1,11,1,1,1,1,19,1,1,0.0131579,13,0,0
0,11035599632215351408,2026,5217400152005533149,team_a_wins,0,game_over,19,0,"sacrifice;pvs;8;0;1;1;-50;200;1;20;25;3;2;1;3;3;2;0;3;3;1;3;150;150;600;1;1000;4;1;8;100;50;1","shared_value;pvs;8;0;1;1;-50;200;1;20;25;3;2;1;3;3;2;0;3;3;1;3;150;150;600;1;1000;4;1;8;100;50;1","shared_value;pvs;8;0;1;1;-50;200;1;20;25;3;2;1;3;3;2;0;3;3;1;3;150;150;600;1;1000;4;1;8;100;50;1","shared_value;pvs;8;0;1;1;-50;200;1;20;25;3;2;1;3;3;2;0;3;3;1;3;150;150;600;1;1000;4;1;8;100;50;1","rnbqkbnr/pppppppp/8/8/8/8/PPPPPPPP/RNBQKBNR w KQkq - 0 1","rnbqkbnr/pppppppp/8/8/8/8/PPPPPPPP/RNBQKBNR w KQkq - 0 1","0:0:0:0:0|0:0:0:0:0|0:0:0:0:0|0:0:0:0:0","759421758207090123:0:0",180000,180000,180000,180000,2000,real,1000,0,0,0,0,5,0,0,0,0,100,189205,187240,189196,189172,5,4,5,5,0,0,0,0,1,3,1,3,3,1,1,1,1,1,4,1,1,0,0
0,11035599632215351478,2026,5217400152005533146,team_a_wins,0,game_over,89,4,"sacrifice;pvs;8;0;1;1;-50;200;1;20;25;3;2;1;3;3;2;0;3;3;1;3;150;150;600;1;1000;4;1;8;100;50;1","shared_value;pvs;8;0;1;1;-50;200;1;20;25;3;2;1;3;3;2;0;3;3;1;3;150;150;600;1;1000;4;1;8;100;50;1","shared_value;pvs;8;0;1;1;-50;200;1;20;25;3;2;1;3;3;2;0;3;3;1;3;150;150;600;1;1000;4;1;8;100;50;1","sacrifice;pvs;8;0;1;1;-50;200;1;20;25;3;2;1;3;3;2;0;3;3;1;3;150;150;600;1;1000;4;1;8;100;50;1","rnbqkbnr/pppppppp/8/8/8/8/PPPPPPPP/RNBQKBNR w KQkq - 0 1","rnbqkbnr/pppppppp/8/8/8/8/PPPPPPPP/RNBQKBNR w KQkq - 0 1","0:0:0:0:0|0:0:0:0:0|0:0:0:0:0|0:0:0:0:0","759421758207090123:0:0",180000,180000,180000,180000,2000,real,1000,0,0,0,0,5,0,0,0,0,100,128952,141547,150301,137702,21,20,24,24,0,0,0,0,25,33,0,24,3,0,0,0,12,0,0,0,10,0,0
0,11035599632215405220,2026,5217400152005532956,ongoing,-1,ply_limit,100,0,"sacrifice;pvs;8;0;1;1;-50;200;1;20;25;3;2;1;3;3;2;0;3;3;1;3;150;150;600;1;1000;4;1;8;100;50;1","shared_value;pvs;8;0;1;1;-50;200;1;20;25;3;2;1;3;3;2;0;3;3;1;3;150;150;600;1;1000;4;1;8;100;50;1","sacrifice;pvs;8;0;1;1;-50;200;1;20;25;3;2;1;3;3;2;0;3;3;1;3;150;150;600;1;1000;4;1;8;100;50;1","independent;pvs;8;0;1;1;-50;200;1;20;25;3;2;1;3;3;2;0;3;3;1;3;150;150;600;1;1000;4;1;8;100;50;1","rnbqkbnr/pppppppp/8/8/8/8/PPPPPPPP/RNBQKBNR w KQkq - 0 1","rnbqkbnr/pppppppp/8/8/8/8/PPPPPPPP/RNBQKBNR w KQkq - 0 1","0:0:0:0:0|0:0:0:0:0|0:0:0:0:0|0:0:0:0:0","759421758207090123:0:0",180000,180000,180000,180000,2000,real,1000,0,0,0,0,5,0,0,0,0,100,186946,182620,263011,262885,6,6,44,44,0,0,0,0,22,24,1,17,3,1,0,0,9,0,0,0,0,0,0
0,11035599632215405538,2026,5217400152005532959,ongoing,-1,ply_limit,100,0,"sacrifice;pvs;8;0;1;1;-50;200;1;20;25;3;2;1;3;3;2;0;3;3;1;3;150;150;600;1;1000;4;1;8;100;50;1","shared_value;pvs;8;0;1;1;-50;200;1;20;25;3;2;1;3;3;2;0;3;3;1;3;150;150;600;1;1000;4;1;8;100;50;1","sacrifice;pvs;8;0;1;1;-50;200;1;20;25;3;2;1;3;3;2;0;3;3;1;3;150;150;600;1;1000;4;1;8;100;50;1","request;pvs;8;0;1;1;-50;200;1;20;25;3;2;1;3;3;2;0;3;3;1;3;150;150;600;1;1000;4;1;8;100;50;1","rnbqkbnr/pppppppp/8/8/8/8/PPPPPPPP/RNBQKBNR w KQkq - 0 1","rnbqkbnr/pppppppp/8/8/8/8/PPPPPPPP/RNBQKBNR w KQkq - 0 1","0:0:0:0:0|0:0:0:0:0|0:0:0:0:0|0:0:0:0:0","759421758207090123:0:0",180000,180000,180000,180000,2000,real,1000,0,0,0,0,5,0,0,0,0,100,188472,181980,265770,266404,5,5,45,45,45,45,45,0,20,14,0,14,0,0,0,0,10,0,0,0,0,0,0
0,11035599632215404577,2026,5217400152005532958,ongoing,-1,ply_limit,100,0,"sacrifice;pvs;8;0;1;1;-50;200;1;20;25;3;2;1;3;3;2;0;3;3;1;3;150;150;600;1;1000;4;1;8;100;50;1","shared_value;pvs;8;0;1;1;-50;200;1;20;25;3;2;1;3;3;2;0;3;3;1;3;150;150;600;1;1000;4;1;8;100;50;1","sacrifice;pvs;8;0;1;1;-50;200;1;20;25;3;2;1;3;3;2;0;3;3;1;3;150;150;600;1;1000;4;1;8;100;50;1","shared_value;pvs;8;0;1;1;-50;200;1;20;25;3;2;1;3;3;2;0;3;3;1;3;150;150;600;1;1000;4;1;8;100;50;1","rnbqkbnr/pppppppp/8/8/8/8/PPPPPPPP/RNBQKBNR w KQkq - 0 1","rnbqkbnr/pppppppp/8/8/8/8/PPPPPPPP/RNBQKBNR w KQkq - 0 1","0:0:0:0:0|0:0:0:0:0|0:0:0:0:0|0:0:0:0:0","759421758207090123:0:0",180000,180000,180000,180000,2000,real,1000,0,0,0,0,5,0,0,0,0,100,183759,187834,260564,259187,7,6,43,44,0,0,0,0,20,18,0,14,0,0,0,0,10,0,0,0,0,0,0
0,11035599632215405415,2026,5217400152005532953,ongoing,-1,ply_limit,100,0,"sacrifice;pvs;8;0;1;1;-50;200;1;20;25;3;2;1;3;3;2;0;3;3;1;3;150;150;600;1;1000;4;1;8;100;50;1","shared_value;pvs;8;0;1;1;-50;200;1;20;25;3;2;1;3;3;2;0;3;3;1;3;150;150;600;1;1000;4;1;8;100;50;1","sacrifice;pvs;8;0;1;1;-50;200;1;20;25;3;2;1;3;3;2;0;3;3;1;3;150;150;600;1;1000;4;1;8;100;50;1","sacrifice;pvs;8;0;1;1;-50;200;1;20;25;3;2;1;3;3;2;0;3;3;1;3;150;150;600;1;1000;4;1;8;100;50;1","rnbqkbnr/pppppppp/8/8/8/8/PPPPPPPP/RNBQKBNR w KQkq - 0 1","rnbqkbnr/pppppppp/8/8/8/8/PPPPPPPP/RNBQKBNR w KQkq - 0 1","0:0:0:0:0|0:0:0:0:0|0:0:0:0:0|0:0:0:0:0","759421758207090123:0:0",180000,180000,180000,180000,2000,real,1000,0,0,0,0,5,0,0,0,0,100,183302,181733,262439,264625,6,5,44,45,0,0,0,0,21,56,1,34,2,1,0,0,10,0,0,0,1,0,0
0,11035599632191433314,2026,5217400152005413663,ongoing,-1,ply_limit,100,0,"sacrifice;pvs;8;0;1;1;-50;200;1;20;25;3;2;1;3;3;2;0;3;3;1;3;150;150;600;1;1000;4;1;8;100;50;1","sacrifice;pvs;8;0;1;1;-50;200;1;20;25;3;2;1;3;3;2;0;3;3;1;3;150;150;600;1;1000;4;1;8;100;50;1","independent;pvs;8;0;1;1;-50;200;1;20;25;3;2;1;3;3;2;0;3;3;1;3;150;150;600;1;1000;4;1;8;100;50;1","independent;pvs;8;0;1;1;-50;200;1;20;25;3;2;1;3;3;2;0;3;3;1;3;150;150;600;1;1000;4;1;8;100;50;1","rnbqkbnr/pppppppp/8/8/8/8/PPPPPPPP/RNBQKBNR w KQkq - 0 1","rnbqkbnr/pppppppp/8/8/8/8/PPPPPPPP/RNBQKBNR w KQkq - 0 1","0:0:0:0:0|0:0:0:0:0|0:0:0:0:0|0:0:0:0:0","759421758207090123:0:0",180000,180000,180000,180000,2000,real,1000,0,0,0,0,5,0,0,0,0,100,179396,178090,240878,244260,10,9,40,41,0,0,0,0,23,9,0,8,0,0,0,0,12,0,0,0,3,0,0
0,11035599632191433377,2026,5217400152005413662,ongoing,-1,ply_limit,100,0,"sacrifice;pvs;8;0;1;1;-50;200;1;20;25;3;2;1;3;3;2;0;3;3;1;3;150;150;600;1;1000;4;1;8;100;50;1","sacrifice;pvs;8;0;1;1;-50;200;1;20;25;3;2;1;3;3;2;0;3;3;1;3;150;150;600;1;1000;4;1;8;100;50;1","independent;pvs;8;0;1;1;-50;200;1;20;25;3;2;1;3;3;2;0;3;3;1;3;150;150;600;1;1000;4;1;8;100;50;1","request;pvs;8;0;1;1;-50;200;1;20;25;3;2;1;3;3;2;0;3;3;1;3;150;150;600;1;1000;4;1;8;100;50;1","rnbqkbnr/pppppppp/8/8/8/8/PPPPPPPP/RNBQKBNR w KQkq - 0 1","rnbqkbnr/pppppppp/8/8/8/8/PPPPPPPP/RNBQKBNR w KQkq - 0 1","0:0:0:0:0|0:0:0:0:0|0:0:0:0:0|0:0:0:0:0","759421758207090123:0:0",180000,180000,180000,180000,2000,real,1000,0,0,0,0,5,0,0,0,0,100,241360,238025,178902,184274,40,39,10,11,11,11,11,2,26,19,0,12,0,0,0,0,13,0,0,0,5,0,0
0,11035599632191432577,2026,5217400152005413729,ongoing,-1,ply_limit,100,0,"sacrifice;pvs;8;0;1;1;-50;200;1;20;25;3;2;1;3;3;2;0;3;3;1;3;150;150;600;1;1000;4;1;8;100;50;1","sacrifice;pvs;8;0;1;1;-50;200;1;20;25;3;2;1;3;3;2;0;3;3;1;3;150;150;600;1;1000;4;1;8;100;50;1","independent;pvs;8;0;1;1;-50;200;1;20;25;3;2;1;3;3;2;0;3;3;1;3;150;150;600;1;1000;4;1;8;100;50;1","shared_value;pvs;8;0;1;1;-50;200;1;20;25;3;2;1;3;3;2;0;3;3;1;3;150;150;600;1;1000;4;1;8;100;50;1","rnbqkbnr/pppppppp/8/8/8/8/PPPPPPPP/RNBQKBNR w KQkq - 0 1","rnbqkbnr/pppppppp/8/8/8/8/PPPPPPPP/RNBQKBNR w KQkq - 0 1","0:0:0:0:0|0:0:0:0:0|0:0:0:0:0|0:0:0:0:0","759421758207090123:0:0",180000,180000,180000,180000,2000,real,1000,0,0,0,0,5,0,0,0,0,100,262817,263010,182969,189037,44,44,6,6,0,0,0,0,21,42,1,24,7,1,0,0,11,0,0,0,1,0,0
0,11035599632191429203,2026,5217400152005413728,team_b_wins,1,game_over,88,0,"sacrifice;pvs;8;0;1;1;-50;200;1;20;25;3;2;1;3;3;2;0;3;3;1;3;150;150;600;1;1000;4;1;8;100;50;1","sacrifice;pvs;8;0;1;1;-50;200;1;20;25;3;2;1;3;3;2;0;3;3;1;3;150;150;600;1;1000;4;1;8;100;50;1","independent;pvs;8;0;1;1;-50;200;1;20;25;3;2;1;3;3;2;0;3;3;1;3;150;150;600;1;1000;4;1;8;100;50;1","sacrifice;pvs;8;0;1;1;-50;200;1;20;25;3;2;1;3;3;2;0;3;3;1;3;150;150;600;1;1000;4;1;8;100;50;1","rnbqkbnr/pppppppp/8/8/8/8/PPPPPPPP/RNBQKBNR w KQkq - 0 1","rnbqkbnr/pppppppp/8/8/8/8/PPPPPPPP/RNBQKBNR w KQkq - 0 1","0:0:0:0:0|0:0:0:0:0|0:0:0:0:0|0:0:0:0:0","759421758207090123:0:0",180000,180000,180000,180000,2000,real,1000,0,0,0,0,5,0,0,0,0,100,234292,234013,178587,184697,35,35,9,9,0,0,0,0,22,22,0,17,0,0,0,0,12,0,0,0,3,0,0
0,11035599632192150238,2026,5217400152005414831,team_a_wins,0,game_over,71,1,"sacrifice;pvs;8;0;1;1;-50;200;1;20;25;3;2;1;3;3;2;0;3;3;1;3;150;150;600;1;1000;4;1;8;100;50;1","sacrifice;pvs;8;0;1;1;-50;200;1;20;25;3;2;1;3;3;2;0;3;3;1;3;150;150;600;1;1000;4;1;8;100;50;1","request;pvs;8;0;1;1;-50;200;1;20;25;3;2;1;3;3;2;0;3;3;1;3;150;150;600;1;1000;4;1;8;100;50;1","independent;pvs;8;0;1;1;-50;200;1;20;25;3;2;1;3;3;2;0;3;3;1;3;150;150;600;1;1000;4;1;8;100;50;1","rnbqkbnr/pppppppp/8/8/8/8/PPPPPPPP/RNBQKBNR w KQkq - 0 1","rnbqkbnr/pppppppp/8/8/8/8/PPPPPPPP/RNBQKBNR w KQkq - 0 1","0:0:0:0:0|0:0:0:0:0|0:0:0:0:0|0:0:0:0:0","759421758207090123:0:0",180000,180000,180000,180000,2000,real,1000,0,0,0,0,5,0,0,0,0,100,148922,149414,147852,152905,18,17,18,18,18,18,18,0,19,17,0,11,0,0,0,0,11,0,0,0,3,0,0
0,11035599632192150424,2026,5217400152005414828,ongoing,-1,ply_limit,100,9,"sacrifice;pvs;8;0;1;1;-50;200;1;20;25;3;2;1;3;3;2;0;3;3;1;3;150;150;600;1;1000;4;1;8;100;50;1","sacrifice;pvs;8;0;1;1;-50;200;1;20;25;3;2;1;3;3;2;0;3;3;1;3;150;150;600;1;1000;4;1;8;100;50;1","request;pvs;8;0;1;1;-50;200;1;20;25;3;2;1;3;3;2;0;3;3;1;3;150;150;600;1;1000;4;1;8;100;50;1","request;pvs;8;0;1;1;-50;200;1;20;25;3;2;1;3;3;2;0;3;3;1;3;150;150;600;1;1000;4;1;8;100;50;1","rnbqkbnr/pppppppp/8/8/8/8/PPPPPPPP/RNBQKBNR w KQkq - 0 1","rnbqkbnr/pppppppp/8/8/8/8/PPPPPPPP/RNBQKBNR w KQkq - 0 1","0:0:0:0:0|0:0:0:0:0|0:0:0:0:0|0:0:0:0:0","759421758207090123:0:0",180000,180000,180000,180000,2000,real,1000,0,0,0,0,5,0,0,0,0,100,151106,152919,134322,132742,30,29,20,21,41,41,41,0,21,26,0,23,0,0,0,0,12,0,0,0,4,0,0
0,11035599632192150108,2026,5217400152005414829,ongoing,-1,ply_limit,100,0,"sacrifice;pvs;8;0;1;1;-50;200;1;20;25;3;2;1;3;3;2;0;3;3;1;3;150;150;600;1;1000;4;1;8;100;50;1","sacrifice;pvs;8;0;1;1;-50;200;1;20;25;3;2;1;3;3;2;0;3;3;1;3;150;150;600;1;1000;4;1;8;100;50;1","request;pvs;8;0;1;1;-50;200;1;20;25;3;2;1;3;3;2;0;3;3;1;3;150;150;600;1;1000;4;1;8;100;50;1","shared_value;pvs;8;0;1;1;-50;200;1;20;25;3;2;1;3;3;2;0;3;3;1;3;150;150;600;1;1000;4;1;8;100;50;1","rnbqkbnr/pppppppp/8/8/8/8/PPPPPPPP/RNBQKBNR w KQkq - 0 1","rnbqkbnr/pppppppp/8/8/8/8/PPPPPPPP/RNBQKBNR w KQkq - 0 1","0:0:0:0:0|0:0:0:0:0|0:0:0:0:0|0:0:0:0:0","759421758207090123:0:0",180000,180000,180000,180000,2000,real,1000,0,0,0,0,5,0,0,0,0,100,176699,177921,236193,228180,12,11,38,39,38,38,38,0,22,12,0,11,0,0,0,0,12,0,0,0,2,0,0
0,11035599632192150298,2026,5217400152005414826,team_b_wins,1,game_over,91,0,"sacrifice;pvs;8;0;1;1;-50;200;1;20;25;3;2;1;3;3;2;0;3;3;1;3;150;150;600;1;1000;4;1;8;100;50;1","sacrifice;pvs;8;0;1;1;-50;200;1;20;25;3;2;1;3;3;2;0;3;3;1;3;150;150;600;1;1000;4;1;8;100;50;1","request;pvs;8;0;1;1;-50;200;1;20;25;3;2;1;3;3;2;0;3;3;1;3;150;150;600;1;1000;4;1;8;100;50;1","sacrifice;pvs;8;0;1;1;-50;200;1;20;25;3;2;1;3;3;2;0;3;3;1;3;150;150;600;1;1000;4;1;8;100;50;1","rnbqkbnr/pppppppp/8/8/8/8/PPPPPPPP/RNBQKBNR w KQkq - 0 1","rnbqkbnr/pppppppp/8/8/8/8/PPPPPPPP/RNBQKBNR w KQkq - 0 1","0:0:0:0:0|0:0:0:0:0|0:0:0:0:0|0:0:0:0:0","759421758207090123:0:0",180000,180000,180000,180000,2000,real,1000,0,0,0,0,5,0,0,0,0,100,139908,135741,158334,158187,18,18,27,28,27,27,27,0,20,17,0,13,0,0,0,0,13,0,0,0,10,1,0.1
0,11035599632192145965,2026,5217400152005414894,team_b_wins,1,game_over,70,0,"sacrifice;pvs;8;0;1;1;-50;200;1;20;25;3;2;1;3;3;2;0;3;3;1;3;150;150;600;1;1000;4;1;8;100;50;1","sacrifice;pvs;8;0;1;1;-50;200;1;20;25;3;2;1;3;3;2;0;3;3;1;3;150;150;600;1;1000;4;1;8;100;50;1","shared_value;pvs;8;0;1;1;-50;200;1;20;25;3;2;1;3;3;2;0;3;3;1;3;150;150;600;1;1000;4;1;8;100;50;1","independent;pvs;8;0;1;1;-50;200;1;20;25;3;2;1;3;3;2;0;3;3;1;3;150;150;600;1;1000;4;1;8;100;50;1","rnbqkbnr/pppppppp/8/8/8/8/PPPPPPPP/RNBQKBNR w KQkq - 0 1","rnbqkbnr/pppppppp/8/8/8/8/PPPPPPPP/RNBQKBNR w KQkq - 0 1","0:0:0:0:0|0:0:0:0:0|0:0:0:0:0|0:0:0:0:0","759421758207090123:0:0",180000,180000,180000,180000,2000,real,1000,0,0,0,0,5,0,0,0,0,100,236977,236614,181858,188817,30,30,5,5,0,0,0,0,17,33,1,20,2,1,0,0,9,0,0,0,0,0,0
0,11035599632192146156,2026,5217400152005414893,team_b_wins,1,game_over,70,0,"sacrifice;pvs;8;0;1;1;-50;200;1;20;25;3;2;1;3;3;2;0;3;3;1;3;150;150;600;1;1000;4;1;8;100;50;1","sacrifice;pvs;8;0;1;1;-50;200;1;20;25;3;2;1;3;3;2;0;3;3;1;3;150;150;600;1;1000;4;1;8;100;50;1","shared_value;pvs;8;0;1;1;-50;200;1;20;25;3;2;1;3;3;2;0;3;3;1;3;150;150;600;1;1000;4;1;8;100;50;1","request;pvs;8;0;1;1;-50;200;1;20;25;3;2;1;3;3;2;0;3;3;1;3;150;150;600;1;1000;4;1;8;100;50;1","rnbqkbnr/pppppppp/8/8/8/8/PPPPPPPP/RNBQKBNR w KQkq - 0 1","rnbqkbnr/pppppppp/8/8/8/8/PPPPPPPP/RNBQKBNR w KQkq - 0 1","0:0:0:0:0|0:0:0:0:0|0:0:0:0:0|0:0:0:0:0","759421758207090123:0:0",180000,180000,180000,180000,2000,real,1000,0,0,0,0,5,0,0,0,0,100,236926,236602,181876,188752,30,30,5,5,5,5,5,1,17,33,1,20,2,1,0,0,9,0,0,0,0,0,0
0,11035599632192146344,2026,5217400152005414892,team_b_wins,1,game_over,81,0,"sacrifice;pvs;8;0;1;1;-50;200;1;20;25;3;2;1;3;3;2;0;3;3;1;3;150;150;600;1;1000;4;1;8;100;50;1","sacrifice;pvs;8;0;1;1;-50;200;1;20;25;3;2;1;3;3;2;0;3;3;1;3;150;150;600;1;1000;4;1;8;100;50;1","shared_value;pvs;8;0;1;1;-50;200;1;20;25;3;2;1;3;3;2;0;3;3;1;3;150;150;600;1;1000;4;1;8;100;50;1","shared_value;pvs;8;0;1;1;-50;200;1;20;25;3;2;1;3;3;2;0;3;3;1;3;150;150;600;1;1000;4;1;8;100;50;1","rnbqkbnr/pppppppp/8/8/8/8/PPPPPPPP/RNBQKBNR w KQkq - 0 1","rnbqkbnr/pppppppp/8/8/8/8/PPPPPPPP/RNBQKBNR w KQkq - 0 1","0:0:0:0:0|0:0:0:0:0|0:0:0:0:0|0:0:0:0:0","759421758207090123:0:0",180000,180000,180000,180000,2000,real,1000,0,0,0,0,5,0,0,0,0,100,246418,246404,188389,183682,35,35,5,6,0,0,0,0,16,15,0,9,0,0,0,0,8,0,0,0,0,0,0
0,11035599632192146537,2026,5217400152005414891,team_b_wins,1,game_over,70,0,"sacrifice;pvs;8;0;1;1;-50;200;1;20;25;3;2;1;3;3;2;0;3;3;1;3;150;150;600;1;1000;4;1;8;100;50;1","sacrifice;pvs;8;0;1;1;-50;200;1;20;25;3;2;1;3;3;2;0;3;3;1;3;150;150;600;1;1000;4;1;8;100;50;1","shared_value;pvs;8;0;1;1;-50;200;1;20;25;3;2;1;3;3;2;0;3;3;1;3;150;150;600;1;1000;4;1;8;100;50;1","sacrifice;pvs;8;0;1;1;-50;200;1;20;25;3;2;1;3;3;2;0;3;3;1;3;150;150;600;1;1000;4;1;8;100;50;1","rnbqkbnr/pppppppp/8/8/8/8/PPPPPPPP/RNBQKBNR w KQkq - 0 1","rnbqkbnr/pppppppp/8/8/8/8/PPPPPPPP/RNBQKBNR w KQkq - 0 1","0:0:0:0:0|0:0:0:0:0|0:0:0:0:0|0:0:0:0:0","759421758207090123:0:0",180000,180000,180000,180000,2000,real,1000,0,0,0,0,5,0,0,0,0,100,236957,236596,181872,188772,30,30,5,5,0,0,0,0,17,36,1,23,2,1,0,0,9,0,0,0,0,0,0
0,11035599632191353148,2026,5217400152005413933,ongoing,-1,ply_limit,100,0,"sacrifice;pvs;8;0;1;1;-50;200;1;20;25;3;2;1;3;3;2;0;3;3;1;3;150;150;600;1;1000;4;1;8;100;50;1","sacrifice;pvs;8;0;1;1;-50;200;1;20;25;3;2;1;3;3;2;0;3;3;1;3;150;150;600;1;1000;4;1;8;100;50;1","sacrifice;pvs;8;0;1;1;-50;200;1;20;25;3;2;1;3;3;2;0;3;3;1;3;150;150;600;1;1000;4;1;8;100;50;1","independent;pvs;8;0;1;1;-50;200;1;20;25;3;2;1;3;3;2;0;3;3;1;3;150;150;600;1;1000;4;1;8;100;50;1","rnbqkbnr/pppppppp/8/8/8/8/PPPPPPPP/RNBQKBNR w KQkq - 0 1","rnbqkbnr/pppppppp/8/8/8/8/PPPPPPPP/RNBQKBNR w KQkq - 0 1","0:0:0:0:0|0:0:0:0:0|0:0:0:0:0|0:0:0:0:0","759421758207090123:0:0",180000,180000,180000,180000,2000,real,1000,0,0,0,0,5,0,0,0,0,100,185682,185359,246995,248765,10,9,40,41,0,0,0,0,23,24,0,18,0,0,0,0,11,0,0,0,3,0,0
0,11035599632191353341,2026,5217400152005413934,ongoing,-1,ply_limit,100,0,"sacrifice;pvs;8;0;1;1;-50;200;1;20;25;3;2;1;3;3;2;0;3;3;1;3;150;150;600;1;1000;4;1;8;100;50;1","sacrifice;pvs;8;0;1;1;-50;200;1;20;25;3;2;1;3;3;2;0;3;3;1;3;150;150;600;1;1000;4;1;8;100;50;1","sacrifice;pvs;8;0;1;1;-50;200;1;20;25;3;2;1;3;3;2;0;3;3;1;3;150;150;600;1;1000;4;1;8;100;50;1","request;pvs;8;0;1;1;-50;200;1;20;25;3;2;1;3;3;2;0;3;3;1;3;150;150;600;1;1000;4;1;8;100;50;1","rnbqkbnr/pppppppp/8/8/8/8/PPPPPPPP/RNBQKBNR w KQkq - 0 1","rnbqkbnr/pppppppp/8/8/8/8/PPPPPPPP/RNBQKBNR w KQkq - 0 1","0:0:0:0:0|0:0:0:0:0|0:0:0:0:0|0:0:0:0:0","759421758207090123:0:0",180000,180000,180000,180000,2000,real,1000,0,0,0,0,5,0,0,0,0,100,242835,240000,173475,179169,41,41,9,9,9,9,9,2,26,20,0,15,0,0,0,0,12,0,0,0,2,1,0.5
0,11035599632191353534,2026,5217400152005413935,team_a_wins,0,game_over,91,0,"sacrifice;pvs;8;0;1;1;-50;200;1;20;25;3;2;1;3;3;2;0;3;3;1;3;150;150;600;1;1000;4;1;8;100;50;1","sacrifice;pvs;8;0;1;1;-50;200;1;20;25;3;2;1;3;3;2;0;3;3;1;3;150;150;600;1;1000;4;1;8;100;50;1","sacrifice;pvs;8;0;1;1;-50;200;1;20;25;3;2;1;3;3;2;0;3;3;1;3;150;150;600;1;1000;4;1;8;100;50;1","shared_value;pvs;8;0;1;1;-50;200;1;20;25;3;2;1;3;3;2;0;3;3;1;3;150;150;600;1;1000;4;1;8;100;50;1","rnbqkbnr/pppppppp/8/8/8/8/PPPPPPPP/RNBQKBNR w KQkq - 0 1","rnbqkbnr/pppppppp/8/8/8/8/PPPPPPPP/RNBQKBNR w KQkq - 0 1","0:0:0:0:0|0:0:0:0:0|0:0:0:0:0|0:0:0:0:0","759421758207090123:0:0",180000,180000,180000,180000,2000,real,1000,0,0,0,0,5,0,0,0,0,100,257661,255708,181927,188627,41,40,5,5,0,0,0,0,20,27,0,12,0,0,0,0,10,1,3,0.075,1,0,0
0,11035599632191354737,2026,5217400152005413928,ongoing,-1,ply_limit,100,0,"sacrifice;pvs;8;0;1;1;-50;200;1;20;25;3;2;1;3;3;2;0;3;3;1;3;150;150;600;1;1000;4;1;8;100;50;1","sacrifice;pvs;8;0;1;1;-50;200;1;20;25;3;2;1;3;3;2;0;3;3;1;3;150;150;600;1;1000;4;1;8;100;50;1","sacrifice;pvs;8;0;1;1;-50;200;1;20;25;3;2;1;3;3;2;0;3;3;1;3;150;150;600;1;1000;4;1;8;100;50;1","sacrifice;pvs;8;0;1;1;-50;200;1;20;25;3;2;1;3;3;2;0;3;3;1;3;150;150;600;1;1000;4;1;8;100;50;1","rnbqkbnr/pppppppp/8/8/8/8/PPPPPPPP/RNBQKBNR w KQkq - 0 1","rnbqkbnr/pppppppp/8/8/8/8/PPPPPPPP/RNBQKBNR w KQkq - 0 1","0:0:0:0:0|0:0:0:0:0|0:0:0:0:0|0:0:0:0:0","759421758207090123:0:0",180000,180000,180000,180000,2000,real,1000,0,0,0,0,5,0,0,0,0,100,184095,185358,246492,247799,10,9,40,41,0,0,0,0,22,32,0,25,0,0,0,0,11,0,0,0,3,0,0
