game_index,seed,base_seed,matchup_identity,result,winning_team,termination,plies,agent0_config,agent1_config,agent2_config,agent3_config,board0_fen,board1_fen,initial_pockets,initial_history,initial_clock0_ms,initial_clock1_ms,initial_clock2_ms,initial_clock3_ms,increment_ms,clock_mode,deterministic_move_time_ms,deterministic_player0_ms,deterministic_player1_ms,deterministic_player2_ms,deterministic_player3_ms,max_depth,max_nodes,move_time_ms,search_infinite,first_board,max_plies,final_clock0_ms,final_clock1_ms,final_clock2_ms,final_clock3_ms,moves0,moves1,moves2,moves3,messages,piece_requests,strategy_requests,fulfilled_requests,piece_transfers,sacrifice_attempts,sacrifices_accepted,modeled_transfers,modeled_partner_uses,accepted_sacrifice_transfers,actual_partner_uses,successful_temporal_sacrifices,coordination_opportunities,coordinated_responses,synchrony_credit,synchrony_score,total_drops,wasted_drops,wasted_drop_rate
0,11035599632254197080,0,5217400152005212455,team_b_wins,1,game_over,95,"independent;pvs;64;0;1;1;-50;200;1;20;25;3;2;1;3;3;2;0;3;3;1;3;150;150;600;1;1000;4;1;8;100;50;1","independent;pvs;64;0;1;1;-50;200;1;20;25;3;2;1;3;3;2;0;3;3;1;3;150;150;600;1;1000;4;1;8;100;50;1","independent;pvs;64;0;1;1;-50;200;1;20;25;3;2;1;3;3;2;0;3;3;1;3;150;150;600;1;1000;4;1;8;100;50;1","independent;pvs;64;0;1;1;-50;200;1;20;25;3;2;1;3;3;2;0;3;3;1;3;150;150;600;1;1000;4;1;8;100;50;1","rnbqkbnr/pppppppp/8/8/8/8/PPPPPPPP/RNBQKBNR w KQkq - 0 1","rnbqkbnr/pppppppp/8/8/8/8/PPPPPPPP/RNBQKBNR w KQkq - 0 1","0:0:0:0:0|0:0:0:0:0|0:0:0:0:0|0:0:0:0:0","759421758207090123:0:0",180000,180000,180000,180000,2000,real,1000,0,0,0,0,5,0,0,0,0,100,146886,134674,128706,128558,27,27,20,21,0,0,0,0,25,0,0,0,0,0,0,0,14,0,0,0,12,1,0.0833333
0,11035599632254194583,0,5217400152005212448,team_b_wins,1,game_over,43,"independent;pvs;64;0;1;1;-50;200;1;20;25;3;2;1;3;3;2;0;3;3;1;3;150;150;600;1;1000;4;1;8;100;50;1","independent;pvs;64;0;1;1;-50;200;1;20;25;3;2;1;3;3;2;0;3;3;1;3;150;150;600;1;1000;4;1;8;100;50;1","independent;pvs;64;0;1;1;-50;200;1;20;25;3;2;1;3;3;2;0;3;3;1;3;150;150;600;1;1000;4;1;8;100;50;1","request;pvs;64;0;1;1;-50;200;1;20;25;3;2;1;3;3;2;0;3;3;1;3;150;150;600;1;1000;4;1;8;100;50;1","rnbqkbnr/pppppppp/8/8/8/8/PPPPPPPP/RNBQKBNR w KQkq - 0 1","rnbqkbnr/pppppppp/8/8/8/8/PPPPPPPP/RNBQKBNR w KQkq - 0 1","0:0:0:0:0|0:0:0:0:0|0:0:0:0:0|0:0:0:0:0","759421758207090123:0:0",180000,180000,180000,180000,2000,real,1000,0,0,0,0,5,0,0,0,0,100,185348,179785,189040,181317,10,10,11,12,12,12,12,0,9,0,0,0,0,0,0,0,5,0,0,0,3,0,0
0,11035599632254194644,0,5217400152005212449,ongoing,-1,ply_limit,100,"independent;pvs;64;0;1;1;-50;200;1;20;25;3;2;1;3;3;2;0;3;3;1;3;150;150;600;1;1000;4;1;8;100;50;1","independent;pvs;64;0;1;1;-50;200;1;20;25;3;2;1;3;3;2;0;3;3;1;3;150;150;600;1;1000;4;1;8;100;50;1","independent;pvs;64;0;1;1;-50;200;1;20;25;3;2;1;3;3;2;0;3;3;1;3;150;150;600;1;1000;4;1;8;100;50;1","shared_value;pvs;64;0;1;1;-50;200;1;20;25;3;2;1;3;3;2;0;3;3;1;3;150;150;600;1;1000;4;1;8;100;50;1","rnbqkbnr/pppppppp/8/8/8/8/PPPPPPPP/RNBQKBNR w KQkq - 0 1","rnbqkbnr/pppppppp/8/8/8/8/PPPPPPPP/RNBQKBNR w KQkq - 0 1","0:0:0:0:0|0:0:0:0:0|0:0:0:0:0|0:0:0:0:0","759421758207090123:0:0",180000,180000,180000,180000,2000,real,1000,0,0,0,0,5,0,0,0,0,100,266388,266616,181660,188081,45,45,5,5,0,0,0,0,8,0,0,0,0,0,0,0,7,1,3,0.107143,1,0,0
0,11035599632254194197,0,5217400152005212450,ongoing,-1,ply_limit,100,"independent;pvs;64;0;1;1;-50;200;1;20;25;3;2;1;3;3;2;0;3;3;1;3;150;150;600;1;1000;4;1;8;100;50;1","independent;pvs;64;0;1;1;-50;200;1;20;25;3;2;1;3;3;2;0;3;3;1;3;150;150;600;1;1000;4;1;8;100;50;1","independent;pvs;64;0;1;1;-50;200;1;20;25;3;2;1;3;3;2;0;3;3;1;3;150;150;600;1;1000;4;1;8;100;50;1","sacrifice;pvs;64;0;1;1;-50;200;1;20;25;3;2;1;3;3;2;0;3;3;1;3;150;150;600;1;1000;4;1;8;100;50;1","rnbqkbnr/pppppppp/8/8/8/8/PPPPPPPP/RNBQKBNR w KQkq - 0 1","rnbqkbnr/pppppppp/8/8/8/8/PPPPPPPP/RNBQKBNR w KQkq - 0 1","0:0:0:0:0|0:0:0:0:0|0:0:0:0:0|0:0:0:0:0","759421758207090123:0:0",180000,180000,180000,180000,2000,real,1000,0,0,0,0,5,0,0,0,0,100,264186,262162,183423,184753,45,44,5,6,0,0,0,0,5,2,0,2,0,0,0,0,4,0,0,0,0,0,0
0,11035599632254108298,0,5217400152005213796,team_b_wins,1,game_over,85,"independent;pvs;64;0;1;1;-50;200;1;20;25;3;2;1;3;3;2;0;3;3;1;3;150;150;600;1;1000;4;1;8;100;50;1","independent;pvs;64;0;1;1;-50;200;1;20;25;3;2;1;3;3;2;0;3;3;1;3;150;150;600;1;1000;4;1;8;100;50;1","request;pvs;64;0;1;1;-50;200;1;20;25;3;2;1;3;3;2;0;3;3;1;3;150;150;600;1;1000;4;1;8;100;50;1","independent;pvs;64;0;1;1;-50;200;1;20;25;3;2;1;3;3;2;0;3;3;1;3;150;150;600;1;1000;4;1;8;100;50;1","rnbqkbnr/pppppppp/8/8/8/8/PPPPPPPP/RNBQKBNR w KQkq - 0 1","rnbqkbnr/pppppppp/8/8/8/8/PPPPPPPP/RNBQKBNR w KQkq - 0 1","0:0:0:0:0|0:0:0:0:0|0:0:0:0:0|0:0:0:0:0","759421758207090123:0:0",180000,180000,180000,180000,2000,real,1000,0,0,0,0,5,0,0,0,0,100,150930,147543,176281,178867,14,14,28,29,28,28,28,0,23,0,0,0,0,0,0,0,13,0,0,0,11,2,0.181818
0,11035599632254108363,0,5217400152005213795,ongoing,-1,invalid_agent_move,47,"independent;pvs;64;0;1;1;-50;200;1;20;25;3;2;1;3;3;2;0;3;3;1;3;150;150;600;1;1000;4;1;8;100;50;1","independent;pvs;64;0;1;1;-50;200;1;20;25;3;2;1;3;3;2;0;3;3;1;3;150;150;600;1;1000;4;1;8;100;50;1","request;pvs;64;0;1;1;-50;200;1;20;25;3;2;1;3;3;2;0;3;3;1;3;150;150;600;1;1000;4;1;8;100;50;1","request;pvs;64;0;1;1;-50;200;1;20;25;3;2;1;3;3;2;0;3;3;1;3;150;150;600;1;1000;4;1;8;100;50;1","rnbqkbnr/pppppppp/8/8/8/8/PPPPPPPP/RNBQKBNR w KQkq - 0 1","rnbqkbnr/pppppppp/8/8/8/8/PPPPPPPP/RNBQKBNR w KQkq - 0 1","0:0:0:0:0|0:0:0:0:0|0:0:0:0:0|0:0:0:0:0","759421758207090123:0:0",180000,180000,180000,180000,2000,real,1000,0,0,0,0,5,0,0,0,0,100,202354,200655,183477,182475,16,15,8,8,16,16,16,2,8,0,0,0,0,0,0,0,7,0,0,0,1,0,0
0,11035599632254108165,0,5217400152005213794,ongoing,-1,ply_limit,100,"independent;pvs;64;0;1;1;-50;200;1;20;25;3;2;1;3;3;2;0;3;3;1;3;150;150;600;1;1000;4;1;8;100;50;1","independent;pvs;64;0;1;1;-50;200;1;20;25;3;2;1;3;3;2;0;3;3;1;3;150;150;600;1;1000;4;1;8;100;50;1","request;pvs;64;0;1;1;-50;200;1;20;25;3;2;1;3;3;2;0;3;3;1;3;150;150;600;1;1000;4;1;8;100;50;1","shared_value;pvs;64;0;1;1;-50;200;1;20;25;3;2;1;3;3;2;0;3;3;1;3;150;150;600;1;1000;4;1;8;100;50;1","rnbqkbnr/pppppppp/8/8/8/8/PPPPPPPP/RNBQKBNR w KQkq - 0 1","rnbqkbnr/pppppppp/8/8/8/8/PPPPPPPP/RNBQKBNR w KQkq - 0 1","0:0:0:0:0|0:0:0:0:0|0:0:0:0:0|0:0:0:0:0","759421758207090123:0:0",180000,180000,180000,180000,2000,real,1000,0,0,0,0,5,0,0,0,0,100,264802,262633,186091,182671,45,44,5,6,5,5,5,1,27,0,0,0,0,0,0,0,10,0,0,0,0,0,0
0,11035599632254108228,0,5217400152005213793,ongoing,-1,ply_limit,100,"independent;pvs;64;0;1;1;-50;200;1;20;25;3;2;1;3;3;2;0;3;3;1;3;150;150;600;1;1000;4;1;8;100;50;1","independent;pvs;64;0;1;1;-50;200;1;20;25;3;2;1;3;3;2;0;3;3;1;3;150;150;600;1;1000;4;1;8;100;50;1","request;pvs;64;0;1;1;-50;200;1;20;25;3;2;1;3;3;2;0;3;3;1;3;150;150;600;1;1000;4;1;8;100;50;1","sacrifice;pvs;64;0;1;1;-50;200;1;20;25;3;2;1;3;3;2;0;3;3;1;3;150;150;600;1;1000;4;1;8;100;50;1","rnbqkbnr/pppppppp/8/8/8/8/PPPPPPPP/RNBQKBNR w KQkq - 0 1","rnbqkbnr/pppppppp/8/8/8/8/PPPPPPPP/RNBQKBNR w KQkq - 0 1","0:0:0:0:0|0:0:0:0:0|0:0:0:0:0|0:0:0:0:0","759421758207090123:0:0",180000,180000,180000,180000,2000,real,1000,0,0,0,0,5,0,0,0,0,100,263863,260919,183362,184589,45,44,5,6,5,5,5,0,5,2,0,2,1,0,0,0,4,0,0,0,0,0,0
0,11035599632254170105,0,5217400152005213861,ongoing,-1,ply_limit,100,"independent;pvs;64;0;1;1;-50;200;1;20;25;3;2;1;3;3;2;0;3;3;1;3;150;150;600;1;1000;4;1;8;100;50;1","independent;pvs;64;0;1;1;-50;200;1;20;25;3;2;1;3;3;2;0;3;3;1;3;150;150;600;1;1000;4;1;8;100;50;1","shared_value;pvs;64;0;1;1;-50;200;1;20;25;3;2;1;3;3;2;0;3;3;1;3;150;150;600;1;1000;4;1;8;100;50;1","independent;pvs;64;0;1;1;-50;200;1;20;25;3;2;1;3;3;2;0;3;3;1;3;150;150;600;1;1000;4;1;8;100;50;1","rnbqkbnr/pppppppp/8/8/8/8/PPPPPPPP/RNBQKBNR w KQkq - 0 1","rnbqkbnr/pppppppp/8/8/8/8/PPPPPPPP/RNBQKBNR w KQkq - 0 1","0:0:0:0:0|0:0:0:0:0|0:0:0:0:0|0:0:0:0:0","759421758207090123:0:0",180000,180000,180000,180000,2000,real,1000,0,0,0,0,5,0,0,0,0,100,264420,262366,185008,183236,45,44,5,6,0,0,0,0,25,0,0,0,0,0,0,0,10,0,0,0,1,0,0
0,11035599632254169653,0,5217400152005213858,ongoing,-1,ply_limit,100,"independent;pvs;64;0;1;1;-50;200;1;20;25;3;2;1;3;3;2;0;3;3;1;3;150;150;600;1;1000;4;1;8;100;50;1","independent;pvs;64;0;1;1;-50;200;1;20;25;3;2;1;3;3;2;0;3;3;1;3;150;150;600;1;1000;4;1;8;100;50;1","shared_value;pvs;64;0;1;1;-50;200;1;20;25;3;2;1;3;3;2;0;3;3;1;3;150;150;600;1;1000;4;1;8;100;50;1","request;pvs;64;0;1;1;-50;200;1;20;25;3;2;1;3;3;2;0;3;3;1;3;150;150;600;1;1000;4;1;8;100;50;1","rnbqkbnr/pppppppp/8/8/8/8/PPPPPPPP/RNBQKBNR w KQkq - 0 1","rnbqkbnr/pppppppp/8/8/8/8/PPPPPPPP/RNBQKBNR w KQkq - 0 1","0:0:0:0:0|0:0:0:0:0|0:0:0:0:0|0:0:0:0:0","759421758207090123:0:0",180000,180000,180000,180000,2000,real,1000,0,0,0,0,5,0,0,0,0,100,256461,253396,182174,185431,43,42,7,8,8,8,8,2,22,0,0,0,0,0,0,0,10,0,0,0,4,0,0
0,11035599632254169723,0,5217400152005213859,ongoing,-1,ply_limit,100,"independent;pvs;64;0;1;1;-50;200;1;20;25;3;2;1;3;3;2;0;3;3;1;3;150;150;600;1;1000;4;1;8;100;50;1","independent;pvs;64;0;1;1;-50;200;1;20;25;3;2;1;3;3;2;0;3;3;1;3;150;150;600;1;1000;4;1;8;100;50;1","shared_value;pvs;64;0;1;1;-50;200;1;20;25;3;2;1;3;3;2;0;3;3;1;3;150;150;600;1;1000;4;1;8;100;50;1","shared_value;pvs;64;0;1;1;-50;200;1;20;25;3;2;1;3;3;2;0;3;3;1;3;150;150;600;1;1000;4;1;8;100;50;1","rnbqkbnr/pppppppp/8/8/8/8/PPPPPPPP/RNBQKBNR w KQkq - 0 1","rnbqkbnr/pppppppp/8/8/8/8/PPPPPPPP/RNBQKBNR w KQkq - 0 1","0:0:0:0:0|0:0:0:0:0|0:0:0:0:0|0:0:0:0:0","759421758207090123:0:0",180000,180000,180000,180000,2000,real,1000,0,0,0,0,5,0,0,0,0,100,264810,262762,181506,183127,45,44,5,6,0,0,0,0,22,0,0,0,0,0,0,0,10,0,0,0,1,0,0
0,11035599632254169783,0,5217400152005213856,ongoing,-1,ply_limit,100,"independent;pvs;64;0;1;1;-50;200;1;20;25;3;2;1;3;3;2;0;3;3;1;3;150;150;600;1;1000;4;1;8;100;50;1","independent;pvs;64;0;1;1;-50;200;1;20;25;3;2;1;3;3;2;0;3;3;1;3;150;150;600;1;1000;4;1;8;100;50;1","shared_value;pvs;64;0;1;1;-50;200;1;20;25;3;2;1;3;3;2;0;3;3;1;3;150;150;600;1;1000;4;1;8;100;50;1","sacrifice;pvs;64;0;1;1;-50;200;1;20;25;3;2;1;3;3;2;0;3;3;1;3;150;150;600;1;1000;4;1;8;100;50;1","rnbqkbnr/pppppppp/8/8/8/8/PPPPPPPP/RNBQKBNR w KQkq - 0 1","rnbqkbnr/pppppppp/8/8/8/8/PPPPPPPP/RNBQKBNR w KQkq - 0 1","0:0:0:0:0|0:0:0:0:0|0:0:0:0:0|0:0:0:0:0","759421758207090123:0:0",180000,180000,180000,180000,2000,real,1000,0,0,0,0,5,0,0,0,0,100,266786,265144,186341,181546,46,45,4,5,0,0,0,0,26,0,0,0,0,0,0,0,10,0,0,0,0,0,0
0,11035599632254181995,0,5217400152005212643,ongoing,-1,ply_limit,100,"independent;pvs;64;0;1;1;-50;200;1;20;25;3;2;1;3;3;2;0;3;3;1;3;150;150;600;1;1000;4;1;8;100;50;1","independent;pvs;64;0;1;1;-50;200;1;20;25;3;2;1;3;3;2;0;3;3;1;3;150;150;600;1;1000;4;1;8;100;50;1","sacrifice;pvs;64;0;1;1;-50;200;1;20;25;3;2;1;3;3;2;0;3;3;1;3;150;150;600;1;1000;4;1;8;100;50;1","independent;pvs;64;0;1;1;-50;200;1;20;25;3;2;1;3;3;2;0;3;3;1;3;150;150;600;1;1000;4;1;8;100;50;1","rnbqkbnr/pppppppp/8/8/8/8/PPPPPPPP/RNBQKBNR w KQkq - 0 1","rnbqkbnr/pppppppp/8/8/8/8/PPPPPPPP/RNBQKBNR w KQkq - 0 1","0:0:0:0:0|0:0:0:0:0|0:0:0:0:0|0:0:0:0:0","759421758207090123:0:0",180000,180000,180000,180000,2000,real,1000,0,0,0,0,5,0,0,0,0,100,252498,252580,177818,176854,44,43,6,7,0,0,0,0,25,2,0,2,0,0,0,0,11,0,0,0,3,1,0.333333
0,11035599632254182053,0,5217400152005212642,ongoing,-1,invalid_agent_move,67,"independent;pvs;64;0;1;1;-50;200;1;20;25;3;2;1;3;3;2;0;3;3;1;3;150;150;600;1;1000;4;1;8;100;50;1","independent;pvs;64;0;1;1;-50;200;1;20;25;3;2;1;3;3;2;0;3;3;1;3;150;150;600;1;1000;4;1;8;100;50;1","sacrifice;pvs;64;0;1;1;-50;200;1;20;25;3;2;1;3;3;2;0;3;3;1;3;150;150;600;1;1000;4;1;8;100;50;1","request;pvs;64;0;1;1;-50;200;1;20;25;3;2;1;3;3;2;0;3;3;1;3;150;150;600;1;1000;4;1;8;100;50;1","rnbqkbnr/pppppppp/8/8/8/8/PPPPPPPP/RNBQKBNR w KQkq - 0 1","rnbqkbnr/pppppppp/8/8/8/8/PPPPPPPP/RNBQKBNR w KQkq - 0 1","0:0:0:0:0|0:0:0:0:0|0:0:0:0:0|0:0:0:0:0","759421758207090123:0:0",180000,180000,180000,180000,2000,real,1000,0,0,0,0,5,0,0,0,0,100,158665,160441,161267,162424,16,15,18,18,18,18,18,1,18,2,0,2,0,0,0,0,15,1,1,0.0166667,5,1,0.2
0,11035599632254184937,0,5217400152005212645,ongoing,-1,ply_limit,100,"independent;pvs;64;0;1;1;-50;200;1;20;25;3;2;1;3;3;2;0;3;3;1;3;150;150;600;1;1000;4;1;8;100;50;1","independent;pvs;64;0;1;1;-50;200;1;20;25;3;2;1;3;3;2;0;3;3;1;3;150;150;600;1;1000;4;1;8;100;50;1","sacrifice;pvs;64;0;1;1;-50;200;1;20;25;3;2;1;3;3;2;0;3;3;1;3;150;150;600;1;1000;4;1;8;100;50;1","shared_value;pvs;64;0;1;1;-50;200;1;20;25;3;2;1;3;3;2;0;3;3;1;3;150;150;600;1;1000;4;1;8;100;50;1","rnbqkbnr/pppppppp/8/8/8/8/PPPPPPPP/RNBQKBNR w KQkq - 0 1","rnbqkbnr/pppppppp/8/8/8/8/PPPPPPPP/RNBQKBNR w KQkq - 0 1","0:0:0:0:0|0:0:0:0:0|0:0:0:0:0|0:0:0:0:0","759421758207090123:0:0",180000,180000,180000,180000,2000,real,1000,0,0,0,0,5,0,0,0,0,100,265052,264894,180435,188029,45,45,5,5,0,0,0,0,27,1,0,1,0,0,0,0,10,0,0,0,0,0,0
0,11035599632254181930,0,5217400152005212644,ongoing,-1,ply_limit,100,"independent;pvs;64;0;1;1;-50;200;1;20;25;3;2;1;3;3;2;0;3;3;1;3;150;150;600;1;1000;4;1;8;100;50;1","independent;pvs;64;0;1;1;-50;200;1;20;25;3;2;1;3;3;2;0;3;3;1;3;150;150;600;1;1000;4;1;8;100;50;1","sacrifice;pvs;64;0;1;1;-50;200;1;20;25;3;2;1;3;3;2;0;3;3;1;3;150;150;600;1;1000;4;1;8;100;50;1","sacrifice;pvs;64;0;1;1;-50;200;1;20;25;3;2;1;3;3;2;0;3;3;1;3;150;150;600;1;1000;4;1;8;100;50;1","rnbqkbnr/pppppppp/8/8/8/8/PPPPPPPP/RNBQKBNR w KQkq - 0 1","rnbqkbnr/pppppppp/8/8/8/8/PPPPPPPP/RNBQKBNR w KQkq - 0 1","0:0:0:0:0|0:0:0:0:0|0:0:0:0:0|0:0:0:0:0","759421758207090123:0:0",180000,180000,180000,180000,2000,real,1000,0,0,0,0,5,0,0,0,0,100,252252,242787,169914,175694,44,44,6,6,0,0,0,0,23,2,0,2,0,0,0,0,11,0,0,0,2,0,0
0,11035599632247054507,0,5217400152005168080,team_a_wins,0,game_over,98,"independent;pvs;64;0;1;1;-50;200;1;20;25;3;2;1;3;3;2;0;3;3;1;3;150;150;600;1;1000;4;1;8;100;50;1","request;pvs;64;0;1;1;-50;200;1;20;25;3;2;1;3;3;2;0;3;3;1;3;150;150;600;1;1000;4;1;8;100;50;1","independent;pvs;64;0;1;1;-50;200;1;20;25;3;2;1;3;3;2;0;3;3;1;3;150;150;600;1;1000;4;1;8;100;50;1","independent;pvs;64;0;1;1;-50;200;1;20;25;3;2;1;3;3;2;0;3;3;1;3;150;150;600;1;1000;4;1;8;100;50;1","rnbqkbnr/pppppppp/8/8/8/8/PPPPPPPP/RNBQKBNR w KQkq - 0 1","rnbqkbnr/pppppppp/8/8/8/8/PPPPPPPP/RNBQKBNR w KQkq - 0 1","0:0:0:0:0|0:0:0:0:0|0:0:0:0:0|0:0:0:0:0","759421758207090123:0:0",180000,180000,180000,180000,2000,real,1000,0,0,0,0,5,0,0,0,0,100,176281,168720,214189,223784,12,12,37,37,12,12,12,1,24,0,0,0,0,0,0,0,13,0,0,0,4,0,0
0,11035599632247054440,0,5217400152005168081,ongoing,-1,invalid_agent_move,47,"independent;pvs;64;0;1;1;-50;200;1;20;25;3;2;1;3;3;2;0;3;3;1;3;150;150;600;1;1000;4;1;8;100;50;1","request;pvs;64;0;1;1;-50;200;1;20;25;3;2;1;3;3;2;0;3;3;1;3;150;150;600;1;1000;4;1;8;100;50;1","independent;pvs;64;0;1;1;-50;200;1;20;25;3;2;1;3;3;2;0;3;3;1;3;150;150;600;1;1000;4;1;8;100;50;1","request;pvs;64;0;1;1;-50;200;1;20;25;3;2;1;3;3;2;0;3;3;1;3;150;150;600;1;1000;4;1;8;100;50;1","rnbqkbnr/pppppppp/8/8/8/8/PPPPPPPP/RNBQKBNR w KQkq - 0 1","rnbqkbnr/pppppppp/8/8/8/8/PPPPPPPP/RNBQKBNR w KQkq - 0 1","0:0:0:0:0|0:0:0:0:0|0:0:0:0:0|0:0:0:0:0","759421758207090123:0:0",180000,180000,180000,180000,2000,real,1000,0,0,0,0,5,0,0,0,0,100,175676,167892,183600,184071,10,9,14,14,23,23,23,0,8,0,0,0,0,0,0,0,6,0,0,0,0,0,0
0,11035599632247058212,0,5217400152005168086,ongoing,-1,invalid_agent_move,55,"independent;pvs;64;0;1;1;-50;200;1;20;25;3;2;1;3;3;2;0;3;3;1;3;150;150;600;1;1000;4;1;8;100;50;1","request;pvs;64;0;1;1;-50;200;1;20;25;3;2;1;3;3;2;0;3;3;1;3;150;150;600;1;1000;4;1;8;100;50;1","independent;pvs;64;0;1;1;-50;200;1;20;25;3;2;1;3;3;2;0;3;3;1;3;150;150;600;1;1000;4;1;8;100;50;1","shared_value;pvs;64;0;1;1;-50;200;1;20;25;3;2;1;3;3;2;0;3;3;1;3;150;150;600;1;1000;4;1;8;100;50;1","rnbqkbnr/pppppppp/8/8/8/8/PPPPPPPP/RNBQKBNR w KQkq - 0 1","rnbqkbnr/pppppppp/8/8/8/8/PPPPPPPP/RNBQKBNR w KQkq - 0 1","0:0:0:0:0|0:0:0:0:0|0:0:0:0:0|0:0:0:0:0","759421758207090123:0:0",180000,180000,180000,180000,2000,real,1000,0,0,0,0,5,0,0,0,0,100,194510,185227,167062,172896,20,19,8,8,19,19,19,0,10,0,0,0,0,0,0,0,8,0,0,0,1,0,0
0,11035599632247058172,0,5217400152005168087,team_a_wins,0,game_over,92,"independent;pvs;64;0;1;1;-50;200;1;20;25;3;2;1;3;3;2;0;3;3;1;3;150;150;600;1;1000;4;1;8;100;50;1","request;pvs;64;0;1;1;-50;200;1;20;25;3;2;1;3;3;2;0;3;3;1;3;150;150;600;1;1000;4;1;8;100;50;1","independent;pvs;64;0;1;1;-50;200;1;20;25;3;2;1;3;3;2;0;3;3;1;3;150;150;600;1;1000;4;1;8;100;50;1","sacrifice;pvs;64;0;1;1;-50;200;1;20;25;3;2;1;3;3;2;0;3;3;1;3;150;150;600;1;1000;4;1;8;100;50;1","rnbqkbnr/pppppppp/8/8/8/8/PPPPPPPP/RNBQKBNR w KQkq - 0 1","rnbqkbnr/pppppppp/8/8/8/8/PPPPPPPP/RNBQKBNR w KQkq - 0 1","0:0:0:0:0|0:0:0:0:0|0:0:0:0:0|0:0:0:0:0","759421758207090123:0:0",180000,180000,180000,180000,2000,real,1000,0,0,0,0,5,0,0,0,0,100,196224,204789,155662,157948,35,34,11,12,34,34,34,0,26,1,0,1,0,0,0,0,14,2,7,0.125,7,1,0.142857
0,11035599632247091512,0,5217400152005167633,ongoing,-1,ply_limit,100,"independent;pvs;64;0;1;1;-50;200;1;20;25;3;2;1;3;3;2;0;3;3;1;3;150;150;600;1;1000;4;1;8;100;50;1","request;pvs;64;0;1;1;-50;200;1;20;25;3;2;1;3;3;2;0;3;3;1;3;150;150;600;1;1000;4;1;8;100;50;1","request;pvs;64;0;1;1;-50;200;1;20;25;3;2;1;3;3;2;0;3;3;1;3;150;150;600;1;1000;4;1;8;100;50;1","independent;pvs;64;0;1;1;-50;200;1;20;25;3;2;1;3;3;2;0;3;3;1;3;150;150;600;1;1000;4;1;8;100;50;1","rnbqkbnr/pppppppp/8/8/8/8/PPPPPPPP/RNBQKBNR w KQkq - 0 1","rnbqkbnr/pppppppp/8/8/8/8/PPPPPPPP/RNBQKBNR w KQkq - 0 1","0:0:0:0:0|0:0:0:0:0|0:0:0:0:0|0:0:0:0:0","759421758207090123:0:0",180000,180000,180000,180000,2000,real,1000,0,0,0,0,5,0,0,0,0,100,231481,230846,167160,168712,41,40,9,10,49,49,49,2,29,0,0,0,0,0,0,0,13,0,0,0,6,1,0.166667
0,11035599632247091451,0,5217400152005167632,ongoing,-1,ply_limit,100,"independent;pvs;64;0;1;1;-50;200;1;20;25;3;2;1;3;3;2;0;3;3;1;3;150;150;600;1;1000;4;1;8;100;50;1","request;pvs;64;0;1;1;-50;200;1;20;25;3;2;1;3;3;2;0;3;3;1;3;150;150;600;1;1000;4;1;8;100;50;1","request;pvs;64;0;1;1;-50;200;1;20;25;3;2;1;3;3;2;0;3;3;1;3;150;150;600;1;1000;4;1;8;100;50;1","request;pvs;64;0;1;1;-50;200;1;20;25;3;2;1;3;3;2;0;3;3;1;3;150;150;600;1;1000;4;1;8;100;50;1","rnbqkbnr/pppppppp/8/8/8/8/PPPPPPPP/RNBQKBNR w KQkq - 0 1","rnbqkbnr/pppppppp/8/8/8/8/PPPPPPPP/RNBQKBNR w KQkq - 0 1","0:0:0:0:0|0:0:0:0:0|0:0:0:0:0|0:0:0:0:0","759421758207090123:0:0",180000,180000,180000,180000,2000,real,1000,0,0,0,0,5,0,0,0,0,100,183508,187002,264028,265843,6,5,44,45,94,94,94,1,14,0,0,0,0,0,0,0,10,0,0,0,0,0,0
0,11035599632247094924,0,5217400152005167639,team_a_wins,0,game_over,89,"independent;pvs;64;0;1;1;-50;200;1;20;25;3;2;1;3;3;2;0;3;3;1;3;150;150;600;1;1000;4;1;8;100;50;1","request;pvs;64;0;1;1;-50;200;1;20;25;3;2;1;3;3;2;0;3;3;1;3;150;150;600;1;1000;4;1;8;100;50;1","request;pvs;64;0;1;1;-50;200;1;20;25;3;2;1;3;3;2;0;3;3;1;3;150;150;600;1;1000;4;1;8;100;50;1","shared_value;pvs;64;0;1;1;-50;200;1;20;25;3;2;1;3;3;2;0;3;3;1;3;150;150;600;1;1000;4;1;8;100;50;1","rnbqkbnr/pppppppp/8/8/8/8/PPPPPPPP/RNBQKBNR w KQkq - 0 1","rnbqkbnr/pppppppp/8/8/8/8/PPPPPPPP/RNBQKBNR w KQkq - 0 1","0:0:0:0:0|0:0:0:0:0|0:0:0:0:0|0:0:0:0:0","759421758207090123:0:0",180000,180000,180000,180000,2000,real,1000,0,0,0,0,5,0,0,0,0,100,206582,244582,166841,172958,37,36,8,8,44,44,44,2,23,0,0,0,0,0,0,0,13,2,7,0.134615,3,0,0
0,11035599632247094900,0,5217400152005167638,ongoing,-1,ply_limit,100,"independent;pvs;64;0;1;1;-50;200;1;20;25;3;2;1;3;3;2;0;3;3;1;3;150;150;600;1;1000;4;1;8;100;50;1","request;pvs;64;0;1;1;-50;200;1;20;25;3;2;1;3;3;2;0;3;3;1;3;150;150;600;1;1000;4;1;8;100;50;1","request;pvs;64;0;1;1;-50;200;1;20;25;3;2;1;3;3;2;0;3;3;1;3;150;150;600;1;1000;4;1;8;100;50;1","sacrifice;pvs;64;0;1;1;-50;200;1;20;25;3;2;1;3;3;2;0;3;3;1;3;150;150;600;1;1000;4;1;8;100;50;1","rnbqkbnr/pppppppp/8/8/8/8/PPPPPPPP/RNBQKBNR w KQkq - 0 1","rnbqkbnr/pppppppp/8/8/8/8/PPPPPPPP/RNBQKBNR w KQkq - 0 1","0:0:0:0:0|0:0:0:0:0|0:0:0:0:0|0:0:0:0:0","759421758207090123:0:0",180000,180000,180000,180000,2000,real,1000,0,0,0,0,5,0,0,0,0,100,249991,247100,174566,176889,43,43,7,7,50,50,50,2,25,1,0,1,0,0,0,0,11,0,0,0,2,1,0.5
0,11035599632247046345,0,5217400152005167954,ongoing,-1,ply_limit,100,"independent;pvs;64;0;1;1;-50;200;1;20;25;3;2;1;3;3;2;0;3;3;1;3;150;150;600;1;1000;4;1;8;100;50;1","request;pvs;64;0;1;1;-50;200;1;20;25;3;2;1;3;3;2;0;3;3;1;3;150;150;600;1;1000;4;1;8;100;50;1","shared_value;pvs;64;0;1;1;-50;200;1;20;25;3;2;1;3;3;2;0;3;3;1;3;150;150;600;1;1000;4;1;8;100;50;1","independent;pvs;64;0;1;1;-50;200;1;20;25;3;2;1;3;3;2;0;3;3;1;3;150;150;600;1;1000;4;1;8;100;50;1","rnbqkbnr/pppppppp/8/8/8/8/PPPPPPPP/RNBQKBNR w KQkq - 0 1","rnbqkbnr/pppppppp/8/8/8/8/PPPPPPPP/RNBQKBNR w KQkq - 0 1","0:0:0:0:0|0:0:0:0:0|0:0:0:0:0|0:0:0:0:0","759421758207090123:0:0",180000,180000,180000,180000,2000,real,1000,0,0,0,0,5,0,0,0,0,100,263670,261366,187677,184772,44,43,6,7,43,43,43,0,20,0,0,0,0,0,0,0,10,0,0,0,0,0,0
0,11035599632247046279,0,5217400152005167955,ongoing,-1,ply_limit,100,"independent;pvs;64;0;1;1;-50;200;1;20;25;3;2;1;3;3;2;0;3;3;1;3;150;150;600;1;1000;4;1;8;100;50;1","request;pvs;64;0;1;1;-50;200;1;20;25;3;2;1;3;3;2;0;3;3;1;3;150;150;600;1;1000;4;1;8;100;50;1","shared_value;pvs;64;0;1;1;-50;200;1;20;25;3;2;1;3;3;2;0;3;3;1;3;150;150;600;1;1000;4;1;8;100;50;1","request;pvs;64;0;1;1;-50;200;1;20;25;3;2;1;3;3;2;0;3;3;1;3;150;150;600;1;1000;4;1;8;100;50;1","rnbqkbnr/pppppppp/8/8/8/8/PPPPPPPP/RNBQKBNR w KQkq - 0 1","rnbqkbnr/pppppppp/8/8/8/8/PPPPPPPP/RNBQKBNR w KQkq - 0 1","0:0:0:0:0|0:0:0:0:0|0:0:0:0:0|0:0:0:0:0","759421758207090123:0:0",180000,180000,180000,180000,2000,real,1000,0,0,0,0,5,0,0,0,0,100,180244,184921,252911,256726,8,7,42,43,50,50,50,0,10,0,0,0,0,0,0,0,7,0,0,0,2,0,0
0,11035599632247050054,0,5217400152005167956,ongoing,-1,ply_limit,100,"independent;pvs;64;0;1;1;-50;200;1;20;25;3;2;1;3;3;2;0;3;3;1;3;150;150;600;1;1000;4;1;8;100;50;1","request;pvs;64;0;1;1;-50;200;1;20;25;3;2;1;3;3;2;0;3;3;1;3;150;150;600;1;1000;4;1;8;100;50;1","shared_value;pvs;64;0;1;1;-50;200;1;20;25;3;2;1;3;3;2;0;3;3;1;3;150;150;600;1;1000;4;1;8;100;50;1","shared_value;pvs;64;0;1;1;-50;200;1;20;25;3;2;1;3;3;2;0;3;3;1;3;150;150;600;1;1000;4;1;8;100;50;1","rnbqkbnr/pppppppp/8/8/8/8/PPPPPPPP/RNBQKBNR w KQkq - 0 1","rnbqkbnr/pppppppp/8/8/8/8/PPPPPPPP/RNBQKBNR w KQkq - 0 1","0:0:0:0:0|0:0:0:0:0|0:0:0:0:0|0:0:0:0:0","759421758207090123:0:0",180000,180000,180000,180000,2000,real,1000,0,0,0,0,5,0,0,0,0,100,265773,265710,181733,188649,45,45,5,5,45,45,45,0,22,0,0,0,0,0,0,0,10,0,0,0,0,0,0
0,11035599632247049989,0,5217400152005167957,ongoing,-1,ply_limit,100,"independent;pvs;64;0;1;1;-50;200;1;20;25;3;2;1;3;3;2;0;3;3;1;3;150;150;600;1;1000;4;1;8;100;50;1","request;pvs;64;0;1;1;-50;200;1;20;25;3;2;1;3;3;2;0;3;3;1;3;150;150;600;1;1000;4;1;8;100;50;1","shared_value;pvs;64;0;1;1;-50;200;1;20;25;3;2;1;3;3;2;0;3;3;1;3;150;150;600;1;1000;4;1;8;100;50;1","sacrifice;pvs;64;0;1;1;-50;200;1;20;25;3;2;1;3;3;2;0;3;3;1;3;150;150;600;1;1000;4;1;8;100;50;1","rnbqkbnr/pppppppp/8/8/8/8/PPPPPPPP/RNBQKBNR w KQkq - 0 1","rnbqkbnr/pppppppp/8/8/8/8/PPPPPPPP/RNBQKBNR w KQkq - 0 1","0:0:0:0:0|0:0:0:0:0|0:0:0:0:0|0:0:0:0:0","759421758207090123:0:0",180000,180000,180000,180000,2000,real,1000,0,0,0,0,5,0,0,0,0,100,267663,265947,186611,181765,46,45,4,5,45,45,45,0,26,0,0,0,0,0,0,0,10,0,0,0,0,0,0
0,11035599632247050327,0,5217400152005168019,team_b_wins,1,game_over,93,"independent;pvs;64;0;1;1;-50;200;1;20;25;3;2;1;3;3;2;0;3;3;1;3;150;150;600;1;1000;4;1;8;100;50;1","request;pvs;64;0;1;1;-50;200;1;20;25;3;2;1;3;3;2;0;3;3;1;3;150;150;600;1;1000;4;1;8;100;50;1","sacrifice;pvs;64;0;1;1;-50;200;1;20;25;3;2;1;3;3;2;0;3;3;1;3;150;150;600;1;1000;4;1;8;100;50;1","independent;pvs;64;0;1;1;-50;200;1;20;25;3;2;1;3;3;2;0;3;3;1;3;150;150;600;1;1000;4;1;8;100;50;1","rnbqkbnr/pppppppp/8/8/8/8/PPPPPPPP/RNBQKBNR w KQkq - 0 1","rnbqkbnr/pppppppp/8/8/8/8/PPPPPPPP/RNBQKBNR w KQkq - 0 1","0:0:0:0:0|0:0:0:0:0|0:0:0:0:0|0:0:0:0:0","759421758207090123:0:0",180000,180000,180000,180000,2000,real,1000,0,0,0,0,5,0,0,0,0,100,229990,222379,169226,167591,38,38,8,9,38,38,38,1,23,2,0,2,0,0,0,0,14,1,4,0.0714286,2,1,0.5
0,11035599632247050265,0,5217400152005168018,ongoing,-1,ply_limit,100,"independent;pvs;64;0;1;1;-50;200;1;20;25;3;2;1;3;3;2;0;3;3;1;3;150;150;600;1;1000;4;1;8;100;50;1","request;pvs;64;0;1;1;-50;200;1;20;25;3;2;1;3;3;2;0;3;3;1;3;150;150;600;1;1000;4;1;8;100;50;1","sacrifice;pvs;64;0;1;1;-50;200;1;20;25;3;2;1;3;3;2;0;3;3;1;3;150;150;600;1;1000;4;1;8;100;50;1","request;pvs;64;0;1;1;-50;200;1;20;25;3;2;1;3;3;2;0;3;3;1;3;150;150;600;1;1000;4;1;8;100;50;1","rnbqkbnr/pppppppp/8/8/8/8/PPPPPPPP/RNBQKBNR w KQkq - 0 1","rnbqkbnr/pppppppp/8/8/8/8/PPPPPPPP/RNBQKBNR w KQkq - 0 1","0:0:0:0:0|0:0:0:0:0|0:0:0:0:0|0:0:0:0:0","759421758207090123:0:0",180000,180000,180000,180000,2000,real,1000,0,0,0,0,5,0,0,0,0,100,173608,167026,242324,234901,8,8,42,42,50,50,50,2,22,26,0,23,0,0,0,0,12,0,0,0,3,0,0
0,11035599632247054293,0,5217400152005168021,team_a_wins,0,game_over,33,"independent;pvs;64;0;1;1;-50;200;1;20;25;3;2;1;3;3;2;0;3;3;1;3;150;150;600;1;1000;4;1;8;100;50;1","request;pvs;64;0;1;1;-50;200;1;20;25;3;2;1;3;3;2;0;3;3;1;3;150;150;600;1;1000;4;1;8;100;50;1","sacrifice;pvs;64;0;1;1;-50;200;1;20;25;3;2;1;3;3;2;0;3;3;1;3;150;150;600;1;1000;4;1;8;100;50;1","shared_value;pvs;64;0;1;1;-50;200;1;20;25;3;2;1;3;3;2;0;3;3;1;3;150;150;600;1;1000;4;1;8;100;50;1","rnbqkbnr/pppppppp/8/8/8/8/PPPPPPPP/RNBQKBNR w KQkq - 0 1","rnbqkbnr/pppppppp/8/8/8/8/PPPPPPPP/RNBQKBNR w KQkq - 0 1","0:0:0:0:0|0:0:0:0:0|0:0:0:0:0|0:0:0:0:0","759421758207090123:0:0",180000,180000,180000,180000,2000,real,1000,0,0,0,0,5,0,0,0,0,100,187035,193654,192397,192377,9,8,8,8,8,8,8,0,5,4,1,3,1,1,1,1,5,1,4,0.2,1,0,0
0,11035599632247054230,0,5217400152005168020,ongoing,-1,ply_limit,100,"independent;pvs;64;0;1;1;-50;200;1;20;25;3;2;1;3;3;2;0;3;3;1;3;150;150;600;1;1000;4;1;8;100;50;1","request;pvs;64;0;1;1;-50;200;1;20;25;3;2;1;3;3;2;0;3;3;1;3;150;150;600;1;1000;4;1;8;100;50;1","sacrifice;pvs;64;0;1;1;-50;200;1;20;25;3;2;1;3;3;2;0;3;3;1;3;150;150;600;1;1000;4;1;8;100;50;1","sacrifice;pvs;64;0;1;1;-50;200;1;20;25;3;2;1;3;3;2;0;3;3;1;3;150;150;600;1;1000;4;1;8;100;50;1","rnbqkbnr/pppppppp/8/8/8/8/PPPPPPPP/RNBQKBNR w KQkq - 0 1","rnbqkbnr/pppppppp/8/8/8/8/PPPPPPPP/RNBQKBNR w KQkq - 0 1","0:0:0:0:0|0:0:0:0:0|0:0:0:0:0|0:0:0:0:0","759421758207090123:0:0",180000,180000,180000,180000,2000,real,1000,0,0,0,0,5,0,0,0,0,100,267821,267492,179817,186111,46,46,4,4,46,46,46,0,19,2,0,2,0,0,0,0,10,0,0,0,0,0,0
0,11035599632247329148,0,5217400152005171777,ongoing,-1,ply_limit,100,"independent;pvs;64;0;1;1;-50;200;1;20;25;3;2;1;3;3;2;0;3;3;1;3;150;150;600;1;1000;4;1;8;100;50;1","shared_value;pvs;64;0;1;1;-50;200;1;20;25;3;2;1;3;3;2;0;3;3;1;3;150;150;600;1;1000;4;1;8;100;50;1","independent;pvs;64;0;1;1;-50;200;1;20;25;3;2;1;3;3;2;0;3;3;1;3;150;150;600;1;1000;4;1;8;100;50;1","independent;pvs;64;0;1;1;-50;200;1;20;25;3;2;1;3;3;2;0;3;3;1;3;150;150;600;1;1000;4;1;8;100;50;1","rnbqkbnr/pppppppp/8/8/8/8/PPPPPPPP/RNBQKBNR w KQkq - 0 1","rnbqkbnr/pppppppp/8/8/8/8/PPPPPPPP/RNBQKBNR w KQkq - 0 1","0:0:0:0:0|0:0:0:0:0|0:0:0:0:0|0:0:0:0:0","759421758207090123:0:0",180000,180000,180000,180000,2000,real,1000,0,0,0,0,5,0,0,0,0,100,183453,185887,263278,265311,6,5,44,45,0,0,0,0,25,0,0,0,0,0,0,0,10,0,0,0,1,0,0
0,11035599632247328959,0,5217400152005171776,ongoing,-1,ply_limit,100,"independent;pvs;64;0;1;1;-50;200;1;20;25;3;2;1;3;3;2;0;3;3;1;3;150;150;600;1;1000;4;1;8;100;50;1","shared_value;pvs;64;0;1;1;-50;200;1;20;25;3;2;1;3;3;2;0;3;3;1;3;150;150;600;1;1000;4;1;8;100;50;1","independent;pvs;64;0;1;1;-50;200;1;20;25;3;2;1;3;3;2;0;3;3;1;3;150;150;600;1;1000;4;1;8;100;50;1","request;pvs;64;0;1;1;-50;200;1;20;25;3;2;1;3;3;2;0;3;3;1;3;150;150;600;1;1000;4;1;8;100;50;1","rnbqkbnr/pppppppp/8/8/8/8/PPPPPPPP/RNBQKBNR w KQkq - 0 1","rnbqkbnr/pppppppp/8/8/8/8/PPPPPPPP/RNBQKBNR w KQkq - 0 1","0:0:0:0:0|0:0:0:0:0|0:0:0:0:0|0:0:0:0:0","759421758207090123:0:0",180000,180000,180000,180000,2000,real,1000,0,0,0,0,5,0,0,0,0,100,188779,181322,265941,265785,5,5,45,45,45,45,45,0,19,0,0,0,0,0,0,0,10,0,0,0,0,0,0
0,11035599632247332592,0,5217400152005171783,team_b_wins,1,game_over,68,"independent;pvs;64;0;1;1;-50;200;1;20;25;3;2;1;3;3;2;0;3;3;1;3;150;150;600;1;1000;4;1;8;100;50;1","shared_value;pvs;64;0;1;1;-50;200;1;20;25;3;2;1;3;3;2;0;3;3;1;3;150;150;600;1;1000;4;1;8;100;50;1","independent;pvs;64;0;1;1;-50;200;1;20;25;3;2;1;3;3;2;0;3;3;1;3;150;150;600;1;1000;4;1;8;100;50;1","shared_value;pvs;64;0;1;1;-50;200;1;20;25;3;2;1;3;3;2;0;3;3;1;3;150;150;600;1;1000;4;1;8;100;50;1","rnbqkbnr/pppppppp/8/8/8/8/PPPPPPPP/RNBQKBNR w KQkq - 0 1","rnbqkbnr/pppppppp/8/8/8/8/PPPPPPPP/RNBQKBNR w KQkq - 0 1","0:0:0:0:0|0:0:0:0:0|0:0:0:0:0|0:0:0:0:0","759421758207090123:0:0",180000,180000,180000,180000,2000,real,1000,0,0,0,0,5,0,0,0,0,100,163002,168916,152629,166122,19,19,15,15,0,0,0,0,16,0,0,0,0,0,0,0,13,0,0,0,2,1,0.5
0,11035599632247332400,0,5217400152005171782,ongoing,-1,ply_limit,100,"independent;pvs;64;0;1;1;-50;200;1;20;25;3;2;1;3;3;2;0;3;3;1;3;150;150;600;1;1000;4;1;8;100;50;1","shared_value;pvs;64;0;1;1;-50;200;1;20;25;3;2;1;3;3;2;0;3;3;1;3;150;150;600;1;1000;4;1;8;100;50;1","independent;pvs;64;0;1;1;-50;200;1;20;25;3;2;1;3;3;2;0;3;3;1;3;150;150;600;1;1000;4;1;8;100;50;1","sacrifice;pvs;64;0;1;1;-50;200;1;20;25;3;2;1;3;3;2;0;3;3;1;3;150;150;600;1;1000;4;1;8;100;50;1","rnbqkbnr/pppppppp/8/8/8/8/PPPPPPPP/RNBQKBNR w KQkq - 0 1","rnbqkbnr/pppppppp/8/8/8/8/PPPPPPPP/RNBQKBNR w KQkq - 0 1","0:0:0:0:0|0:0:0:0:0|0:0:0:0:0|0:0:0:0:0","759421758207090123:0:0",180000,180000,180000,180000,2000,real,1000,0,0,0,0,5,0,0,0,0,100,183462,183586,262034,259279,6,6,44,44,0,0,0,0,14,4,1,2,1,1,0,0,8,1,3,0.09375,1,0,0
0,11035599632247308463,0,5217400152005172096,ongoing,-1,ply_limit,100,"independent;pvs;64;0;1;1;-50;200;1;20;25;3;2;1;3;3;2;0;3;3;1;3;150;150;600;1;1000;4;1;8;100;50;1","shared_value;pvs;64;0;1;1;-50;200;1;20;25;3;2;1;3;3;2;0;3;3;1;3;150;150;600;1;1000;4;1;8;100;50;1","request;pvs;64;0;1;1;-50;200;1;20;25;3;2;1;3;3;2;0;3;3;1;3;150;150;600;1;1000;4;1;8;100;50;1","independent;pvs;64;0;1;1;-50;200;1;20;25;3;2;1;3;3;2;0;3;3;1;3;150;150;600;1;1000;4;1;8;100;50;1","rnbqkbnr/pppppppp/8/8/8/8/PPPPPPPP/RNBQKBNR w KQkq - 0 1","rnbqkbnr/pppppppp/8/8/8/8/PPPPPPPP/RNBQKBNR w KQkq - 0 1","0:0:0:0:0|0:0:0:0:0|0:0:0:0:0|0:0:0:0:0","759421758207090123:0:0",180000,180000,180000,180000,2000,real,1000,0,0,0,0,5,0,0,0,0,100,183458,188410,263619,265450,6,5,44,45,44,44,44,0,23,0,0,0,0,0,0,0,10,0,0,0,0,0,0
0,11035599632247308524,0,5217400152005172097,ongoing,-1,ply_limit,100,"independent;pvs;64;0;1;1;-50;200;1;20;25;3;2;1;3;3;2;0;3;3;1;3;150;150;600;1;1000;4;1;8;100;50;1","shared_value;pvs;64;0;1;1;-50;200;1;20;25;3;2;1;3;3;2;0;3;3;1;3;150;150;600;1;1000;4;1;8;100;50;1","request;pvs;64;0;1;1;-50;200;1;20;25;3;2;1;3;3;2;0;3;3;1;3;150;150;600;1;1000;4;1;8;100;50;1","request;pvs;64;0;1;1;-50;200;1;20;25;3;2;1;3;3;2;0;3;3;1;3;150;150;600;1;1000;4;1;8;100;50;1","rnbqkbnr/pppppppp/8/8/8/8/PPPPPPPP/RNBQKBNR w KQkq - 0 1","rnbqkbnr/pppppppp/8/8/8/8/PPPPPPPP/RNBQKBNR w KQkq - 0 1","0:0:0:0:0|0:0:0:0:0|0:0:0:0:0|0:0:0:0:0","759421758207090123:0:0",180000,180000,180000,180000,2000,real,1000,0,0,0,0,5,0,0,0,0,100,183424,181732,262546,264398,6,5,44,45,89,89,89,0,25,0,0,0,0,0,0,0,10,0,0,0,1,0,0
0,11035599632247312160,0,5217400152005172102,team_b_wins,1,game_over,78,"independent;pvs;64;0;1;1;-50;200;1;20;25;3;2;1;3;3;2;0;3;3;1;3;150;150;600;1;1000;4;1;8;100;50;1","shared_value;pvs;64;0;1;1;-50;200;1;20;25;3;2;1;3;3;2;0;3;3;1;3;150;150;600;1;1000;4;1;8;100;50;1","request;pvs;64;0;1;1;-50;200;1;20;25;3;2;1;3;3;2;0;3;3;1;3;150;150;600;1;1000;4;1;8;100;50;1","shared_value;pvs;64;0;1;1;-50;200;1;20;25;3;2;1;3;3;2;0;3;3;1;3;150;150;600;1;1000;4;1;8;100;50;1","rnbqkbnr/pppppppp/8/8/8/8/PPPPPPPP/RNBQKBNR w KQkq - 0 1","rnbqkbnr/pppppppp/8/8/8/8/PPPPPPPP/RNBQKBNR w KQkq - 0 1","0:0:0:0:0|0:0:0:0:0|0:0:0:0:0|0:0:0:0:0","759421758207090123:0:0",180000,180000,180000,180000,2000,real,1000,0,0,0,0,5,0,0,0,0,100,157806,157751,140612,158771,22,21,17,18,17,17,17,1,19,0,0,0,0,0,0,0,15,1,1,0.0166667,5,0,0
0,11035599632247312224,0,5217400152005172103,ongoing,-1,ply_limit,100,"independent;pvs;64;0;1;1;-50;200;1;20;25;3;2;1;3;3;2;0;3;3;1;3;150;150;600;1;1000;4;1;8;100;50;1","shared_value;pvs;64;0;1;1;-50;200;1;20;25;3;2;1;3;3;2;0;3;3;1;3;150;150;600;1;1000;4;1;8;100;50;1","request;pvs;64;0;1;1;-50;200;1;20;25;3;2;1;3;3;2;0;3;3;1;3;150;150;600;1;1000;4;1;8;100;50;1","sacrifice;pvs;64;0;1;1;-50;200;1;20;25;3;2;1;3;3;2;0;3;3;1;3;150;150;600;1;1000;4;1;8;100;50;1","rnbqkbnr/pppppppp/8/8/8/8/PPPPPPPP/RNBQKBNR w KQkq - 0 1","rnbqkbnr/pppppppp/8/8/8/8/PPPPPPPP/RNBQKBNR w KQkq - 0 1","0:0:0:0:0|0:0:0:0:0|0:0:0:0:0|0:0:0:0:0","759421758207090123:0:0",180000,180000,180000,180000,2000,real,1000,0,0,0,0,5,0,0,0,0,100,185621,180146,260276,255117,7,7,43,43,43,43,43,0,22,21,0,15,0,0,0,0,11,0,0,0,1,0,0
0,11035599632247324627,0,5217400152005172163,team_a_wins,0,game_over,100,"independent;pvs;64;0;1;1;-50;200;1;20;25;3;2;1;3;3;2;0;3;3;1;3;150;150;600;1;1000;4;1;8;100;50;1","shared_value;pvs;64;0;1;1;-50;200;1;20;25;3;2;1;3;3;2;0;3;3;1;3;150;150;600;1;1000;4;1;8;100;50;1","shared_value;pvs;64;0;1;1;-50;200;1;20;25;3;2;1;3;3;2;0;3;3;1;3;150;150;600;1;1000;4;1;8;100;50;1","independent;pvs;64;0;1;1;-50;200;1;20;25;3;2;1;3;3;2;0;3;3;1;3;150;150;600;1;1000;4;1;8;100;50;1","rnbqkbnr/pppppppp/8/8/8/8/PPPPPPPP/RNBQKBNR w KQkq - 0 1","rnbqkbnr/pppppppp/8/8/8/8/PPPPPPPP/RNBQKBNR w KQkq - 0 1","0:0:0:0:0|0:0:0:0:0|0:0:0:0:0|0:0:0:0:0","759421758207090123:0:0",180000,180000,180000,180000,2000,real,1000,0,0,0,0,5,0,0,0,0,100,125262,138475,146072,127225,24,24,26,26,0,0,0,0,24,0,0,0,0,0,0,0,18,2,6,0.0833333,11,1,0.0909091
0,11035599632247320605,0,5217400152005172162,team_a_wins,0,game_over,70,"independent;pvs;64;0;1;1;-50;200;1;20;25;3;2;1;3;3;2;0;3;3;1;3;150;150;600;1;1000;4;1;8;100;50;1","shared_value;pvs;64;0;1;1;-50;200;1;20;25;3;2;1;3;3;2;0;3;3;1;3;150;150;600;1;1000;4;1;8;100;50;1","shared_value;pvs;64;0;1;1;-50;200;1;20;25;3;2;1;3;3;2;0;3;3;1;3;150;150;600;1;1000;4;1;8;100;50;1","request;pvs;64;0;1;1;-50;200;1;20;25;3;2;1;3;3;2;0;3;3;1;3;150;150;600;1;1000;4;1;8;100;50;1","rnbqkbnr/pppppppp/8/8/8/8/PPPPPPPP/RNBQKBNR w KQkq - 0 1","rnbqkbnr/pppppppp/8/8/8/8/PPPPPPPP/RNBQKBNR w KQkq - 0 1","0:0:0:0:0|0:0:0:0:0|0:0:0:0:0|0:0:0:0:0","759421758207090123:0:0",180000,180000,180000,180000,2000,real,1000,0,0,0,0,5,0,0,0,0,100,149680,187710,166060,155668,20,19,15,16,16,16,16,3,22,0,0,0,0,0,0,0,15,1,4,0.0666667,10,0,0
0,11035599632247324497,0,5217400152005172165,ongoing,-1,ply_limit,100,"independent;pvs;64;0;1;1;-50;200;1;20;25;3;2;1;3;3;2;0;3;3;1;3;150;150;600;1;1000;4;1;8;100;50;1","shared_value;pvs;64;0;1;1;-50;200;1;20;25;3;2;1;3;3;2;0;3;3;1;3;150;150;600;1;1000;4;1;8;100;50;1","shared_value;pvs;64;0;1;1;-50;200;1;20;25;3;2;1;3;3;2;0;3;3;1;3;150;150;600;1;1000;4;1;8;100;50;1","shared_value;pvs;64;0;1;1;-50;200;1;20;25;3;2;1;3;3;2;0;3;3;1;3;150;150;600;1;1000;4;1;8;100;50;1","rnbqkbnr/pppppppp/8/8/8/8/PPPPPPPP/RNBQKBNR w KQkq - 0 1","rnbqkbnr/pppppppp/8/8/8/8/PPPPPPPP/RNBQKBNR w KQkq - 0 1","0:0:0:0:0|0:0:0:0:0|0:0:0:0:0|0:0:0:0:0","759421758207090123:0:0",180000,180000,180000,180000,2000,real,1000,0,0,0,0,5,0,0,0,0,100,254005,242321,179755,180130,42,41,8,9,0,0,0,0,18,0,0,0,0,0,0,0,9,0,0,0,1,0,0
0,11035599632247324562,0,5217400152005172164,ongoing,-1,ply_limit,100,"independent;pvs;64;0;1;1;-50;200;1;20;25;3;2;1;3;3;2;0;3;3;1;3;150;150;600;1;1000;4;1;8;100;50;1","shared_value;pvs;64;0;1;1;-50;200;1;20;25;3;2;1;3;3;2;0;3;3;1;3;150;150;600;1;1000;4;1;8;100;50;1","shared_value;pvs;64;0;1;1;-50;200;1;20;25;3;2;1;3;3;2;0;3;3;1;3;150;150;600;1;1000;4;1;8;100;50;1","sacrifice;pvs;64;0;1;1;-50;200;1;20;25;3;2;1;3;3;2;0;3;3;1;3;150;150;600;1;1000;4;1;8;100;50;1","rnbqkbnr/pppppppp/8/8/8/8/PPPPPPPP/RNBQKBNR w KQkq - 0 1","rnbqkbnr/pppppppp/8/8/8/8/PPPPPPPP/RNBQKBNR w KQkq - 0 1","0:0:0:0:0|0:0:0:0:0|0:0:0:0:0|0:0:0:0:0","759421758207090123:0:0",180000,180000,180000,180000,2000,real,1000,0,0,0,0,5,0,0,0,0,100,262970,259426,182779,187512,44,44,6,6,0,0,0,0,22,6,0,5,0,0,0,0,10,0,0,0,0,0,0
0,11035599632247333005,0,5217400152005171970,team_b_wins,1,game_over,71,"independent;pvs;64;0;1;1;-50;200;1;20;25;3;2;1;3;3;2;0;3;3;1;3;150;150;600;1;1000;4;1;8;100;50;1","shared_value;pvs;64;0;1;1;-50;200;1;20;25;3;2;1;3;3;2;0;3;3;1;3;150;150;600;1;1000;4;1;8;100;50;1","sacrifice;pvs;64;0;1;1;-50;200;1;20;25;3;2;1;3;3;2;0;3;3;1;3;150;150;600;1;1000;4;1;8;100;50;1","independent;pvs;64;0;1;1;-50;200;1;20;25;3;2;1;3;3;2;0;3;3;1;3;150;150;600;1;1000;4;1;8;100;50;1","rnbqkbnr/pppppppp/8/8/8/8/PPPPPPPP/RNBQKBNR w KQkq - 0 1","rnbqkbnr/pppppppp/8/8/8/8/PPPPPPPP/RNBQKBNR w KQkq - 0 1","0:0:0:0:0|0:0:0:0:0|0:0:0:0:0|0:0:0:0:0","759421758207090123:0:0",180000,180000,180000,180000,2000,real,1000,0,0,0,0,5,0,0,0,0,100,185688,180540,207536,212241,11,11,24,25,0,0,0,0,18,19,0,12,0,0,0,0,12,0,0,0,1,0,0
0,11035599632247333059,0,5217400152005171971,team_a_wins,0,game_over,52,"independent;pvs;64;0;1;1;-50;200;1;20;25;3;2;1;3;3;2;0;3;3;1;3;150;150;600;1;1000;4;1;8;100;50;1","shared_value;pvs;64;0;1;1;-50;200;1;20;25;3;2;1;3;3;2;0;3;3;1;3;150;150;600;1;1000;4;1;8;100;50;1","sacrifice;pvs;64;0;1;1;-50;200;1;20;25;3;2;1;3;3;2;0;3;3;1;3;150;150;600;1;1000;4;1;8;100;50;1","request;pvs;64;0;1;1;-50;200;1;20;25;3;2;1;3;3;2;0;3;3;1;3;150;150;600;1;1000;4;1;8;100;50;1","rnbqkbnr/pppppppp/8/8/8/8/PPPPPPPP/RNBQKBNR w KQkq - 0 1","rnbqkbnr/pppppppp/8/8/8/8/PPPPPPPP/RNBQKBNR w KQkq - 0 1","0:0:0:0:0|0:0:0:0:0|0:0:0:0:0|0:0:0:0:0","759421758207090123:0:0",180000,180000,180000,180000,2000,real,1000,0,0,0,0,5,0,0,0,0,100,182033,173149,171154,179005,13,13,13,13,13,13,13,1,10,3,0,3,0,0,0,0,10,1,4,0.1,2,0,0
0,11035599632247336706,0,5217400152005171972,team_b_wins,1,game_over,56,"independent;pvs;64;0;1;1;-50;200;1;20;25;3;2;1;3;3;2;0;3;3;1;3;150;150;600;1;1000;4;1;8;100;50;1","shared_value;pvs;64;0;1;1;-50;200;1;20;25;3;2;1;3;3;2;0;3;3;1;3;150;150;600;1;1000;4;1;8;100;50;1","sacrifice;pvs;64;0;1;1;-50;200;1;20;25;3;2;1;3;3;2;0;3;3;1;3;150;150;600;1;1000;4;1;8;100;50;1","shared_value;pvs;64;0;1;1;-50;200;1;20;25;3;2;1;3;3;2;0;3;3;1;3;150;150;600;1;1000;4;1;8;100;50;1","rnbqkbnr/pppppppp/8/8/8/8/PPPPPPPP/RNBQKBNR w KQkq - 0 1","rnbqkbnr/pppppppp/8/8/8/8/PPPPPPPP/RNBQKBNR w KQkq - 0 1","0:0:0:0:0|0:0:0:0:0|0:0:0:0:0|0:0:0:0:0","759421758207090123:0:0",180000,180000,180000,180000,2000,real,1000,0,0,0,0,5,0,0,0,0,100,181437,171383,164526,169409,17,17,11,11,0,0,0,0,16,2,0,1,1,0,0,0,12,1,2,0.0416667,2,0,0
0,11035599632247336769,0,5217400152005171973,ongoing,-1,ply_limit,100,"independent;pvs;64;0;1;1;-50;200;1;20;25;3;2;1;3;3;2;0;3;3;1;3;150;150;600;1;1000;4;1;8;100;50;1","shared_value;pvs;64;0;1;1;-50;200;1;20;25;3;2;1;3;3;2;0;3;3;1;3;150;150;600;1;1000;4;1;8;100;50;1","sacrifice;pvs;64;0;1;1;-50;200;1;20;25;3;2;1;3;3;2;0;3;3;1;3;150;150;600;1;1000;4;1;8;100;50;1","sacrifice;pvs;64;0;1;1;-50;200;1;20;25;3;2;1;3;3;2;0;3;3;1;3;150;150;600;1;1000;4;1;8;100;50;1","rnbqkbnr/pppppppp/8/8/8/8/PPPPPPPP/RNBQKBNR w KQkq - 0 1","rnbqkbnr/pppppppp/8/8/8/8/PPPPPPPP/RNBQKBNR w KQkq - 0 1","0:0:0:0:0|0:0:0:0:0|0:0:0:0:0|0:0:0:0:0","759421758207090123:0:0",180000,180000,180000,180000,2000,real,1000,0,0,0,0,5,0,0,0,0,100,249075,243297,177225,172918,43,42,7,8,0,0,0,0,12,3,0,3,0,0,0,0,9,0,0,0,1,0,0
0,11035599632250753249,0,5217400152005159730,ongoing,-1,ply_limit,100,"independent;pvs;64;0;1;1;-50;200;1;20;25;3;2;1;3;3;2;0;3;3;1;3;150;150;600;1;1000;4;1;8;100;50;1","sacrifice;pvs;64;0;1;1;-50;200;1;20;25;3;2;1;3;3;2;0;3;3;1;3;150;150;600;1;1000;4;1;8;100;50;1","independent;pvs;64;0;1;1;-50;200;1;20;25;3;2;1;3;3;2;0;3;3;1;3;150;150;600;1;1000;4;1;8;100;50;1","independent;pvs;64;0;1;1;-50;200;1;20;25;3;2;1;3;3;2;0;3;3;1;3;150;150;600;1;1000;4;1;8;100;50;1","rnbqkbnr/pppppppp/8/8/8/8/PPPPPPPP/RNBQKBNR w KQkq - 0 1","rnbqkbnr/pppppppp/8/8/8/8/PPPPPPPP/RNBQKBNR w KQkq - 0 1","0:0:0:0:0|0:0:0:0:0|0:0:0:0:0|0:0:0:0:0","759421758207090123:0:0",180000,180000,180000,180000,2000,real,1000,0,0,0,0,5,0,0,0,0,100,248872,241149,182918,183057,40,40,10,10,0,0,0,0,18,19,0,13,0,0,0,0,10,0,0,0,2,0,0
0,11035599632250753199,0,5217400152005159731,team_b_wins,1,game_over,87,"independent;pvs;64;0;1;1;-50;200;1;20;25;3;2;1;3;3;2;0;3;3;1;3;150;150;600;1;1000;4;1;8;100;50;1","sacrifice;pvs;64;0;1;1;-50;200;1;20;25;3;2;1;3;3;2;0;3;3;1;3;150;150;600;1;1000;4;1;8;100;50;1","independent;pvs;64;0;1;1;-50;200;1;20;25;3;2;1;3;3;2;0;3;3;1;3;150;150;600;1;1000;4;1;8;100;50;1","request;pvs;64;0;1;1;-50;200;1;20;25;3;2;1;3;3;2;0;3;3;1;3;150;150;600;1;1000;4;1;8;100;50;1","rnbqkbnr/pppppppp/8/8/8/8/PPPPPPPP/RNBQKBNR w KQkq - 0 1","rnbqkbnr/pppppppp/8/8/8/8/PPPPPPPP/RNBQKBNR w KQkq - 0 1","0:0:0:0:0|0:0:0:0:0|0:0:0:0:0|0:0:0:0:0","759421758207090123:0:0",180000,180000,180000,180000,2000,real,1000,0,0,0,0,5,0,0,0,0,100,218598,202394,176641,174196,31,31,12,13,13,13,13,2,20,29,0,22,0,0,0,0,15,0,0,0,5,0,0
0,11035599632250756974,0,5217400152005159732,ongoing,-1,ply_limit,100,"independent;pvs;64;0;1;1;-50;200;1;20;25;3;2;1;3;3;2;0;3;3;1;3;150;150;600;1;1000;4;1;8;100;50;1","sacrifice;pvs;64;0;1;1;-50;200;1;20;25;3;2;1;3;3;2;0;3;3;1;3;150;150;600;1;1000;4;1;8;100;50;1","independent;pvs;64;0;1;1;-50;200;1;20;25;3;2;1;3;3;2;0;3;3;1;3;150;150;600;1;1000;4;1;8;100;50;1","shared_value;pvs;64;0;1;1;-50;200;1;20;25;3;2;1;3;3;2;0;3;3;1;3;150;150;600;1;1000;4;1;8;100;50;1","rnbqkbnr/pppppppp/8/8/8/8/PPPPPPPP/RNBQKBNR w KQkq - 0 1","rnbqkbnr/pppppppp/8/8/8/8/PPPPPPPP/RNBQKBNR w KQkq - 0 1","0:0:0:0:0|0:0:0:0:0|0:0:0:0:0|0:0:0:0:0","759421758207090123:0:0",180000,180000,180000,180000,2000,real,1000,0,0,0,0,5,0,0,0,0,100,261905,257149,182377,183034,44,44,6,6,0,0,0,0,22,10,0,5,0,0,0,0,10,0,0,0,0,0,0
0,11035599632250756909,0,5217400152005159733,team_b_wins,1,game_over,80,"independent;pvs;64;0;1;1;-50;200;1;20;25;3;2;1;3;3;2;0;3;3;1;3;150;150;600;1;1000;4;1;8;100;50;1","sacrifice;pvs;64;0;1;1;-50;200;1;20;25;3;2;1;3;3;2;0;3;3;1;3;150;150;600;1;1000;4;1;8;100;50;1","independent;pvs;64;0;1;1;-50;200;1;20;25;3;2;1;3;3;2;0;3;3;1;3;150;150;600;1;1000;4;1;8;100;50;1","sacrifice;pvs;64;0;1;1;-50;200;1;20;25;3;2;1;3;3;2;0;3;3;1;3;150;150;600;1;1000;4;1;8;100;50;1","rnbqkbnr/pppppppp/8/8/8/8/PPPPPPPP/RNBQKBNR w KQkq - 0 1","rnbqkbnr/pppppppp/8/8/8/8/PPPPPPPP/RNBQKBNR w KQkq - 0 1","0:0:0:0:0|0:0:0:0:0|0:0:0:0:0|0:0:0:0:0","759421758207090123:0:0",180000,180000,180000,180000,2000,real,1000,0,0,0,0,5,0,0,0,0,100,176702,156714,146804,149744,25,25,15,15,0,0,0,0,20,13,0,11,0,0,0,0,12,0,0,0,9,0,0
0,11035599632250708095,0,5217400152005159795,team_b_wins,1,game_over,93,"independent;pvs;64;0;1;1;-50;200;1;20;25;3;2;1;3;3;2;0;3;3;1;3;150;150;600;1;1000;4;1;8;100;50;1","sacrifice;pvs;64;0;1;1;-50;200;1;20;25;3;2;1;3;3;2;0;3;3;1;3;150;150;600;1;1000;4;1;8;100;50;1","request;pvs;64;0;1;1;-50;200;1;20;25;3;2;1;3;3;2;0;3;3;1;3;150;150;600;1;1000;4;1;8;100;50;1","independent;pvs;64;0;1;1;-50;200;1;20;25;3;2;1;3;3;2;0;3;3;1;3;150;150;600;1;1000;4;1;8;100;50;1","rnbqkbnr/pppppppp/8/8/8/8/PPPPPPPP/RNBQKBNR w KQkq - 0 1","rnbqkbnr/pppppppp/8/8/8/8/PPPPPPPP/RNBQKBNR w KQkq - 0 1","0:0:0:0:0|0:0:0:0:0|0:0:0:0:0|0:0:0:0:0","759421758207090123:0:0",180000,180000,180000,180000,2000,real,1000,0,0,0,0,5,0,0,0,0,100,178192,174960,241173,233425,7,7,39,40,39,39,39,0,20,2,0,2,0,0,0,0,11,1,4,0.0909091,3,0,0
0,11035599632250708017,0,5217400152005159794,ongoing,-1,invalid_agent_move,82,"independent;pvs;64;0;1;1;-50;200;1;20;25;3;2;1;3;3;2;0;3;3;1;3;150;150;600;1;1000;4;1;8;100;50;1","sacrifice;pvs;64;0;1;1;-50;200;1;20;25;3;2;1;3;3;2;0;3;3;1;3;150;150;600;1;1000;4;1;8;100;50;1","request;pvs;64;0;1;1;-50;200;1;20;25;3;2;1;3;3;2;0;3;3;1;3;150;150;600;1;1000;4;1;8;100;50;1","request;pvs;64;0;1;1;-50;200;1;20;25;3;2;1;3;3;2;0;3;3;1;3;150;150;600;1;1000;4;1;8;100;50;1","rnbqkbnr/pppppppp/8/8/8/8/PPPPPPPP/RNBQKBNR w KQkq - 0 1","rnbqkbnr/pppppppp/8/8/8/8/PPPPPPPP/RNBQKBNR w KQkq - 0 1","0:0:0:0:0|0:0:0:0:0|0:0:0:0:0|0:0:0:0:0","759421758207090123:0:0",180000,180000,180000,180000,2000,real,1000,0,0,0,0,5,0,0,0,0,100,192328,184328,163385,158341,27,27,14,14,28,28,28,3,20,21,0,13,0,0,0,0,14,1,2,0.0357143,7,0,0
0,11035599632250712061,0,5217400152005159797,ongoing,-1,ply_limit,100,"independent;pvs;64;0;1;1;-50;200;1;20;25;3;2;1;3;3;2;0;3;3;1;3;150;150;600;1;1000;4;1;8;100;50;1","sacrifice;pvs;64;0;1;1;-50;200;1;20;25;3;2;1;3;3;2;0;3;3;1;3;150;150;600;1;1000;4;1;8;100;50;1","request;pvs;64;0;1;1;-50;200;1;20;25;3;2;1;3;3;2;0;3;3;1;3;150;150;600;1;1000;4;1;8;100;50;1","shared_value;pvs;64;0;1;1;-50;200;1;20;25;3;2;1;3;3;2;0;3;3;1;3;150;150;600;1;1000;4;1;8;100;50;1","rnbqkbnr/pppppppp/8/8/8/8/PPPPPPPP/RNBQKBNR w KQkq - 0 1","rnbqkbnr/pppppppp/8/8/8/8/PPPPPPPP/RNBQKBNR w KQkq - 0 1","0:0:0:0:0|0:0:0:0:0|0:0:0:0:0|0:0:0:0:0","759421758207090123:0:0",180000,180000,180000,180000,2000,real,1000,0,0,0,0,5,0,0,0,0,100,262692,258096,182363,183089,44,44,6,6,6,6,6,1,19,8,0,5,0,0,0,0,10,0,0,0,1,0,0
0,11035599632250711998,0,5217400152005159796,ongoing,-1,invalid_agent_move,41,"independent;pvs;64;0;1;1;-50;200;1;20;25;3;2;1;3;3;2;0;3;3;1;3;150;150;600;1;1000;4;1;8;100;50;1","sacrifice;pvs;64;0;1;1;-50;200;1;20;25;3;2;1;3;3;2;0;3;3;1;3;150;150;600;1;1000;4;1;8;100;50;1","request;pvs;64;0;1;1;-50;200;1;20;25;3;2;1;3;3;2;0;3;3;1;3;150;150;600;1;1000;4;1;8;100;50;1","sacrifice;pvs;64;0;1;1;-50;200;1;20;25;3;2;1;3;3;2;0;3;3;1;3;150;150;600;1;1000;4;1;8;100;50;1","rnbqkbnr/pppppppp/8/8/8/8/PPPPPPPP/RNBQKBNR w KQkq - 0 1","rnbqkbnr/pppppppp/8/8/8/8/PPPPPPPP/RNBQKBNR w KQkq - 0 1","0:0:0:0:0|0:0:0:0:0|0:0:0:0:0|0:0:0:0:0","759421758207090123:0:0",180000,180000,180000,180000,2000,real,1000,0,0,0,0,5,0,0,0,0,100,199019,198800,181733,187241,13,13,7,8,7,7,7,1,8,15,0,11,0,0,0,0,7,0,0,0,1,0,0
0,11035599632250761667,0,5217400152005159600,team_a_wins,0,game_over,94,"independent;pvs;64;0;1;1;-50;200;1;20;25;3;2;1;3;3;2;0;3;3;1;3;150;150;600;1;1000;4;1;8;100;50;1","sacrifice;pvs;64;0;1;1;-50;200;1;20;25;3;2;1;3;3;2;0;3;3;1;3;150;150;600;1;1000;4;1;8;100;50;1","shared_value;pvs;64;0;1;1;-50;200;1;20;25;3;2;1;3;3;2;0;3;3;1;3;150;150;600;1;1000;4;1;8;100;50;1","independent;pvs;64;0;1;1;-50;200;1;20;25;3;2;1;3;3;2;0;3;3;1;3;150;150;600;1;1000;4;1;8;100;50;1","rnbqkbnr/pppppppp/8/8/8/8/PPPPPPPP/RNBQKBNR w KQkq - 0 1","rnbqkbnr/pppppppp/8/8/8/8/PPPPPPPP/RNBQKBNR w KQkq - 0 1","0:0:0:0:0|0:0:0:0:0|0:0:0:0:0|0:0:0:0:0","759421758207090123:0:0",180000,180000,180000,180000,2000,real,1000,0,0,0,0,5,0,0,0,0,100,214380,201247,170784,168190,33,33,14,14,0,0,0,0,25,19,0,12,0,0,0,0,16,0,0,0,5,2,0.4
0,11035599632250761600,0,5217400152005159601,ongoing,-1,ply_limit,100,"independent;pvs;64;0;1;1;-50;200;1;20;25;3;2;1;3;3;2;0;3;3;1;3;150;150;600;1;1000;4;1;8;100;50;1","sacrifice;pvs;64;0;1;1;-50;200;1;20;25;3;2;1;3;3;2;0;3;3;1;3;150;150;600;1;1000;4;1;8;100;50;1","shared_value;pvs;64;0;1;1;-50;200;1;20;25;3;2;1;3;3;2;0;3;3;1;3;150;150;600;1;1000;4;1;8;100;50;1","request;pvs;64;0;1;1;-50;200;1;20;25;3;2;1;3;3;2;0;3;3;1;3;150;150;600;1;1000;4;1;8;100;50;1","rnbqkbnr/pppppppp/8/8/8/8/PPPPPPPP/RNBQKBNR w KQkq - 0 1","rnbqkbnr/pppppppp/8/8/8/8/PPPPPPPP/RNBQKBNR w KQkq - 0 1","0:0:0:0:0|0:0:0:0:0|0:0:0:0:0|0:0:0:0:0","759421758207090123:0:0",180000,180000,180000,180000,2000,real,1000,0,0,0,0,5,0,0,0,0,100,258502,253119,186403,178637,43,42,7,8,8,8,8,1,23,7,1,3,1,1,0,0,11,0,0,0,1,0,0
0,11035599632250764876,0,5217400152005159606,ongoing,-1,ply_limit,100,"independent;pvs;64;0;1;1;-50;200;1;20;25;3;2;1;3;3;2;0;3;3;1;3;150;150;600;1;1000;4;1;8;100;50;1","sacrifice;pvs;64;0;1;1;-50;200;1;20;25;3;2;1;3;3;2;0;3;3;1;3;150;150;600;1;1000;4;1;8;100;50;1","shared_value;pvs;64;0;1;1;-50;200;1;20;25;3;2;1;3;3;2;0;3;3;1;3;150;150;600;1;1000;4;1;8;100;50;1","shared_value;pvs;64;0;1;1;-50;200;1;20;25;3;2;1;3;3;2;0;3;3;1;3;150;150;600;1;1000;4;1;8;100;50;1","rnbqkbnr/pppppppp/8/8/8/8/PPPPPPPP/RNBQKBNR w KQkq - 0 1","rnbqkbnr/pppppppp/8/8/8/8/PPPPPPPP/RNBQKBNR w KQkq - 0 1","0:0:0:0:0|0:0:0:0:0|0:0:0:0:0|0:0:0:0:0","759421758207090123:0:0",180000,180000,180000,180000,2000,real,1000,0,0,0,0,5,0,0,0,0,100,263075,258820,182884,183184,44,44,6,6,0,0,0,0,22,4,0,2,0,0,0,0,10,0,0,0,1,0,0
0,11035599632250764804,0,5217400152005159607,ongoing,-1,ply_limit,100,"independent;pvs;64;0;1;1;-50;200;1;20;25;3;2;1;3;3;2;0;3;3;1;3;150;150;600;1;1000;4;1;8;100;50;1","sacrifice;pvs;64;0;1;1;-50;200;1;20;25;3;2;1;3;3;2;0;3;3;1;3;150;150;600;1;1000;4;1;8;100;50;1","shared_value;pvs;64;0;1;1;-50;200;1;20;25;3;2;1;3;3;2;0;3;3;1;3;150;150;600;1;1000;4;1;8;100;50;1","sacrifice;pvs;64;0;1;1;-50;200;1;20;25;3;2;1;3;3;2;0;3;3;1;3;150;150;600;1;1000;4;1;8;100;50;1","rnbqkbnr/pppppppp/8/8/8/8/PPPPPPPP/RNBQKBNR w KQkq - 0 1","rnbqkbnr/pppppppp/8/8/8/8/PPPPPPPP/RNBQKBNR w KQkq - 0 1","0:0:0:0:0|0:0:0:0:0|0:0:0:0:0|0:0:0:0:0","759421758207090123:0:0",180000,180000,180000,180000,2000,real,1000,0,0,0,0,5,0,0,0,0,100,262939,258487,181924,182687,44,44,6,6,0,0,0,0,23,7,0,5,0,0,0,0,10,0,0,0,1,0,0
0,11035599632250749008,0,5217400152005159665,ongoing,-1,ply_limit,100,"independent;pvs;64;0;1;1;-50;200;1;20;25;3;2;1;3;3;2;0;3;3;1;3;150;150;600;1;1000;4;1;8;100;50;1","sacrifice;pvs;64;0;1;1;-50;200;1;20;25;3;2;1;3;3;2;0;3;3;1;3;150;150;600;1;1000;4;1;8;100;50;1","sacrifice;pvs;64;0;1;1;-50;200;1;20;25;3;2;1;3;3;2;0;3;3;1;3;150;150;600;1;1000;4;1;8;100;50;1","independent;pvs;64;0;1;1;-50;200;1;20;25;3;2;1;3;3;2;0;3;3;1;3;150;150;600;1;1000;4;1;8;100;50;1","rnbqkbnr/pppppppp/8/8/8/8/PPPPPPPP/RNBQKBNR w KQkq - 0 1","rnbqkbnr/pppppppp/8/8/8/8/PPPPPPPP/RNBQKBNR w KQkq - 0 1","0:0:0:0:0|0:0:0:0:0|0:0:0:0:0|0:0:0:0:0","759421758207090123:0:0",180000,180000,180000,180000,2000,real,1000,0,0,0,0,5,0,0,0,0,100,243947,239881,177990,177910,41,41,9,9,0,0,0,0,20,8,0,5,0,0,0,0,10,0,0,0,1,0,0
0,11035599632250748947,0,5217400152005159664,team_b_wins,1,game_over,43,"independent;pvs;64;0;1;1;-50;200;1;20;25;3;2;1;3;3;2;0;3;3;1;3;150;150;600;1;1000;4;1;8;100;50;1","sacrifice;pvs;64;0;1;1;-50;200;1;20;25;3;2;1;3;3;2;0;3;3;1;3;150;150;600;1;1000;4;1;8;100;50;1","sacrifice;pvs;64;0;1;1;-50;200;1;20;25;3;2;1;3;3;2;0;3;3;1;3;150;150;600;1;1000;4;1;8;100;50;1","request;pvs;64;0;1;1;-50;200;1;20;25;3;2;1;3;3;2;0;3;3;1;3;150;150;600;1;1000;4;1;8;100;50;1","rnbqkbnr/pppppppp/8/8/8/8/PPPPPPPP/RNBQKBNR w KQkq - 0 1","rnbqkbnr/pppppppp/8/8/8/8/PPPPPPPP/RNBQKBNR w KQkq - 0 1","0:0:0:0:0|0:0:0:0:0|0:0:0:0:0|0:0:0:0:0","759421758207090123:0:0",180000,180000,180000,180000,2000,real,1000,0,0,0,0,5,0,0,0,0,100,185631,179535,188450,181546,10,10,11,12,12,12,12,0,9,5,0,4,0,0,0,0,5,0,0,0,3,0,0
0,11035599632250752980,0,5217400152005159671,ongoing,-1,ply_limit,100,"independent;pvs;64;0;1;1;-50;200;1;20;25;3;2;1;3;3;2;0;3;3;1;3;150;150;600;1;1000;4;1;8;100;50;1","sacrifice;pvs;64;0;1;1;-50;200;1;20;25;3;2;1;3;3;2;0;3;3;1;3;150;150;600;1;1000;4;1;8;100;50;1","sacrifice;pvs;64;0;1;1;-50;200;1;20;25;3;2;1;3;3;2;0;3;3;1;3;150;150;600;1;1000;4;1;8;100;50;1","shared_value;pvs;64;0;1;1;-50;200;1;20;25;3;2;1;3;3;2;0;3;3;1;3;150;150;600;1;1000;4;1;8;100;50;1","rnbqkbnr/pppppppp/8/8/8/8/PPPPPPPP/RNBQKBNR w KQkq - 0 1","rnbqkbnr/pppppppp/8/8/8/8/PPPPPPPP/RNBQKBNR w KQkq - 0 1","0:0:0:0:0|0:0:0:0:0|0:0:0:0:0|0:0:0:0:0","759421758207090123:0:0",180000,180000,180000,180000,2000,real,1000,0,0,0,0,5,0,0,0,0,100,195779,204309,149131,152489,37,37,13,13,0,0,0,0,26,14,0,11,0,0,0,0,16,2,5,0.078125,10,1,0.1
0,11035599632250752924,0,5217400152005159670,ongoing,-1,ply_limit,100,"independent;pvs;64;0;1;1;-50;200;1;20;25;3;2;1;3;3;2;0;3;3;1;3;150;150;600;1;1000;4;1;8;100;50;1","sacrifice;pvs;64;0;1;1;-50;200;1;20;25;3;2;1;3;3;2;0;3;3;1;3;150;150;600;1;1000;4;1;8;100;50;1","sacrifice;pvs;64;0;1;1;-50;200;1;20;25;3;2;1;3;3;2;0;3;3;1;3;150;150;600;1;1000;4;1;8;100;50;1","sacrifice;pvs;64;0;1;1;-50;200;1;20;25;3;2;1;3;3;2;0;3;3;1;3;150;150;600;1;1000;4;1;8;100;50;1","rnbqkbnr/pppppppp/8/8/8/8/PPPPPPPP/RNBQKBNR w KQkq - 0 1","rnbqkbnr/pppppppp/8/8/8/8/PPPPPPPP/RNBQKBNR w KQkq - 0 1","0:0:0:0:0|0:0:0:0:0|0:0:0:0:0|0:0:0:0:0","759421758207090123:0:0",180000,180000,180000,180000,2000,real,1000,0,0,0,0,5,0,0,0,0,100,246390,242777,177569,171542,43,42,7,8,0,0,0,0,23,22,0,15,0,0,0,0,12,0,0,0,2,0,0
0,11035599632299716273,0,5217400152003869042,ongoing,-1,invalid_agent_move,65,"request;pvs;64;0;1;1;-50;200;1;20;25;3;2;1;3;3;2;0;3;3;1;3;150;150;600;1;1000;4;1;8;100;50;1","independent;pvs;64;0;1;1;-50;200;1;20;25;3;2;1;3;3;2;0;3;3;1;3;150;150;600;1;1000;4;1;8;100;50;1","independent;pvs;64;0;1;1;-50;200;1;20;25;3;2;1;3;3;2;0;3;3;1;3;150;150;600;1;1000;4;1;8;100;50;1","independent;pvs;64;0;1;1;-50;200;1;20;25;3;2;1;3;3;2;0;3;3;1;3;150;150;600;1;1000;4;1;8;100;50;1","rnbqkbnr/pppppppp/8/8/8/8/PPPPPPPP/RNBQKBNR w KQkq - 0 1","rnbqkbnr/pppppppp/8/8/8/8/PPPPPPPP/RNBQKBNR w KQkq - 0 1","0:0:0:0:0|0:0:0:0:0|0:0:0:0:0|0:0:0:0:0","759421758207090123:0:0",180000,180000,180000,180000,2000,real,1000,0,0,0,0,5,0,0,0,0,100,154981,155024,164460,161781,14,13,19,19,14,14,14,1,18,0,0,0,0,0,0,0,13,0,0,0,5,0,0
0,11035599632299714667,0,5217400152003869053,ongoing,-1,invalid_agent_move,67,"request;pvs;64;0;1;1;-50;200;1;20;25;3;2;1;3;3;2;0;3;3;1;3;150;150;600;1;1000;4;1;8;100;50;1","independent;pvs;64;0;1;1;-50;200;1;20;25;3;2;1;3;3;2;0;3;3;1;3;150;150;600;1;1000;4;1;8;100;50;1","independent;pvs;64;0;1;1;-50;200;1;20;25;3;2;1;3;3;2;0;3;3;1;3;150;150;600;1;1000;4;1;8;100;50;1","request;pvs;64;0;1;1;-50;200;1;20;25;3;2;1;3;3;2;0;3;3;1;3;150;150;600;1;1000;4;1;8;100;50;1","rnbqkbnr/pppppppp/8/8/8/8/PPPPPPPP/RNBQKBNR w KQkq - 0 1","rnbqkbnr/pppppppp/8/8/8/8/PPPPPPPP/RNBQKBNR w KQkq - 0 1","0:0:0:0:0|0:0:0:0:0|0:0:0:0:0|0:0:0:0:0","759421758207090123:0:0",180000,180000,180000,180000,2000,real,1000,0,0,0,0,5,0,0,0,0,100,181111,177465,167411,160266,22,21,12,12,34,34,34,2,20,0,0,0,0,0,0,0,13,1,2,0.0384615,5,0,0
0,11035599632299714600,0,5217400152003869052,ongoing,-1,ply_limit,100,"request;pvs;64;0;1;1;-50;200;1;20;25;3;2;1;3;3;2;0;3;3;1;3;150;150;600;1;1000;4;1;8;100;50;1","independent;pvs;64;0;1;1;-50;200;1;20;25;3;2;1;3;3;2;0;3;3;1;3;150;150;600;1;1000;4;1;8;100;50;1","independent;pvs;64;0;1;1;-50;200;1;20;25;3;2;1;3;3;2;0;3;3;1;3;150;150;600;1;1000;4;1;8;100;50;1","shared_value;pvs;64;0;1;1;-50;200;1;20;25;3;2;1;3;3;2;0;3;3;1;3;150;150;600;1;1000;4;1;8;100;50;1","rnbqkbnr/pppppppp/8/8/8/8/PPPPPPPP/RNBQKBNR w KQkq - 0 1","rnbqkbnr/pppppppp/8/8/8/8/PPPPPPPP/RNBQKBNR w KQkq - 0 1","0:0:0:0:0|0:0:0:0:0|0:0:0:0:0|0:0:0:0:0","759421758207090123:0:0",180000,180000,180000,180000,2000,real,1000,0,0,0,0,5,0,0,0,0,100,265379,266462,181698,188241,45,45,5,5,45,45,45,0,18,0,0,0,0,0,0,0,11,1,4,0.0909091,1,0,0
0,11035599632299715566,0,5217400152003869055,ongoing,-1,ply_limit,100,"request;pvs;64;0;1;1;-50;200;1;20;25;3;2;1;3;3;2;0;3;3;1;3;150;150;600;1;1000;4;1;8;100;50;1","independent;pvs;64;0;1;1;-50;200;1;20;25;3;2;1;3;3;2;0;3;3;1;3;150;150;600;1;1000;4;1;8;100;50;1","independent;pvs;64;0;1;1;-50;200;1;20;25;3;2;1;3;3;2;0;3;3;1;3;150;150;600;1;1000;4;1;8;100;50;1","sacrifice;pvs;64;0;1;1;-50;200;1;20;25;3;2;1;3;3;2;0;3;3;1;3;150;150;600;1;1000;4;1;8;100;50;1","rnbqkbnr/pppppppp/8/8/8/8/PPPPPPPP/RNBQKBNR w KQkq - 0 1","rnbqkbnr/pppppppp/8/8/8/8/PPPPPPPP/RNBQKBNR w KQkq - 0 1","0:0:0:0:0|0:0:0:0:0|0:0:0:0:0|0:0:0:0:0","759421758207090123:0:0",180000,180000,180000,180000,2000,real,1000,0,0,0,0,5,0,0,0,0,100,259426,257427,181656,182699,44,43,6,7,44,44,44,0,5,4,0,4,0,0,0,0,4,0,0,0,0,0,0
0,11035599632299234944,0,5217400152003870385,team_b_wins,1,game_over,96,"request;pvs;64;0;1;1;-50;200;1;20;25;3;2;1;3;3;2;0;3;3;1;3;150;150;600;1;1000;4;1;8;100;50;1","independent;pvs;64;0;1;1;-50;200;1;20;25;3;2;1;3;3;2;0;3;3;1;3;150;150;600;1;1000;4;1;8;100;50;1","request;pvs;64;0;1;1;-50;200;1;20;25;3;2;1;3;3;2;0;3;3;1;3;150;150;600;1;1000;4;1;8;100;50;1","independent;pvs;64;0;1;1;-50;200;1;20;25;3;2;1;3;3;2;0;3;3;1;3;150;150;600;1;1000;4;1;8;100;50;1","rnbqkbnr/pppppppp/8/8/8/8/PPPPPPPP/RNBQKBNR w KQkq - 0 1","rnbqkbnr/pppppppp/8/8/8/8/PPPPPPPP/RNBQKBNR w KQkq - 0 1","0:0:0:0:0|0:0:0:0:0|0:0:0:0:0|0:0:0:0:0","759421758207090123:0:0",180000,180000,180000,180000,2000,real,1000,0,0,0,0,5,0,0,0,0,100,247467,238515,172073,180956,41,41,7,7,48,48,48,2,22,0,0,0,0,0,0,0,10,0,0,0,3,0,0
0,11035599632299234650,0,5217400152003870398,ongoing,-1,invalid_agent_move,55,"request;pvs;64;0;1;1;-50;200;1;20;25;3;2;1;3;3;2;0;3;3;1;3;150;150;600;1;1000;4;1;8;100;50;1","independent;pvs;64;0;1;1;-50;200;1;20;25;3;2;1;3;3;2;0;3;3;1;3;150;150;600;1;1000;4;1;8;100;50;1","request;pvs;64;0;1;1;-50;200;1;20;25;3;2;1;3;3;2;0;3;3;1;3;150;150;600;1;1000;4;1;8;100;50;1","request;pvs;64;0;1;1;-50;200;1;20;25;3;2;1;3;3;2;0;3;3;1;3;150;150;600;1;1000;4;1;8;100;50;1","rnbqkbnr/pppppppp/8/8/8/8/PPPPPPPP/RNBQKBNR w KQkq - 0 1","rnbqkbnr/pppppppp/8/8/8/8/PPPPPPPP/RNBQKBNR w KQkq - 0 1","0:0:0:0:0|0:0:0:0:0|0:0:0:0:0|0:0:0:0:0","759421758207090123:0:0",180000,180000,180000,180000,2000,real,1000,0,0,0,0,5,0,0,0,0,100,178885,186707,166447,168120,18,18,9,10,37,37,37,2,18,0,0,0,0,0,0,0,16,1,1,0.015625,2,1,0.5
0,11035599632299234590,0,5217400152003870399,team_b_wins,1,game_over,59,"request;pvs;64;0;1;1;-50;200;1;20;25;3;2;1;3;3;2;0;3;3;1;3;150;150;600;1;1000;4;1;8;100;50;1","independent;pvs;64;0;1;1;-50;200;1;20;25;3;2;1;3;3;2;0;3;3;1;3;150;150;600;1;1000;4;1;8;100;50;1","request;pvs;64;0;1;1;-50;200;1;20;25;3;2;1;3;3;2;0;3;3;1;3;150;150;600;1;1000;4;1;8;100;50;1","shared_value;pvs;64;0;1;1;-50;200;1;20;25;3;2;1;3;3;2;0;3;3;1;3;150;150;600;1;1000;4;1;8;100;50;1","rnbqkbnr/pppppppp/8/8/8/8/PPPPPPPP/RNBQKBNR w KQkq - 0 1","rnbqkbnr/pppppppp/8/8/8/8/PPPPPPPP/RNBQKBNR w KQkq - 0 1","0:0:0:0:0|0:0:0:0:0|0:0:0:0:0|0:0:0:0:0","759421758207090123:0:0",180000,180000,180000,180000,2000,real,1000,0,0,0,0,5,0,0,0,0,100,175784,175141,196432,189931,10,10,19,20,29,29,29,0,10,0,0,0,0,0,0,0,8,1,4,0.125,3,0,0
0,11035599632299234776,0,5217400152003870396,ongoing,-1,ply_limit,100,"request;pvs;64;0;1;1;-50;200;1;20;25;3;2;1;3;3;2;0;3;3;1;3;150;150;600;1;1000;4;1;8;100;50;1","independent;pvs;64;0;1;1;-50;200;1;20;25;3;2;1;3;3;2;0;3;3;1;3;150;150;600;1;1000;4;1;8;100;50;1","request;pvs;64;0;1;1;-50;200;1;20;25;3;2;1;3;3;2;0;3;3;1;3;150;150;600;1;1000;4;1;8;100;50;1","sacrifice;pvs;64;0;1;1;-50;200;1;20;25;3;2;1;3;3;2;0;3;3;1;3;150;150;600;1;1000;4;1;8;100;50;1","rnbqkbnr/pppppppp/8/8/8/8/PPPPPPPP/RNBQKBNR w KQkq - 0 1","rnbqkbnr/pppppppp/8/8/8/8/PPPPPPPP/RNBQKBNR w KQkq - 0 1","0:0:0:0:0|0:0:0:0:0|0:0:0:0:0|0:0:0:0:0","759421758207090123:0:0",180000,180000,180000,180000,2000,real,1000,0,0,0,0,5,0,0,0,0,100,263765,265394,181690,181568,45,45,5,5,50,50,50,2,17,0,0,0,0,0,0,0,7,0,0,0,0,0,0
0,11035599632299230995,0,5217400152003870448,ongoing,-1,ply_limit,100,"request;pvs;64;0;1;1;-50;200;1;20;25;3;2;1;3;3;2;0;3;3;1;3;150;150;600;1;1000;4;1;8;100;50;1","independent;pvs;64;0;1;1;-50;200;1;20;25;3;2;1;3;3;2;0;3;3;1;3;150;150;600;1;1000;4;1;8;100;50;1","shared_value;pvs;64;0;1;1;-50;200;1;20;25;3;2;1;3;3;2;0;3;3;1;3;150;150;600;1;1000;4;1;8;100;50;1","independent;pvs;64;0;1;1;-50;200;1;20;25;3;2;1;3;3;2;0;3;3;1;3;150;150;600;1;1000;4;1;8;100;50;1","rnbqkbnr/pppppppp/8/8/8/8/PPPPPPPP/RNBQKBNR w KQkq - 0 1","rnbqkbnr/pppppppp/8/8/8/8/PPPPPPPP/RNBQKBNR w KQkq - 0 1","0:0:0:0:0|0:0:0:0:0|0:0:0:0:0|0:0:0:0:0","759421758207090123:0:0",180000,180000,180000,180000,2000,real,1000,0,0,0,0,5,0,0,0,0,100,263838,262425,181563,183267,45,44,5,6,45,45,45,0,21,0,0,0,0,0,0,0,9,0,0,0,1,0,0
0,11035599632299230414,0,5217400152003870463,ongoing,-1,ply_limit,100,"request;pvs;64;0;1;1;-50;200;1;20;25;3;2;1;3;3;2;0;3;3;1;3;150;150;600;1;1000;4;1;8;100;50;1","independent;pvs;64;0;1;1;-50;200;1;20;25;3;2;1;3;3;2;0;3;3;1;3;150;150;600;1;1000;4;1;8;100;50;1","shared_value;pvs;64;0;1;1;-50;200;1;20;25;3;2;1;3;3;2;0;3;3;1;3;150;150;600;1;1000;4;1;8;100;50;1","request;pvs;64;0;1;1;-50;200;1;20;25;3;2;1;3;3;2;0;3;3;1;3;150;150;600;1;1000;4;1;8;100;50;1","rnbqkbnr/pppppppp/8/8/8/8/PPPPPPPP/RNBQKBNR w KQkq - 0 1","rnbqkbnr/pppppppp/8/8/8/8/PPPPPPPP/RNBQKBNR w KQkq - 0 1","0:0:0:0:0|0:0:0:0:0|0:0:0:0:0|0:0:0:0:0","759421758207090123:0:0",180000,180000,180000,180000,2000,real,1000,0,0,0,0,5,0,0,0,0,100,264552,262953,181568,183348,45,44,5,6,51,51,51,1,21,0,0,0,0,0,0,0,10,0,0,0,1,0,0
0,11035599632299230346,0,5217400152003870462,ongoing,-1,ply_limit,100,"request;pvs;64;0;1;1;-50;200;1;20;25;3;2;1;3;3;2;0;3;3;1;3;150;150;600;1;1000;4;1;8;100;50;1","independent;pvs;64;0;1;1;-50;200;1;20;25;3;2;1;3;3;2;0;3;3;1;3;150;150;600;1;1000;4;1;8;100;50;1","shared_value;pvs;64;0;1;1;-50;200;1;20;25;3;2;1;3;3;2;0;3;3;1;3;150;150;600;1;1000;4;1;8;100;50;1","shared_value;pvs;64;0;1;1;-50;200;1;20;25;3;2;1;3;3;2;0;3;3;1;3;150;150;600;1;1000;4;1;8;100;50;1","rnbqkbnr/pppppppp/8/8/8/8/PPPPPPPP/RNBQKBNR w KQkq - 0 1","rnbqkbnr/pppppppp/8/8/8/8/PPPPPPPP/RNBQKBNR w KQkq - 0 1","0:0:0:0:0|0:0:0:0:0|0:0:0:0:0|0:0:0:0:0","759421758207090123:0:0",180000,180000,180000,180000,2000,real,1000,0,0,0,0,5,0,0,0,0,100,264333,264652,180696,182013,45,45,5,5,45,45,45,0,20,0,0,0,0,0,0,0,10,0,0,0,0,0,0
0,11035599632299230283,0,5217400152003870461,ongoing,-1,ply_limit,100,"request;pvs;64;0;1;1;-50;200;1;20;25;3;2;1;3;3;2;0;3;3;1;3;150;150;600;1;1000;4;1;8;100;50;1","independent;pvs;64;0;1;1;-50;200;1;20;25;3;2;1;3;3;2;0;3;3;1;3;150;150;600;1;1000;4;1;8;100;50;1","shared_value;pvs;64;0;1;1;-50;200;1;20;25;3;2;1;3;3;2;0;3;3;1;3;150;150;600;1;1000;4;1;8;100;50;1","sacrifice;pvs;64;0;1;1;-50;200;1;20;25;3;2;1;3;3;2;0;3;3;1;3;150;150;600;1;1000;4;1;8;100;50;1","rnbqkbnr/pppppppp/8/8/8/8/PPPPPPPP/RNBQKBNR w KQkq - 0 1","rnbqkbnr/pppppppp/8/8/8/8/PPPPPPPP/RNBQKBNR w KQkq - 0 1","0:0:0:0:0|0:0:0:0:0|0:0:0:0:0|0:0:0:0:0","759421758207090123:0:0",180000,180000,180000,180000,2000,real,1000,0,0,0,0,5,0,0,0,0,100,267082,265238,186374,181605,46,45,4,5,46,46,46,0,26,0,0,0,0,0,0,0,10,0,0,0,0,0,0
0,11035599632299605932,0,5217400152003868726,ongoing,-1,ply_limit,100,"request;pvs;64;0;1;1;-50;200;1;20;25;3;2;1;3;3;2;0;3;3;1;3;150;150;600;1;1000;4;1;8;100;50;1","independent;pvs;64;0;1;1;-50;200;1;20;25;3;2;1;3;3;2;0;3;3;1;3;150;150;600;1;1000;4;1;8;100;50;1","sacrifice;pvs;64;0;1;1;-50;200;1;20;25;3;2;1;3;3;2;0;3;3;1;3;150;150;600;1;1000;4;1;8;100;50;1","independent;pvs;64;0;1;1;-50;200;1;20;25;3;2;1;3;3;2;0;3;3;1;3;150;150;600;1;1000;4;1;8;100;50;1","rnbqkbnr/pppppppp/8/8/8/8/PPPPPPPP/RNBQKBNR w KQkq - 0 1","rnbqkbnr/pppppppp/8/8/8/8/PPPPPPPP/RNBQKBNR w KQkq - 0 1","0:0:0:0:0|0:0:0:0:0|0:0:0:0:0|0:0:0:0:0","759421758207090123:0:0",180000,180000,180000,180000,2000,real,1000,0,0,0,0,5,0,0,0,0,100,249926,257602,178778,177756,44,43,6,7,44,44,44,0,22,4,0,4,1,0,0,0,10,1,4,0.1,3,0,0
0,11035599632299604068,0,5217400152003868727,ongoing,-1,invalid_agent_move,87,"request;pvs;64;0;1;1;-50;200;1;20;25;3;2;1;3;3;2;0;3;3;1;3;150;150;600;1;1000;4;1;8;100;50;1","independent;pvs;64;0;1;1;-50;200;1;20;25;3;2;1;3;3;2;0;3;3;1;3;150;150;600;1;1000;4;1;8;100;50;1","sacrifice;pvs;64;0;1;1;-50;200;1;20;25;3;2;1;3;3;2;0;3;3;1;3;150;150;600;1;1000;4;1;8;100;50;1","request;pvs;64;0;1;1;-50;200;1;20;25;3;2;1;3;3;2;0;3;3;1;3;150;150;600;1;1000;4;1;8;100;50;1","rnbqkbnr/pppppppp/8/8/8/8/PPPPPPPP/RNBQKBNR w KQkq - 0 1","rnbqkbnr/pppppppp/8/8/8/8/PPPPPPPP/RNBQKBNR w KQkq - 0 1","0:0:0:0:0|0:0:0:0:0|0:0:0:0:0|0:0:0:0:0","759421758207090123:0:0",180000,180000,180000,180000,2000,real,1000,0,0,0,0,5,0,0,0,0,100,135583,144103,132170,135846,24,23,20,20,44,44,44,2,23,1,0,1,0,0,0,0,19,0,0,0,9,1,0.111111
0,11035599632299604005,0,5217400152003868728,ongoing,-1,ply_limit,100,"request;pvs;64;0;1;1;-50;200;1;20;25;3;2;1;3;3;2;0;3;3;1;3;150;150;600;1;1000;4;1;8;100;50;1","independent;pvs;64;0;1;1;-50;200;1;20;25;3;2;1;3;3;2;0;3;3;1;3;150;150;600;1;1000;4;1;8;100;50;1","sacrifice;pvs;64;0;1;1;-50;200;1;20;25;3;2;1;3;3;2;0;3;3;1;3;150;150;600;1;1000;4;1;8;100;50;1","shared_value;pvs;64;0;1;1;-50;200;1;20;25;3;2;1;3;3;2;0;3;3;1;3;150;150;600;1;1000;4;1;8;100;50;1","rnbqkbnr/pppppppp/8/8/8/8/PPPPPPPP/RNBQKBNR w KQkq - 0 1","rnbqkbnr/pppppppp/8/8/8/8/PPPPPPPP/RNBQKBNR w KQkq - 0 1","0:0:0:0:0|0:0:0:0:0|0:0:0:0:0|0:0:0:0:0","759421758207090123:0:0",180000,180000,180000,180000,2000,real,1000,0,0,0,0,5,0,0,0,0,100,267912,264585,186047,181932,46,45,4,5,46,46,46,0,14,1,0,1,0,0,0,0,9,0,0,0,1,0,0
0,11035599632299604198,0,5217400152003868729,ongoing,-1,ply_limit,100,"request;pvs;64;0;1;1;-50;200;1;20;25;3;2;1;3;3;2;0;3;3;1;3;150;150;600;1;1000;4;1;8;100;50;1","independent;pvs;64;0;1;1;-50;200;1;20;25;3;2;1;3;3;2;0;3;3;1;3;150;150;600;1;1000;4;1;8;100;50;1","sacrifice;pvs;64;0;1;1;-50;200;1;20;25;3;2;1;3;3;2;0;3;3;1;3;150;150;600;1;1000;4;1;8;100;50;1","sacrifice;pvs;64;0;1;1;-50;200;1;20;25;3;2;1;3;3;2;0;3;3;1;3;150;150;600;1;1000;4;1;8;100;50;1","rnbqkbnr/pppppppp/8/8/8/8/PPPPPPPP/RNBQKBNR w KQkq - 0 1","rnbqkbnr/pppppppp/8/8/8/8/PPPPPPPP/RNBQKBNR w KQkq - 0 1","0:0:0:0:0|0:0:0:0:0|0:0:0:0:0|0:0:0:0:0","759421758207090123:0:0",180000,180000,180000,180000,2000,real,1000,0,0,0,0,5,0,0,0,0,100,252201,242905,169995,175761,44,44,6,6,44,44,44,0,23,2,0,2,0,0,0,0,11,0,0,0,1,0,0
0,11035599632299978417,0,5217400152003864901,ongoing,-1,invalid_agent_move,49,"request;pvs;64;0;1;1;-50;200;1;20;25;3;2;1;3;3;2;0;3;3;1;3;150;150;600;1;1000;4;1;8;100;50;1","request;pvs;64;0;1;1;-50;200;1;20;25;3;2;1;3;3;2;0;3;3;1;3;150;150;600;1;1000;4;1;8;100;50;1","independent;pvs;64;0;1;1;-50;200;1;20;25;3;2;1;3;3;2;0;3;3;1;3;150;150;600;1;1000;4;1;8;100;50;1","independent;pvs;64;0;1;1;-50;200;1;20;25;3;2;1;3;3;2;0;3;3;1;3;150;150;600;1;1000;4;1;8;100;50;1","rnbqkbnr/pppppppp/8/8/8/8/PPPPPPPP/RNBQKBNR w KQkq - 0 1","rnbqkbnr/pppppppp/8/8/8/8/PPPPPPPP/RNBQKBNR w KQkq - 0 1","0:0:0:0:0|0:0:0:0:0|0:0:0:0:0|0:0:0:0:0","759421758207090123:0:0",180000,180000,180000,180000,2000,real,1000,0,0,0,0,5,0,0,0,0,100,182845,183854,203046,204843,8,8,16,17,16,16,16,2,9,0,0,0,0,0,0,0,7,0,0,0,1,0,0
0,11035599632299978482,0,5217400152003864900,team_a_wins,0,game_over,75,"request;pvs;64;0;1;1;-50;200;1;20;25;3;2;1;3;3;2;0;3;3;1;3;150;150;600;1;1000;4;1;8;100;50;1","request;pvs;64;0;1;1;-50;200;1;20;25;3;2;1;3;3;2;0;3;3;1;3;150;150;600;1;1000;4;1;8;100;50;1","independent;pvs;64;0;1;1;-50;200;1;20;25;3;2;1;3;3;2;0;3;3;1;3;150;150;600;1;1000;4;1;8;100;50;1","request;pvs;64;0;1;1;-50;200;1;20;25;3;2;1;3;3;2;0;3;3;1;3;150;150;600;1;1000;4;1;8;100;50;1","rnbqkbnr/pppppppp/8/8/8/8/PPPPPPPP/RNBQKBNR w KQkq - 0 1","rnbqkbnr/pppppppp/8/8/8/8/PPPPPPPP/RNBQKBNR w KQkq - 0 1","0:0:0:0:0|0:0:0:0:0|0:0:0:0:0|0:0:0:0:0","759421758207090123:0:0",180000,180000,180000,180000,2000,real,1000,0,0,0,0,5,0,0,0,0,100,177522,176461,218850,225547,7,6,31,31,44,44,44,1,20,0,0,0,0,0,0,0,10,1,4,0.1,2,0,0
0,11035599632299976717,0,5217400152003864907,ongoing,-1,ply_limit,100,"request;pvs;64;0;1;1;-50;200;1;20;25;3;2;1;3;3;2;0;3;3;1;3;150;150;600;1;1000;4;1;8;100;50;1","request;pvs;64;0;1;1;-50;200;1;20;25;3;2;1;3;3;2;0;3;3;1;3;150;150;600;1;1000;4;1;8;100;50;1","independent;pvs;64;0;1;1;-50;200;1;20;25;3;2;1;3;3;2;0;3;3;1;3;150;150;600;1;1000;4;1;8;100;50;1","shared_value;pvs;64;0;1;1;-50;200;1;20;25;3;2;1;3;3;2;0;3;3;1;3;150;150;600;1;1000;4;1;8;100;50;1","rnbqkbnr/pppppppp/8/8/8/8/PPPPPPPP/RNBQKBNR w KQkq - 0 1","rnbqkbnr/pppppppp/8/8/8/8/PPPPPPPP/RNBQKBNR w KQkq - 0 1","0:0:0:0:0|0:0:0:0:0|0:0:0:0:0|0:0:0:0:0","759421758207090123:0:0",180000,180000,180000,180000,2000,real,1000,0,0,0,0,5,0,0,0,0,100,264628,263314,181743,182920,45,44,5,6,89,89,89,0,23,0,0,0,0,0,0,0,11,1,4,0.0909091,1,0,0
0,11035599632299976819,0,5217400152003864906,team_b_wins,1,game_over,85,"request;pvs;64;0;1;1;-50;200;1;20;25;3;2;1;3;3;2;0;3;3;1;3;150;150;600;1;1000;4;1;8;100;50;1","request;pvs;64;0;1;1;-50;200;1;20;25;3;2;1;3;3;2;0;3;3;1;3;150;150;600;1;1000;4;1;8;100;50;1","independent;pvs;64;0;1;1;-50;200;1;20;25;3;2;1;3;3;2;0;3;3;1;3;150;150;600;1;1000;4;1;8;100;50;1","sacrifice;pvs;64;0;1;1;-50;200;1;20;25;3;2;1;3;3;2;0;3;3;1;3;150;150;600;1;1000;4;1;8;100;50;1","rnbqkbnr/pppppppp/8/8/8/8/PPPPPPPP/RNBQKBNR w KQkq - 0 1","rnbqkbnr/pppppppp/8/8/8/8/PPPPPPPP/RNBQKBNR w KQkq - 0 1","0:0:0:0:0|0:0:0:0:0|0:0:0:0:0|0:0:0:0:0","759421758207090123:0:0",180000,180000,180000,180000,2000,real,1000,0,0,0,0,5,0,0,0,0,100,157995,159864,137869,137960,27,27,15,16,54,54,54,1,24,3,0,1,0,0,0,0,15,0,0,0,9,0,0
0,11035599632299982370,0,5217400152003864964,ongoing,-1,ply_limit,100,"request;pvs;64;0;1;1;-50;200;1;20;25;3;2;1;3;3;2;0;3;3;1;3;150;150;600;1;1000;4;1;8;100;50;1","request;pvs;64;0;1;1;-50;200;1;20;25;3;2;1;3;3;2;0;3;3;1;3;150;150;600;1;1000;4;1;8;100;50;1","request;pvs;64;0;1;1;-50;200;1;20;25;3;2;1;3;3;2;0;3;3;1;3;150;150;600;1;1000;4;1;8;100;50;1","independent;pvs;64;0;1;1;-50;200;1;20;25;3;2;1;3;3;2;0;3;3;1;3;150;150;600;1;1000;4;1;8;100;50;1","rnbqkbnr/pppppppp/8/8/8/8/PPPPPPPP/RNBQKBNR w KQkq - 0 1","rnbqkbnr/pppppppp/8/8/8/8/PPPPPPPP/RNBQKBNR w KQkq - 0 1","0:0:0:0:0|0:0:0:0:0|0:0:0:0:0|0:0:0:0:0","759421758207090123:0:0",180000,180000,180000,180000,2000,real,1000,0,0,0,0,5,0,0,0,0,100,264847,262819,181911,183201,45,44,5,6,94,94,94,2,24,0,0,0,0,0,0,0,10,0,0,0,1,0,0
0,11035599632299982433,0,5217400152003864965,team_a_wins,0,game_over,82,"request;pvs;64;0;1;1;-50;200;1;20;25;3;2;1;3;3;2;0;3;3;1;3;150;150;600;1;1000;4;1;8;100;50;1","request;pvs;64;0;1;1;-50;200;1;20;25;3;2;1;3;3;2;0;3;3;1;3;150;150;600;1;1000;4;1;8;100;50;1","request;pvs;64;0;1;1;-50;200;1;20;25;3;2;1;3;3;2;0;3;3;1;3;150;150;600;1;1000;4;1;8;100;50;1","request;pvs;64;0;1;1;-50;200;1;20;25;3;2;1;3;3;2;0;3;3;1;3;150;150;600;1;1000;4;1;8;100;50;1","rnbqkbnr/pppppppp/8/8/8/8/PPPPPPPP/RNBQKBNR w KQkq - 0 1","rnbqkbnr/pppppppp/8/8/8/8/PPPPPPPP/RNBQKBNR w KQkq - 0 1","0:0:0:0:0|0:0:0:0:0|0:0:0:0:0|0:0:0:0:0","759421758207090123:0:0",180000,180000,180000,180000,2000,real,1000,0,0,0,0,5,0,0,0,0,100,173403,157986,199681,211098,10,10,31,31,82,82,82,6,19,0,0,0,0,0,0,0,15,0,0,0,8,0,0
0,11035599632299980963,0,5217400152003864970,team_b_wins,1,game_over,80,"request;pvs;64;0;1;1;-50;200;1;20;25;3;2;1;3;3;2;0;3;3;1;3;150;150;600;1;1000;4;1;8;100;50;1","request;pvs;64;0;1;1;-50;200;1;20;25;3;2;1;3;3;2;0;3;3;1;3;150;150;600;1;1000;4;1;8;100;50;1","request;pvs;64;0;1;1;-50;200;1;20;25;3;2;1;3;3;2;0;3;3;1;3;150;150;600;1;1000;4;1;8;100;50;1","shared_value;pvs;64;0;1;1;-50;200;1;20;25;3;2;1;3;3;2;0;3;3;1;3;150;150;600;1;1000;4;1;8;100;50;1","rnbqkbnr/pppppppp/8/8/8/8/PPPPPPPP/RNBQKBNR w KQkq - 0 1","rnbqkbnr/pppppppp/8/8/8/8/PPPPPPPP/RNBQKBNR w KQkq - 0 1","0:0:0:0:0|0:0:0:0:0|0:0:0:0:0|0:0:0:0:0","759421758207090123:0:0",180000,180000,180000,180000,2000,real,1000,0,0,0,0,5,0,0,0,0,100,182389,186811,226208,231098,10,9,30,31,49,49,49,2,17,0,0,0,0,0,0,0,9,1,3,0.0833333,1,0,0
0,11035599632299981021,0,5217400152003864971,ongoing,-1,ply_limit,100,"request;pvs;64;0;1;1;-50;200;1;20;25;3;2;1;3;3;2;0;3;3;1;3;150;150;600;1;1000;4;1;8;100;50;1","request;pvs;64;0;1;1;-50;200;1;20;25;3;2;1;3;3;2;0;3;3;1;3;150;150;600;1;1000;4;1;8;100;50;1","request;pvs;64;0;1;1;-50;200;1;20;25;3;2;1;3;3;2;0;3;3;1;3;150;150;600;1;1000;4;1;8;100;50;1","sacrifice;pvs;64;0;1;1;-50;200;1;20;25;3;2;1;3;3;2;0;3;3;1;3;150;150;600;1;1000;4;1;8;100;50;1","rnbqkbnr/pppppppp/8/8/8/8/PPPPPPPP/RNBQKBNR w KQkq - 0 1","rnbqkbnr/pppppppp/8/8/8/8/PPPPPPPP/RNBQKBNR w KQkq - 0 1","0:0:0:0:0|0:0:0:0:0|0:0:0:0:0|0:0:0:0:0","759421758207090123:0:0",180000,180000,180000,180000,2000,real,1000,0,0,0,0,5,0,0,0,0,100,264276,265476,181723,181604,45,45,5,5,95,95,95,2,17,0,0,0,0,0,0,0,7,0,0,0,1,0,0
0,11035599632299968848,0,5217400152003865031,ongoing,-1,ply_limit,100,"request;pvs;64;0;1;1;-50;200;1;20;25;3;2;1;3;3;2;0;3;3;1;3;150;150;600;1;1000;4;1;8;100;50;1","request;pvs;64;0;1;1;-50;200;1;20;25;3;2;1;3;3;2;0;3;3;1;3;150;150;600;1;1000;4;1;8;100;50;1","shared_value;pvs;64;0;1;1;-50;200;1;20;25;3;2;1;3;3;2;0;3;3;1;3;150;150;600;1;1000;4;1;8;100;50;1","independent;pvs;64;0;1;1;-50;200;1;20;25;3;2;1;3;3;2;0;3;3;1;3;150;150;600;1;1000;4;1;8;100;50;1","rnbqkbnr/pppppppp/8/8/8/8/PPPPPPPP/RNBQKBNR w KQkq - 0 1","rnbqkbnr/pppppppp/8/8/8/8/PPPPPPPP/RNBQKBNR w KQkq - 0 1","0:0:0:0:0|0:0:0:0:0|0:0:0:0:0|0:0:0:0:0","759421758207090123:0:0",180000,180000,180000,180000,2000,real,1000,0,0,0,0,5,0,0,0,0,100,264163,262589,181574,183355,45,44,5,6,89,89,89,0,26,0,0,0,0,0,0,0,10,0,0,0,1,0,0
0,11035599632299968912,0,5217400152003865030,team_b_wins,1,game_over,65,"request;pvs;64;0;1;1;-50;200;1;20;25;3;2;1;3;3;2;0;3;3;1;3;150;150;600;1;1000;4;1;8;100;50;1","request;pvs;64;0;1;1;-50;200;1;20;25;3;2;1;3;3;2;0;3;3;1;3;150;150;600;1;1000;4;1;8;100;50;1","shared_value;pvs;64;0;1;1;-50;200;1;20;25;3;2;1;3;3;2;0;3;3;1;3;150;150;600;1;1000;4;1;8;100;50;1","request;pvs;64;0;1;1;-50;200;1;20;25;3;2;1;3;3;2;0;3;3;1;3;150;150;600;1;1000;4;1;8;100;50;1","rnbqkbnr/pppppppp/8/8/8/8/PPPPPPPP/RNBQKBNR w KQkq - 0 1","rnbqkbnr/pppppppp/8/8/8/8/PPPPPPPP/RNBQKBNR w KQkq - 0 1","0:0:0:0:0|0:0:0:0:0|0:0:0:0:0|0:0:0:0:0","759421758207090123:0:0",180000,180000,180000,180000,2000,real,1000,0,0,0,0,5,0,0,0,0,100,176837,173405,217085,213061,6,6,26,27,39,39,39,1,14,0,0,0,0,0,0,0,7,0,0,0,0,0,0
0,11035599632299968722,0,5217400152003865033,ongoing,-1,ply_limit,100,"request;pvs;64;0;1;1;-50;200;1;20;25;3;2;1;3;3;2;0;3;3;1;3;150;150;600;1;1000;4;1;8;100;50;1","request;pvs;64;0;1;1;-50;200;1;20;25;3;2;1;3;3;2;0;3;3;1;3;150;150;600;1;1000;4;1;8;100;50;1","shared_value;pvs;64;0;1;1;-50;200;1;20;25;3;2;1;3;3;2;0;3;3;1;3;150;150;600;1;1000;4;1;8;100;50;1","shared_value;pvs;64;0;1;1;-50;200;1;20;25;3;2;1;3;3;2;0;3;3;1;3;150;150;600;1;1000;4;1;8;100;50;1","rnbqkbnr/pppppppp/8/8/8/8/PPPPPPPP/RNBQKBNR w KQkq - 0 1","rnbqkbnr/pppppppp/8/8/8/8/PPPPPPPP/RNBQKBNR w KQkq - 0 1","0:0:0:0:0|0:0:0:0:0|0:0:0:0:0|0:0:0:0:0","759421758207090123:0:0",180000,180000,180000,180000,2000,real,1000,0,0,0,0,5,0,0,0,0,100,261903,261254,182046,185591,44,44,6,6,88,88,88,0,19,0,0,0,0,0,0,0,9,0,0,0,0,0,0
0,11035599632299968785,0,5217400152003865032,ongoing,-1,ply_limit,100,"request;pvs;64;0;1;1;-50;200;1;20;25;3;2;1;3;3;2;0;3;3;1;3;150;150;600;1;1000;4;1;8;100;50;1","request;pvs;64;0;1;1;-50;200;1;20;25;3;2;1;3;3;2;0;3;3;1;3;150;150;600;1;1000;4;1;8;100;50;1","shared_value;pvs;64;0;1;1;-50;200;1;20;25;3;2;1;3;3;2;0;3;3;1;3;150;150;600;1;1000;4;1;8;100;50;1","sacrifice;pvs;64;0;1;1;-50;200;1;20;25;3;2;1;3;3;2;0;3;3;1;3;150;150;600;1;1000;4;1;8;100;50;1","rnbqkbnr/pppppppp/8/8/8/8/PPPPPPPP/RNBQKBNR w KQkq - 0 1","rnbqkbnr/pppppppp/8/8/8/8/PPPPPPPP/RNBQKBNR w KQkq - 0 1","0:0:0:0:0|0:0:0:0:0|0:0:0:0:0|0:0:0:0:0","759421758207090123:0:0",180000,180000,180000,180000,2000,real,1000,0,0,0,0,5,0,0,0,0,100,267014,265395,186431,181593,46,45,4,5,91,91,91,0,26,0,0,0,0,0,0,0,10,0,0,0,0,0,0
0,11035599632299876288,0,5217400152003864582,ongoing,-1,ply_limit,100,"request;pvs;64;0;1;1;-50;200;1;20;25;3;2;1;3;3;2;0;3;3;1;3;150;150;600;1;1000;4;1;8;100;50;1","request;pvs;64;0;1;1;-50;200;1;20;25;3;2;1;3;3;2;0;3;3;1;3;150;150;600;1;1000;4;1;8;100;50;1","sacrifice;pvs;64;0;1;1;-50;200;1;20;25;3;2;1;3;3;2;0;3;3;1;3;150;150;600;1;1000;4;1;8;100;50;1","independent;pvs;64;0;1;1;-50;200;1;20;25;3;2;1;3;3;2;0;3;3;1;3;150;150;600;1;1000;4;1;8;100;50;1","rnbqkbnr/pppppppp/8/8/8/8/PPPPPPPP/RNBQKBNR w KQkq - 0 1","rnbqkbnr/pppppppp/8/8/8/8/PPPPPPPP/RNBQKBNR w KQkq - 0 1","0:0:0:0:0|0:0:0:0:0|0:0:0:0:0|0:0:0:0:0","759421758207090123:0:0",180000,180000,180000,180000,2000,real,1000,0,0,0,0,5,0,0,0,0,100,174417,177683,225460,234768,12,11,38,39,23,23,23,3,19,19,0,13,0,0,0,0,13,0,0,0,4,0,0
0,11035599632299874304,0,5217400152003864583,ongoing,-1,ply_limit,100,"request;pvs;64;0;1;1;-50;200;1;20;25;3;2;1;3;3;2;0;3;3;1;3;150;150;600;1;1000;4;1;8;100;50;1","request;pvs;64;0;1;1;-50;200;1;20;25;3;2;1;3;3;2;0;3;3;1;3;150;150;600;1;1000;4;1;8;100;50;1","sacrifice;pvs;64;0;1;1;-50;200;1;20;25;3;2;1;3;3;2;0;3;3;1;3;150;150;600;1;1000;4;1;8;100;50;1","request;pvs;64;0;1;1;-50;200;1;20;25;3;2;1;3;3;2;0;3;3;1;3;150;150;600;1;1000;4;1;8;100;50;1","rnbqkbnr/pppppppp/8/8/8/8/PPPPPPPP/RNBQKBNR w KQkq - 0 1","rnbqkbnr/pppppppp/8/8/8/8/PPPPPPPP/RNBQKBNR w KQkq - 0 1","0:0:0:0:0|0:0:0:0:0|0:0:0:0:0|0:0:0:0:0","759421758207090123:0:0",180000,180000,180000,180000,2000,real,1000,0,0,0,0,5,0,0,0,0,100,255553,253675,176349,176816,44,44,6,6,94,94,94,2,21,3,0,3,0,0,0,0,11,0,0,0,1,0,0
0,11035599632299874369,0,5217400152003864584,ongoing,-1,ply_limit,100,"request;pvs;64;0;1;1;-50;200;1;20;25;3;2;1;3;3;2;0;3;3;1;3;150;150;600;1;1000;4;1;8;100;50;1","request;pvs;64;0;1;1;-50;200;1;20;25;3;2;1;3;3;2;0;3;3;1;3;150;150;600;1;1000;4;1;8;100;50;1","sacrifice;pvs;64;0;1;1;-50;200;1;20;25;3;2;1;3;3;2;0;3;3;1;3;150;150;600;1;1000;4;1;8;100;50;1","shared_value;pvs;64;0;1;1;-50;200;1;20;25;3;2;1;3;3;2;0;3;3;1;3;150;150;600;1;1000;4;1;8;100;50;1","rnbqkbnr/pppppppp/8/8/8/8/PPPPPPPP/RNBQKBNR w KQkq - 0 1","rnbqkbnr/pppppppp/8/8/8/8/PPPPPPPP/RNBQKBNR w KQkq - 0 1","0:0:0:0:0|0:0:0:0:0|0:0:0:0:0|0:0:0:0:0","759421758207090123:0:0",180000,180000,180000,180000,2000,real,1000,0,0,0,0,5,0,0,0,0,100,244752,236305,170909,167228,43,42,7,8,85,85,85,0,19,1,0,1,0,0,0,0,12,0,0,0,4,0,0
0,11035599632299874434,0,5217400152003864585,ongoing,-1,ply_limit,100,"request;pvs;64;0;1;1;-50;200;1;20;25;3;2;1;3;3;2;0;3;3;1;3;150;150;600;1;1000;4;1;8;100;50;1","request;pvs;64;0;1;1;-50;200;1;20;25;3;2;1;3;3;2;0;3;3;1;3;150;150;600;1;1000;4;1;8;100;50;1","sacrifice;pvs;64;0;1;1;-50;200;1;20;25;3;2;1;3;3;2;0;3;3;1;3;150;150;600;1;1000;4;1;8;100;50;1","sacrifice;pvs;64;0;1;1;-50;200;1;20;25;3;2;1;3;3;2;0;3;3;1;3;150;150;600;1;1000;4;1;8;100;50;1","rnbqkbnr/pppppppp/8/8/8/8/PPPPPPPP/RNBQKBNR w KQkq - 0 1","rnbqkbnr/pppppppp/8/8/8/8/PPPPPPPP/RNBQKBNR w KQkq - 0 1","0:0:0:0:0|0:0:0:0:0|0:0:0:0:0|0:0:0:0:0","759421758207090123:0:0",180000,180000,180000,180000,2000,real,1000,0,0,0,0,5,0,0,0,0,100,264443,264528,179084,181008,46,45,4,5,91,91,91,0,18,1,0,1,0,0,0,0,11,0,0,0,1,1,1
0,11035599632299133862,0,5217400152003845076,ongoing,-1,ply_limit,100,"request;pvs;64;0;1;1;-50;200;1;20;25;3;2;1;3;3;2;0;3;3;1;3;150;150;600;1;1000;4;1;8;100;50;1","shared_value;pvs;64;0;1;1;-50;200;1;20;25;3;2;1;3;3;2;0;3;3;1;3;150;150;600;1;1000;4;1;8;100;50;1","independent;pvs;64;0;1;1;-50;200;1;20;25;3;2;1;3;3;2;0;3;3;1;3;150;150;600;1;1000;4;1;8;100;50;1","independent;pvs;64;0;1;1;-50;200;1;20;25;3;2;1;3;3;2;0;3;3;1;3;150;150;600;1;1000;4;1;8;100;50;1","rnbqkbnr/pppppppp/8/8/8/8/PPPPPPPP/RNBQKBNR w KQkq - 0 1","rnbqkbnr/pppppppp/8/8/8/8/PPPPPPPP/RNBQKBNR w KQkq - 0 1","0:0:0:0:0|0:0:0:0:0|0:0:0:0:0|0:0:0:0:0","759421758207090123:0:0",180000,180000,180000,180000,2000,real,1000,0,0,0,0,5,0,0,0,0,100,183291,187808,263652,265782,6,5,44,45,6,6,6,1,27,0,0,0,0,0,0,0,10,0,0,0,0,0,0
0,11035599632299133797,0,5217400152003845077,ongoing,-1,ply_limit,100,"request;pvs;64;0;1;1;-50;200;1;20;25;3;2;1;3;3;2;0;3;3;1;3;150;150;600;1;1000;4;1;8;100;50;1","shared_value;pvs;64;0;1;1;-50;200;1;20;25;3;2;1;3;3;2;0;3;3;1;3;150;150;600;1;1000;4;1;8;100;50;1","independent;pvs;64;0;1;1;-50;200;1;20;25;3;2;1;3;3;2;0;3;3;1;3;150;150;600;1;1000;4;1;8;100;50;1","request;pvs;64;0;1;1;-50;200;1;20;25;3;2;1;3;3;2;0;3;3;1;3;150;150;600;1;1000;4;1;8;100;50;1","rnbqkbnr/pppppppp/8/8/8/8/PPPPPPPP/RNBQKBNR w KQkq - 0 1","rnbqkbnr/pppppppp/8/8/8/8/PPPPPPPP/RNBQKBNR w KQkq - 0 1","0:0:0:0:0|0:0:0:0:0|0:0:0:0:0|0:0:0:0:0","759421758207090123:0:0",180000,180000,180000,180000,2000,real,1000,0,0,0,0,5,0,0,0,0,100,183341,181514,262695,264247,6,5,44,45,51,51,51,1,21,0,0,0,0,0,0,0,10,0,0,0,1,0,0
0,11035599632299133503,0,5217400152003845082,ongoing,-1,ply_limit,100,"request;pvs;64;0;1;1;-50;200;1;20;25;3;2;1;3;3;2;0;3;3;1;3;150;150;600;1;1000;4;1;8;100;50;1","shared_value;pvs;64;0;1;1;-50;200;1;20;25;3;2;1;3;3;2;0;3;3;1;3;150;150;600;1;1000;4;1;8;100;50;1","independent;pvs;64;0;1;1;-50;200;1;20;25;3;2;1;3;3;2;0;3;3;1;3;150;150;600;1;1000;4;1;8;100;50;1","shared_value;pvs;64;0;1;1;-50;200;1;20;25;3;2;1;3;3;2;0;3;3;1;3;150;150;600;1;1000;4;1;8;100;50;1","rnbqkbnr/pppppppp/8/8/8/8/PPPPPPPP/RNBQKBNR w KQkq - 0 1","rnbqkbnr/pppppppp/8/8/8/8/PPPPPPPP/RNBQKBNR w KQkq - 0 1","0:0:0:0:0|0:0:0:0:0|0:0:0:0:0|0:0:0:0:0","759421758207090123:0:0",180000,180000,180000,180000,2000,real,1000,0,0,0,0,5,0,0,0,0,100,145854,136896,157220,175801,19,19,31,31,19,19,19,1,21,0,0,0,0,0,0,0,13,0,0,0,5,0,0
0,11035599632299133409,0,5217400152003845083,ongoing,-1,ply_limit,100,"request;pvs;64;0;1;1;-50;200;1;20;25;3;2;1;3;3;2;0;3;3;1;3;150;150;600;1;1000;4;1;8;100;50;1","shared_value;pvs;64;0;1;1;-50;200;1;20;25;3;2;1;3;3;2;0;3;3;1;3;150;150;600;1;1000;4;1;8;100;50;1","independent;pvs;64;0;1;1;-50;200;1;20;25;3;2;1;3;3;2;0;3;3;1;3;150;150;600;1;1000;4;1;8;100;50;1","sacrifice;pvs;64;0;1;1;-50;200;1;20;25;3;2;1;3;3;2;0;3;3;1;3;150;150;600;1;1000;4;1;8;100;50;1","rnbqkbnr/pppppppp/8/8/8/8/PPPPPPPP/RNBQKBNR w KQkq - 0 1","rnbqkbnr/pppppppp/8/8/8/8/PPPPPPPP/RNBQKBNR w KQkq - 0 1","0:0:0:0:0|0:0:0:0:0|0:0:0:0:0|0:0:0:0:0","759421758207090123:0:0",180000,180000,180000,180000,2000,real,1000,0,0,0,0,5,0,0,0,0,100,169671,175722,237146,233062,10,9,40,41,10,10,10,2,25,11,0,5,0,0,0,0,13,0,0,0,6,0,0
0,11035599632299178549,0,5217400152003844629,team_b_wins,1,game_over,73,"request;pvs;64;0;1;1;-50;200;1;20;25;3;2;1;3;3;2;0;3;3;1;3;150;150;600;1;1000;4;1;8;100;50;1","shared_value;pvs;64;0;1;1;-50;200;1;20;25;3;2;1;3;3;2;0;3;3;1;3;150;150;600;1;1000;4;1;8;100;50;1","request;pvs;64;0;1;1;-50;200;1;20;25;3;2;1;3;3;2;0;3;3;1;3;150;150;600;1;1000;4;1;8;100;50;1","independent;pvs;64;0;1;1;-50;200;1;20;25;3;2;1;3;3;2;0;3;3;1;3;150;150;600;1;1000;4;1;8;100;50;1","rnbqkbnr/pppppppp/8/8/8/8/PPPPPPPP/RNBQKBNR w KQkq - 0 1","rnbqkbnr/pppppppp/8/8/8/8/PPPPPPPP/RNBQKBNR w KQkq - 0 1","0:0:0:0:0|0:0:0:0:0|0:0:0:0:0|0:0:0:0:0","759421758207090123:0:0",180000,180000,180000,180000,2000,real,1000,0,0,0,0,5,0,0,0,0,100,164891,180463,171862,187387,17,17,19,20,36,36,36,0,9,0,0,0,0,0,0,0,7,0,0,0,5,0,0
0,11035599632299179510,0,5217400152003844628,ongoing,-1,ply_limit,100,"request;pvs;64;0;1;1;-50;200;1;20;25;3;2;1;3;3;2;0;3;3;1;3;150;150;600;1;1000;4;1;8;100;50;1","shared_value;pvs;64;0;1;1;-50;200;1;20;25;3;2;1;3;3;2;0;3;3;1;3;150;150;600;1;1000;4;1;8;100;50;1","request;pvs;64;0;1;1;-50;200;1;20;25;3;2;1;3;3;2;0;3;3;1;3;150;150;600;1;1000;4;1;8;100;50;1","request;pvs;64;0;1;1;-50;200;1;20;25;3;2;1;3;3;2;0;3;3;1;3;150;150;600;1;1000;4;1;8;100;50;1","rnbqkbnr/pppppppp/8/8/8/8/PPPPPPPP/RNBQKBNR w KQkq - 0 1","rnbqkbnr/pppppppp/8/8/8/8/PPPPPPPP/RNBQKBNR w KQkq - 0 1","0:0:0:0:0|0:0:0:0:0|0:0:0:0:0|0:0:0:0:0","759421758207090123:0:0",180000,180000,180000,180000,2000,real,1000,0,0,0,0,5,0,0,0,0,100,260749,252975,182989,184952,43,43,7,7,57,57,57,2,25,0,0,0,0,0,0,0,9,0,0,0,0,0,0
0,11035599632299178897,0,5217400152003844635,team_b_wins,1,game_over,89,"request;pvs;64;0;1;1;-50;200;1;20;25;3;2;1;3;3;2;0;3;3;1;3;150;150;600;1;1000;4;1;8;100;50;1","shared_value;pvs;64;0;1;1;-50;200;1;20;25;3;2;1;3;3;2;0;3;3;1;3;150;150;600;1;1000;4;1;8;100;50;1","request;pvs;64;0;1;1;-50;200;1;20;25;3;2;1;3;3;2;0;3;3;1;3;150;150;600;1;1000;4;1;8;100;50;1","shared_value;pvs;64;0;1;1;-50;200;1;20;25;3;2;1;3;3;2;0;3;3;1;3;150;150;600;1;1000;4;1;8;100;50;1","rnbqkbnr/pppppppp/8/8/8/8/PPPPPPPP/RNBQKBNR w KQkq - 0 1","rnbqkbnr/pppppppp/8/8/8/8/PPPPPPPP/RNBQKBNR w KQkq - 0 1","0:0:0:0:0|0:0:0:0:0|0:0:0:0:0|0:0:0:0:0","759421758207090123:0:0",180000,180000,180000,180000,2000,real,1000,0,0,0,0,5,0,0,0,0,100,185028,179757,244808,239484,8,8,36,37,44,44,44,2,17,0,0,0,0,0,0,0,10,0,0,0,0,0,0
0,11035599632299178831,0,5217400152003844634,ongoing,-1,ply_limit,100,"request;pvs;64;0;1;1;-50;200;1;20;25;3;2;1;3;3;2;0;3;3;1;3;150;150;600;1;1000;4;1;8;100;50;1","shared_value;pvs;64;0;1;1;-50;200;1;20;25;3;2;1;3;3;2;0;3;3;1;3;150;150;600;1;1000;4;1;8;100;50;1","request;pvs;64;0;1;1;-50;200;1;20;25;3;2;1;3;3;2;0;3;3;1;3;150;150;600;1;1000;4;1;8;100;50;1","sacrifice;pvs;64;0;1;1;-50;200;1;20;25;3;2;1;3;3;2;0;3;3;1;3;150;150;600;1;1000;4;1;8;100;50;1","rnbqkbnr/pppppppp/8/8/8/8/PPPPPPPP/RNBQKBNR w KQkq - 0 1","rnbqkbnr/pppppppp/8/8/8/8/PPPPPPPP/RNBQKBNR w KQkq - 0 1","0:0:0:0:0|0:0:0:0:0|0:0:0:0:0|0:0:0:0:0","759421758207090123:0:0",180000,180000,180000,180000,2000,real,1000,0,0,0,0,5,0,0,0,0,100,265305,259062,181671,181590,45,45,5,5,50,50,50,3,19,0,0,0,0,0,0,0,10,0,0,0,1,0,0
0,11035599632299191236,0,5217400152003844950,team_b_wins,1,game_over,63,"request;pvs;64;0;1;1;-50;200;1;20;25;3;2;1;3;3;2;0;3;3;1;3;150;150;600;1;1000;4;1;8;100;50;1","shared_value;pvs;64;0;1;1;-50;200;1;20;25;3;2;1;3;3;2;0;3;3;1;3;150;150;600;1;1000;4;1;8;100;50;1","shared_value;pvs;64;0;1;1;-50;200;1;20;25;3;2;1;3;3;2;0;3;3;1;3;150;150;600;1;1000;4;1;8;100;50;1","independent;pvs;64;0;1;1;-50;200;1;20;25;3;2;1;3;3;2;0;3;3;1;3;150;150;600;1;1000;4;1;8;100;50;1","rnbqkbnr/pppppppp/8/8/8/8/PPPPPPPP/RNBQKBNR w KQkq - 0 1","rnbqkbnr/pppppppp/8/8/8/8/PPPPPPPP/RNBQKBNR w KQkq - 0 1","0:0:0:0:0|0:0:0:0:0|0:0:0:0:0|0:0:0:0:0","759421758207090123:0:0",180000,180000,180000,180000,2000,real,1000,0,0,0,0,5,0,0,0,0,100,151003,180812,164890,165936,16,16,15,16,16,16,16,1,17,0,0,0,0,0,0,0,14,0,0,0,6,1,0.166667
0,11035599632299191196,0,5217400152003844951,ongoing,-1,invalid_agent_move,54,"request;pvs;64;0;1;1;-50;200;1;20;25;3;2;1;3;3;2;0;3;3;1;3;150;150;600;1;1000;4;1;8;100;50;1","shared_value;pvs;64;0;1;1;-50;200;1;20;25;3;2;1;3;3;2;0;3;3;1;3;150;150;600;1;1000;4;1;8;100;50;1","shared_value;pvs;64;0;1;1;-50;200;1;20;25;3;2;1;3;3;2;0;3;3;1;3;150;150;600;1;1000;4;1;8;100;50;1","request;pvs;64;0;1;1;-50;200;1;20;25;3;2;1;3;3;2;0;3;3;1;3;150;150;600;1;1000;4;1;8;100;50;1","rnbqkbnr/pppppppp/8/8/8/8/PPPPPPPP/RNBQKBNR w KQkq - 0 1","rnbqkbnr/pppppppp/8/8/8/8/PPPPPPPP/RNBQKBNR w KQkq - 0 1","0:0:0:0:0|0:0:0:0:0|0:0:0:0:0|0:0:0:0:0","759421758207090123:0:0",180000,180000,180000,180000,2000,real,1000,0,0,0,0,5,0,0,0,0,100,169692,176574,175247,162644,14,14,13,13,27,27,27,2,16,0,0,0,0,0,0,0,13,1,4,0.0769231,4,0,0
0,11035599632299190877,0,5217400152003844952,team_a_wins,0,game_over,21,"request;pvs;64;0;1;1;-50;200;1;20;25;3;2;1;3;3;2;0;3;3;1;3;150;150;600;1;1000;4;1;8;100;50;1","shared_value;pvs;64;0;1;1;-50;200;1;20;25;3;2;1;3;3;2;0;3;3;1;3;150;150;600;1;1000;4;1;8;100;50;1","shared_value;pvs;64;0;1;1;-50;200;1;20;25;3;2;1;3;3;2;0;3;3;1;3;150;150;600;1;1000;4;1;8;100;50;1","shared_value;pvs;64;0;1;1;-50;200;1;20;25;3;2;1;3;3;2;0;3;3;1;3;150;150;600;1;1000;4;1;8;100;50;1","rnbqkbnr/pppppppp/8/8/8/8/PPPPPPPP/RNBQKBNR w KQkq - 0 1","rnbqkbnr/pppppppp/8/8/8/8/PPPPPPPP/RNBQKBNR w KQkq - 0 1","0:0:0:0:0|0:0:0:0:0|0:0:0:0:0|0:0:0:0:0","759421758207090123:0:0",180000,180000,180000,180000,2000,real,1000,0,0,0,0,5,0,0,0,0,100,191123,189039,182043,189001,6,5,5,5,6,6,6,0,2,0,0,0,0,0,0,0,2,1,4,0.5,1,0,0
0,11035599632299190814,0,5217400152003844953,team_b_wins,1,game_over,93,"request;pvs;64;0;1;1;-50;200;1;20;25;3;2;1;3;3;2;0;3;3;1;3;150;150;600;1;1000;4;1;8;100;50;1","shared_value;pvs;64;0;1;1;-50;200;1;20;25;3;2;1;3;3;2;0;3;3;1;3;150;150;600;1;1000;4;1;8;100;50;1","shared_value;pvs;64;0;1;1;-50;200;1;20;25;3;2;1;3;3;2;0;3;3;1;3;150;150;600;1;1000;4;1;8;100;50;1","sacrifice;pvs;64;0;1;1;-50;200;1;20;25;3;2;1;3;3;2;0;3;3;1;3;150;150;600;1;1000;4;1;8;100;50;1","rnbqkbnr/pppppppp/8/8/8/8/PPPPPPPP/RNBQKBNR w KQkq - 0 1","rnbqkbnr/pppppppp/8/8/8/8/PPPPPPPP/RNBQKBNR w KQkq - 0 1","0:0:0:0:0|0:0:0:0:0|0:0:0:0:0|0:0:0:0:0","759421758207090123:0:0",180000,180000,180000,180000,2000,real,1000,0,0,0,0,5,0,0,0,0,100,253657,243202,182932,179653,40,40,6,7,40,40,40,0,18,6,1,5,1,1,1,1,9,0,0,0,2,0,0
0,11035599632299137708,0,5217400152003845015,ongoing,-1,ply_limit,100,"request;pvs;64;0;1;1;-50;200;1;20;25;3;2;1;3;3;2;0;3;3;1;3;150;150;600;1;1000;4;1;8;100;50;1","shared_value;pvs;64;0;1;1;-50;200;1;20;25;3;2;1;3;3;2;0;3;3;1;3;150;150;600;1;1000;4;1;8;100;50;1","sacrifice;pvs;64;0;1;1;-50;200;1;20;25;3;2;1;3;3;2;0;3;3;1;3;150;150;600;1;1000;4;1;8;100;50;1","independent;pvs;64;0;1;1;-50;200;1;20;25;3;2;1;3;3;2;0;3;3;1;3;150;150;600;1;1000;4;1;8;100;50;1","rnbqkbnr/pppppppp/8/8/8/8/PPPPPPPP/RNBQKBNR w KQkq - 0 1","rnbqkbnr/pppppppp/8/8/8/8/PPPPPPPP/RNBQKBNR w KQkq - 0 1","0:0:0:0:0|0:0:0:0:0|0:0:0:0:0|0:0:0:0:0","759421758207090123:0:0",180000,180000,180000,180000,2000,real,1000,0,0,0,0,5,0,0,0,0,100,183785,189114,259250,264571,7,6,43,44,7,7,7,1,9,2,1,1,1,1,0,0,7,0,0,0,0,0,0
0,11035599632299137812,0,5217400152003845014,team_b_wins,1,game_over,99,"request;pvs;64;0;1;1;-50;200;1;20;25;3;2;1;3;3;2;0;3;3;1;3;150;150;600;1;1000;4;1;8;100;50;1","shared_value;pvs;64;0;1;1;-50;200;1;20;25;3;2;1;3;3;2;0;3;3;1;3;150;150;600;1;1000;4;1;8;100;50;1","sacrifice;pvs;64;0;1;1;-50;200;1;20;25;3;2;1;3;3;2;0;3;3;1;3;150;150;600;1;1000;4;1;8;100;50;1","request;pvs;64;0;1;1;-50;200;1;20;25;3;2;1;3;3;2;0;3;3;1;3;150;150;600;1;1000;4;1;8;100;50;1","rnbqkbnr/pppppppp/8/8/8/8/PPPPPPPP/RNBQKBNR w KQkq - 0 1","rnbqkbnr/pppppppp/8/8/8/8/PPPPPPPP/RNBQKBNR w KQkq - 0 1","0:0:0:0:0|0:0:0:0:0|0:0:0:0:0|0:0:0:0:0","759421758207090123:0:0",180000,180000,180000,180000,2000,real,1000,0,0,0,0,5,0,0,0,0,100,228145,230617,176431,186588,37,37,12,13,50,50,50,3,26,21,0,19,1,0,0,0,14,2,5,0.0892857,5,0,0
0,11035599632299137582,0,5217400152003845017,team_b_wins,1,game_over,80,"request;pvs;64;0;1;1;-50;200;1;20;25;3;2;1;3;3;2;0;3;3;1;3;150;150;600;1;1000;4;1;8;100;50;1","shared_value;pvs;64;0;1;1;-50;200;1;20;25;3;2;1;3;3;2;0;3;3;1;3;150;150;600;1;1000;4;1;8;100;50;1","sacrifice;pvs;64;0;1;1;-50;200;1;20;25;3;2;1;3;3;2;0;3;3;1;3;150;150;600;1;1000;4;1;8;100;50;1","shared_value;pvs;64;0;1;1;-50;200;1;20;25;3;2;1;3;3;2;0;3;3;1;3;150;150;600;1;1000;4;1;8;100;50;1","rnbqkbnr/pppppppp/8/8/8/8/PPPPPPPP/RNBQKBNR w KQkq - 0 1","rnbqkbnr/pppppppp/8/8/8/8/PPPPPPPP/RNBQKBNR w KQkq - 0 1","0:0:0:0:0|0:0:0:0:0|0:0:0:0:0|0:0:0:0:0","759421758207090123:0:0",180000,180000,180000,180000,2000,real,1000,0,0,0,0,5,0,0,0,0,100,183189,181968,157309,157296,27,26,13,14,27,27,27,0,18,4,1,2,2,1,0,0,11,1,3,0.0681818,6,0,0
0,11035599632299137773,0,5217400152003845016,team_b_wins,1,game_over,88,"request;pvs;64;0;1;1;-50;200;1;20;25;3;2;1;3;3;2;0;3;3;1;3;150;150;600;1;1000;4;1;8;100;50;1","shared_value;pvs;64;0;1;1;-50;200;1;20;25;3;2;1;3;3;2;0;3;3;1;3;150;150;600;1;1000;4;1;8;100;50;1","sacrifice;pvs;64;0;1;1;-50;200;1;20;25;3;2;1;3;3;2;0;3;3;1;3;150;150;600;1;1000;4;1;8;100;50;1","sacrifice;pvs;64;0;1;1;-50;200;1;20;25;3;2;1;3;3;2;0;3;3;1;3;150;150;600;1;1000;4;1;8;100;50;1","rnbqkbnr/pppppppp/8/8/8/8/PPPPPPPP/RNBQKBNR w KQkq - 0 1","rnbqkbnr/pppppppp/8/8/8/8/PPPPPPPP/RNBQKBNR w KQkq - 0 1","0:0:0:0:0|0:0:0:0:0|0:0:0:0:0|0:0:0:0:0","759421758207090123:0:0",180000,180000,180000,180000,2000,real,1000,0,0,0,0,5,0,0,0,0,100,120144,157117,133245,134549,23,23,21,21,23,23,23,2,25,6,0,6,0,0,0,0,20,0,0,0,12,0,0
0,11035599632297302760,0,5217400152003840999,team_a_wins,0,game_over,61,"request;pvs;64;0;1;1;-50;200;1;20;25;3;2;1;3;3;2;0;3;3;1;3;150;150;600;1;1000;4;1;8;100;50;1","sacrifice;pvs;64;0;1;1;-50;200;1;20;25;3;2;1;3;3;2;0;3;3;1;3;150;150;600;1;1000;4;1;8;100;50;1","independent;pvs;64;0;1;1;-50;200;1;20;25;3;2;1;3;3;2;0;3;3;1;3;150;150;600;1;1000;4;1;8;100;50;1","independent;pvs;64;0;1;1;-50;200;1;20;25;3;2;1;3;3;2;0;3;3;1;3;150;150;600;1;1000;4;1;8;100;50;1","rnbqkbnr/pppppppp/8/8/8/8/PPPPPPPP/RNBQKBNR w KQkq - 0 1","rnbqkbnr/pppppppp/8/8/8/8/PPPPPPPP/RNBQKBNR w KQkq - 0 1","0:0:0:0:0|0:0:0:0:0|0:0:0:0:0|0:0:0:0:0","759421758207090123:0:0",180000,180000,180000,180000,2000,real,1000,0,0,0,0,5,0,0,0,0,100,174157,170638,164982,167795,17,16,14,14,17,17,17,1,13,2,0,2,0,0,0,0,12,1,1,0.0208333,6,0,0
0,11035599632297302824,0,5217400152003840998,ongoing,-1,invalid_agent_move,68,"request;pvs;64;0;1;1;-50;200;1;20;25;3;2;1;3;3;2;0;3;3;1;3;150;150;600;1;1000;4;1;8;100;50;1","sacrifice;pvs;64;0;1;1;-50;200;1;20;25;3;2;1;3;3;2;0;3;3;1;3;150;150;600;1;1000;4;1;8;100;50;1","independent;pvs;64;0;1;1;-50;200;1;20;25;3;2;1;3;3;2;0;3;3;1;3;150;150;600;1;1000;4;1;8;100;50;1","request;pvs;64;0;1;1;-50;200;1;20;25;3;2;1;3;3;2;0;3;3;1;3;150;150;600;1;1000;4;1;8;100;50;1","rnbqkbnr/pppppppp/8/8/8/8/PPPPPPPP/RNBQKBNR w KQkq - 0 1","rnbqkbnr/pppppppp/8/8/8/8/PPPPPPPP/RNBQKBNR w KQkq - 0 1","0:0:0:0:0|0:0:0:0:0|0:0:0:0:0|0:0:0:0:0","759421758207090123:0:0",180000,180000,180000,180000,2000,real,1000,0,0,0,0,5,0,0,0,0,100,155387,164785,160310,148250,18,18,16,16,34,34,34,0,15,5,0,3,0,0,0,0,10,0,0,0,4,0,0
0,11035599632297302634,0,5217400152003841001,ongoing,-1,ply_limit,100,"request;pvs;64;0;1;1;-50;200;1;20;25;3;2;1;3;3;2;0;3;3;1;3;150;150;600;1;1000;4;1;8;100;50;1","sacrifice;pvs;64;0;1;1;-50;200;1;20;25;3;2;1;3;3;2;0;3;3;1;3;150;150;600;1;1000;4;1;8;100;50;1","independent;pvs;64;0;1;1;-50;200;1;20;25;3;2;1;3;3;2;0;3;3;1;3;150;150;600;1;1000;4;1;8;100;50;1","shared_value;pvs;64;0;1;1;-50;200;1;20;25;3;2;1;3;3;2;0;3;3;1;3;150;150;600;1;1000;4;1;8;100;50;1","rnbqkbnr/pppppppp/8/8/8/8/PPPPPPPP/RNBQKBNR w KQkq - 0 1","rnbqkbnr/pppppppp/8/8/8/8/PPPPPPPP/RNBQKBNR w KQkq - 0 1","0:0:0:0:0|0:0:0:0:0|0:0:0:0:0|0:0:0:0:0","759421758207090123:0:0",180000,180000,180000,180000,2000,real,1000,0,0,0,0,5,0,0,0,0,100,258961,253694,180505,183313,43,43,7,7,43,43,43,0,23,21,0,16,5,0,0,0,10,0,0,0,1,0,0
0,11035599632297302697,0,5217400152003841000,team_a_wins,0,game_over,42,"request;pvs;64;0;1;1;-50;200;1;20;25;3;2;1;3;3;2;0;3;3;1;3;150;150;600;1;1000;4;1;8;100;50;1","sacrifice;pvs;64;0;1;1;-50;200;1;20;25;3;2;1;3;3;2;0;3;3;1;3;150;150;600;1;1000;4;1;8;100;50;1","independent;pvs;64;0;1;1;-50;200;1;20;25;3;2;1;3;3;2;0;3;3;1;3;150;150;600;1;1000;4;1;8;100;50;1","sacrifice;pvs;64;0;1;1;-50;200;1;20;25;3;2;1;3;3;2;0;3;3;1;3;150;150;600;1;1000;4;1;8;100;50;1","rnbqkbnr/pppppppp/8/8/8/8/PPPPPPPP/RNBQKBNR w KQkq - 0 1","rnbqkbnr/pppppppp/8/8/8/8/PPPPPPPP/RNBQKBNR w KQkq - 0 1","0:0:0:0:0|0:0:0:0:0|0:0:0:0:0|0:0:0:0:0","759421758207090123:0:0",180000,180000,180000,180000,2000,real,1000,0,0,0,0,5,0,0,0,0,100,181644,188452,185637,183002,12,11,9,10,12,12,12,0,9,6,0,5,0,0,0,0,5,0,0,0,2,0,0
0,11035599632297356184,0,5217400152003840806,ongoing,-1,invalid_agent_move,65,"request;pvs;64;0;1;1;-50;200;1;20;25;3;2;1;3;3;2;0;3;3;1;3;150;150;600;1;1000;4;1;8;100;50;1","sacrifice;pvs;64;0;1;1;-50;200;1;20;25;3;2;1;3;3;2;0;3;3;1;3;150;150;600;1;1000;4;1;8;100;50;1","request;pvs;64;0;1;1;-50;200;1;20;25;3;2;1;3;3;2;0;3;3;1;3;150;150;600;1;1000;4;1;8;100;50;1","independent;pvs;64;0;1;1;-50;200;1;20;25;3;2;1;3;3;2;0;3;3;1;3;150;150;600;1;1000;4;1;8;100;50;1","rnbqkbnr/pppppppp/8/8/8/8/PPPPPPPP/RNBQKBNR w KQkq - 0 1","rnbqkbnr/pppppppp/8/8/8/8/PPPPPPPP/RNBQKBNR w KQkq - 0 1","0:0:0:0:0|0:0:0:0:0|0:0:0:0:0|0:0:0:0:0","759421758207090123:0:0",180000,180000,180000,180000,2000,real,1000,0,0,0,0,5,0,0,0,0,100,160558,184158,156000,162805,19,19,13,14,32,32,32,1,12,5,0,3,0,0,0,0,10,0,0,0,3,0,0
0,11035599632297356248,0,5217400152003840807,ongoing,-1,ply_limit,100,"request;pvs;64;0;1;1;-50;200;1;20;25;3;2;1;3;3;2;0;3;3;1;3;150;150;600;1;1000;4;1;8;100;50;1","sacrifice;pvs;64;0;1;1;-50;200;1;20;25;3;2;1;3;3;2;0;3;3;1;3;150;150;600;1;1000;4;1;8;100;50;1","request;pvs;64;0;1;1;-50;200;1;20;25;3;2;1;3;3;2;0;3;3;1;3;150;150;600;1;1000;4;1;8;100;50;1","request;pvs;64;0;1;1;-50;200;1;20;25;3;2;1;3;3;2;0;3;3;1;3;150;150;600;1;1000;4;1;8;100;50;1","rnbqkbnr/pppppppp/8/8/8/8/PPPPPPPP/RNBQKBNR w KQkq - 0 1","rnbqkbnr/pppppppp/8/8/8/8/PPPPPPPP/RNBQKBNR w KQkq - 0 1","0:0:0:0:0|0:0:0:0:0|0:0:0:0:0|0:0:0:0:0","759421758207090123:0:0",180000,180000,180000,180000,2000,real,1000,0,0,0,0,5,0,0,0,0,100,172495,177435,239337,235379,9,8,41,42,92,91,92,1,26,2,0,2,0,0,0,0,14,0,0,0,7,1,0.142857
0,11035599632297355801,0,5217400152003840808,ongoing,-1,ply_limit,100,"request;pvs;64;0;1;1;-50;200;1;20;25;3;2;1;3;3;2;0;3;3;1;3;150;150;600;1;1000;4;1;8;100;50;1","sacrifice;pvs;64;0;1;1;-50;200;1;20;25;3;2;1;3;3;2;0;3;3;1;3;150;150;600;1;1000;4;1;8;100;50;1","request;pvs;64;0;1;1;-50;200;1;20;25;3;2;1;3;3;2;0;3;3;1;3;150;150;600;1;1000;4;1;8;100;50;1","shared_value;pvs;64;0;1;1;-50;200;1;20;25;3;2;1;3;3;2;0;3;3;1;3;150;150;600;1;1000;4;1;8;100;50;1","rnbqkbnr/pppppppp/8/8/8/8/PPPPPPPP/RNBQKBNR w KQkq - 0 1","rnbqkbnr/pppppppp/8/8/8/8/PPPPPPPP/RNBQKBNR w KQkq - 0 1","0:0:0:0:0|0:0:0:0:0|0:0:0:0:0|0:0:0:0:0","759421758207090123:0:0",180000,180000,180000,180000,2000,real,1000,0,0,0,0,5,0,0,0,0,100,222177,216840,199361,203637,30,29,20,21,50,50,50,0,8,55,0,54,0,0,0,0,8,0,0,0,1,0,0
0,11035599632297355866,0,5217400152003840809,ongoing,-1,ply_limit,100,"request;pvs;64;0;1;1;-50;200;1;20;25;3;2;1;3;3;2;0;3;3;1;3;150;150;600;1;1000;4;1;8;100;50;1","sacrifice;pvs;64;0;1;1;-50;200;1;20;25;3;2;1;3;3;2;0;3;3;1;3;150;150;600;1;1000;4;1;8;100;50;1","request;pvs;64;0;1;1;-50;200;1;20;25;3;2;1;3;3;2;0;3;3;1;3;150;150;600;1;1000;4;1;8;100;50;1","sacrifice;pvs;64;0;1;1;-50;200;1;20;25;3;2;1;3;3;2;0;3;3;1;3;150;150;600;1;1000;4;1;8;100;50;1","rnbqkbnr/pppppppp/8/8/8/8/PPPPPPPP/RNBQKBNR w KQkq - 0 1","rnbqkbnr/pppppppp/8/8/8/8/PPPPPPPP/RNBQKBNR w KQkq - 0 1","0:0:0:0:0|0:0:0:0:0|0:0:0:0:0|0:0:0:0:0","759421758207090123:0:0",180000,180000,180000,180000,2000,real,1000,0,0,0,0,5,0,0,0,0,100,265359,259301,181764,181105,45,44,5,6,50,50,50,2,16,4,0,4,0,0,0,0,10,0,0,0,0,0,0
0,11035599632297343561,0,5217400152003840613,team_b_wins,1,game_over,100,"request;pvs;64;0;1;1;-50;200;1;20;25;3;2;1;3;3;2;0;3;3;1;3;150;150;600;1;1000;4;1;8;100;50;1","sacrifice;pvs;64;0;1;1;-50;200;1;20;25;3;2;1;3;3;2;0;3;3;1;3;150;150;600;1;1000;4;1;8;100;50;1","shared_value;pvs;64;0;1;1;-50;200;1;20;25;3;2;1;3;3;2;0;3;3;1;3;150;150;600;1;1000;4;1;8;100;50;1","independent;pvs;64;0;1;1;-50;200;1;20;25;3;2;1;3;3;2;0;3;3;1;3;150;150;600;1;1000;4;1;8;100;50;1","rnbqkbnr/pppppppp/8/8/8/8/PPPPPPPP/RNBQKBNR w KQkq - 0 1","rnbqkbnr/pppppppp/8/8/8/8/PPPPPPPP/RNBQKBNR w KQkq - 0 1","0:0:0:0:0|0:0:0:0:0|0:0:0:0:0|0:0:0:0:0","759421758207090123:0:0",180000,180000,180000,180000,2000,real,1000,0,0,0,0,5,0,0,0,0,100,143250,144797,166925,168470,19,18,31,32,19,19,19,1,23,3,0,3,0,0,0,0,17,2,8,0.117647,9,0,0
0,11035599632297344394,0,5217400152003840612,team_b_wins,1,game_over,92,"request;pvs;64;0;1;1;-50;200;1;20;25;3;2;1;3;3;2;0;3;3;1;3;150;150;600;1;1000;4;1;8;100;50;1","sacrifice;pvs;64;0;1;1;-50;200;1;20;25;3;2;1;3;3;2;0;3;3;1;3;150;150;600;1;1000;4;1;8;100;50;1","shared_value;pvs;64;0;1;1;-50;200;1;20;25;3;2;1;3;3;2;0;3;3;1;3;150;150;600;1;1000;4;1;8;100;50;1","request;pvs;64;0;1;1;-50;200;1;20;25;3;2;1;3;3;2;0;3;3;1;3;150;150;600;1;1000;4;1;8;100;50;1","rnbqkbnr/pppppppp/8/8/8/8/PPPPPPPP/RNBQKBNR w KQkq - 0 1","rnbqkbnr/pppppppp/8/8/8/8/PPPPPPPP/RNBQKBNR w KQkq - 0 1","0:0:0:0:0|0:0:0:0:0|0:0:0:0:0|0:0:0:0:0","759421758207090123:0:0",180000,180000,180000,180000,2000,real,1000,0,0,0,0,5,0,0,0,0,100,177982,168399,217754,211095,13,13,33,33,46,46,46,2,20,13,0,11,0,0,0,0,14,3,12,0.214286,8,0,0
0,11035599632297343797,0,5217400152003840619,ongoing,-1,ply_limit,100,"request;pvs;64;0;1;1;-50;200;1;20;25;3;2;1;3;3;2;0;3;3;1;3;150;150;600;1;1000;4;1;8;100;50;1","sacrifice;pvs;64;0;1;1;-50;200;1;20;25;3;2;1;3;3;2;0;3;3;1;3;150;150;600;1;1000;4;1;8;100;50;1","shared_value;pvs;64;0;1;1;-50;200;1;20;25;3;2;1;3;3;2;0;3;3;1;3;150;150;600;1;1000;4;1;8;100;50;1","shared_value;pvs;64;0;1;1;-50;200;1;20;25;3;2;1;3;3;2;0;3;3;1;3;150;150;600;1;1000;4;1;8;100;50;1","rnbqkbnr/pppppppp/8/8/8/8/PPPPPPPP/RNBQKBNR w KQkq - 0 1","rnbqkbnr/pppppppp/8/8/8/8/PPPPPPPP/RNBQKBNR w KQkq - 0 1","0:0:0:0:0|0:0:0:0:0|0:0:0:0:0|0:0:0:0:0","759421758207090123:0:0",180000,180000,180000,180000,2000,real,1000,0,0,0,0,5,0,0,0,0,100,259324,253114,183360,184523,43,43,7,7,43,43,43,0,7,82,0,55,0,0,0,0,4,0,0,0,0,0,0
0,11035599632297343755,0,5217400152003840618,ongoing,-1,ply_limit,100,"request;pvs;64;0;1;1;-50;200;1;20;25;3;2;1;3;3;2;0;3;3;1;3;150;150;600;1;1000;4;1;8;100;50;1","sacrifice;pvs;64;0;1;1;-50;200;1;20;25;3;2;1;3;3;2;0;3;3;1;3;150;150;600;1;1000;4;1;8;100;50;1","shared_value;pvs;64;0;1;1;-50;200;1;20;25;3;2;1;3;3;2;0;3;3;1;3;150;150;600;1;1000;4;1;8;100;50;1","sacrifice;pvs;64;0;1;1;-50;200;1;20;25;3;2;1;3;3;2;0;3;3;1;3;150;150;600;1;1000;4;1;8;100;50;1","rnbqkbnr/pppppppp/8/8/8/8/PPPPPPPP/RNBQKBNR w KQkq - 0 1","rnbqkbnr/pppppppp/8/8/8/8/PPPPPPPP/RNBQKBNR w KQkq - 0 1","0:0:0:0:0|0:0:0:0:0|0:0:0:0:0|0:0:0:0:0","759421758207090123:0:0",180000,180000,180000,180000,2000,real,1000,0,0,0,0,5,0,0,0,0,100,265319,257685,181591,182750,45,44,5,6,45,45,45,0,21,25,0,22,0,0,0,0,10,0,0,0,1,0,0
0,11035599632297298938,0,5217400152003840932,team_b_wins,1,game_over,66,"request;pvs;64;0;1;1;-50;200;1;20;25;3;2;1;3;3;2;0;3;3;1;3;150;150;600;1;1000;4;1;8;100;50;1","sacrifice;pvs;64;0;1;1;-50;200;1;20;25;3;2;1;3;3;2;0;3;3;1;3;150;150;600;1;1000;4;1;8;100;50;1","sacrifice;pvs;64;0;1;1;-50;200;1;20;25;3;2;1;3;3;2;0;3;3;1;3;150;150;600;1;1000;4;1;8;100;50;1","independent;pvs;64;0;1;1;-50;200;1;20;25;3;2;1;3;3;2;0;3;3;1;3;150;150;600;1;1000;4;1;8;100;50;1","rnbqkbnr/pppppppp/8/8/8/8/PPPPPPPP/RNBQKBNR w KQkq - 0 1","rnbqkbnr/pppppppp/8/8/8/8/PPPPPPPP/RNBQKBNR w KQkq - 0 1","0:0:0:0:0|0:0:0:0:0|0:0:0:0:0|0:0:0:0:0","759421758207090123:0:0",180000,180000,180000,180000,2000,real,1000,0,0,0,0,5,0,0,0,0,100,150810,150353,155989,157158,15,14,18,19,15,15,15,1,20,6,0,5,0,0,0,0,12,0,0,0,7,3,0.428571
0,11035599632297298745,0,5217400152003840933,ongoing,-1,invalid_agent_move,65,"request;pvs;64;0;1;1;-50;200;1;20;25;3;2;1;3;3;2;0;3;3;1;3;150;150;600;1;1000;4;1;8;100;50;1","sacrifice;pvs;64;0;1;1;-50;200;1;20;25;3;2;1;3;3;2;0;3;3;1;3;150;150;600;1;1000;4;1;8;100;50;1","sacrifice;pvs;64;0;1;1;-50;200;1;20;25;3;2;1;3;3;2;0;3;3;1;3;150;150;600;1;1000;4;1;8;100;50;1","request;pvs;64;0;1;1;-50;200;1;20;25;3;2;1;3;3;2;0;3;3;1;3;150;150;600;1;1000;4;1;8;100;50;1","rnbqkbnr/pppppppp/8/8/8/8/PPPPPPPP/RNBQKBNR w KQkq - 0 1","rnbqkbnr/pppppppp/8/8/8/8/PPPPPPPP/RNBQKBNR w KQkq - 0 1","0:0:0:0:0|0:0:0:0:0|0:0:0:0:0|0:0:0:0:0","759421758207090123:0:0",180000,180000,180000,180000,2000,real,1000,0,0,0,0,5,0,0,0,0,100,160305,164452,177852,178990,12,11,21,21,33,33,33,0,19,6,0,1,0,0,0,0,12,1,2,0.0416667,4,1,0.25
0,11035599632297298555,0,5217400152003840938,ongoing,-1,ply_limit,100,"request;pvs;64;0;1;1;-50;200;1;20;25;3;2;1;3;3;2;0;3;3;1;3;150;150;600;1;1000;4;1;8;100;50;1","sacrifice;pvs;64;0;1;1;-50;200;1;20;25;3;2;1;3;3;2;0;3;3;1;3;150;150;600;1;1000;4;1;8;100;50;1","sacrifice;pvs;64;0;1;1;-50;200;1;20;25;3;2;1;3;3;2;0;3;3;1;3;150;150;600;1;1000;4;1;8;100;50;1","shared_value;pvs;64;0;1;1;-50;200;1;20;25;3;2;1;3;3;2;0;3;3;1;3;150;150;600;1;1000;4;1;8;100;50;1","rnbqkbnr/pppppppp/8/8/8/8/PPPPPPPP/RNBQKBNR w KQkq - 0 1","rnbqkbnr/pppppppp/8/8/8/8/PPPPPPPP/RNBQKBNR w KQkq - 0 1","0:0:0:0:0|0:0:0:0:0|0:0:0:0:0|0:0:0:0:0","759421758207090123:0:0",180000,180000,180000,180000,2000,real,1000,0,0,0,0,5,0,0,0,0,100,242280,230959,172157,171381,41,40,9,10,41,41,41,0,22,39,0,23,3,0,0,0,11,0,0,0,3,0,0
0,11035599632297298373,0,5217400152003840939,ongoing,-1,ply_limit,100,"request;pvs;64;0;1;1;-50;200;1;20;25;3;2;1;3;3;2;0;3;3;1;3;150;150;600;1;1000;4;1;8;100;50;1","sacrifice;pvs;64;0;1;1;-50;200;1;20;25;3;2;1;3;3;2;0;3;3;1;3;150;150;600;1;1000;4;1;8;100;50;1","sacrifice;pvs;64;0;1;1;-50;200;1;20;25;3;2;1;3;3;2;0;3;3;1;3;150;150;600;1;1000;4;1;8;100;50;1","sacrifice;pvs;64;0;1;1;-50;200;1;20;25;3;2;1;3;3;2;0;3;3;1;3;150;150;600;1;1000;4;1;8;100;50;1","rnbqkbnr/pppppppp/8/8/8/8/PPPPPPPP/RNBQKBNR w KQkq - 0 1","rnbqkbnr/pppppppp/8/8/8/8/PPPPPPPP/RNBQKBNR w KQkq - 0 1","0:0:0:0:0|0:0:0:0:0|0:0:0:0:0|0:0:0:0:0","759421758207090123:0:0",180000,180000,180000,180000,2000,real,1000,0,0,0,0,5,0,0,0,0,100,203497,201733,151986,154014,37,37,13,13,37,37,37,0,25,28,0,24,1,0,0,0,14,0,0,0,5,0,0
0,11035599632281293750,0,5217400152004631161,team_b_wins,1,game_over,67,"shared_value;pvs;64;0;1;1;-50;200;1;20;25;3;2;1;3;3;2;0;3;3;1;3;150;150;600;1;1000;4;1;8;100;50;1","independent;pvs;64;0;1;1;-50;200;1;20;25;3;2;1;3;3;2;0;3;3;1;3;150;150;600;1;1000;4;1;8;100;50;1","independent;pvs;64;0;1;1;-50;200;1;20;25;3;2;1;3;3;2;0;3;3;1;3;150;150;600;1;1000;4;1;8;100;50;1","independent;pvs;64;0;1;1;-50;200;1;20;25;3;2;1;3;3;2;0;3;3;1;3;150;150;600;1;1000;4;1;8;100;50;1","rnbqkbnr/pppppppp/8/8/8/8/PPPPPPPP/RNBQKBNR w KQkq - 0 1","rnbqkbnr/pppppppp/8/8/8/8/PPPPPPPP/RNBQKBNR w KQkq - 0 1","0:0:0:0:0|0:0:0:0:0|0:0:0:0:0|0:0:0:0:0","759421758207090123:0:0",180000,180000,180000,180000,2000,real,1000,0,0,0,0,5,0,0,0,0,100,168156,166997,196897,197618,9,9,24,25,0,0,0,0,19,0,0,0,0,0,0,0,11,0,0,0,3,0,0
0,11035599632281293429,0,5217400152004631160,ongoing,-1,ply_limit,100,"shared_value;pvs;64;0;1;1;-50;200;1;20;25;3;2;1;3;3;2;0;3;3;1;3;150;150;600;1;1000;4;1;8;100;50;1","independent;pvs;64;0;1;1;-50;200;1;20;25;3;2;1;3;3;2;0;3;3;1;3;150;150;600;1;1000;4;1;8;100;50;1","independent;pvs;64;0;1;1;-50;200;1;20;25;3;2;1;3;3;2;0;3;3;1;3;150;150;600;1;1000;4;1;8;100;50;1","request;pvs;64;0;1;1;-50;200;1;20;25;3;2;1;3;3;2;0;3;3;1;3;150;150;600;1;1000;4;1;8;100;50;1","rnbqkbnr/pppppppp/8/8/8/8/PPPPPPPP/RNBQKBNR w KQkq - 0 1","rnbqkbnr/pppppppp/8/8/8/8/PPPPPPPP/RNBQKBNR w KQkq - 0 1","0:0:0:0:0|0:0:0:0:0|0:0:0:0:0|0:0:0:0:0","759421758207090123:0:0",180000,180000,180000,180000,2000,real,1000,0,0,0,0,5,0,0,0,0,100,188256,181753,266605,265603,5,5,45,45,45,45,45,0,18,0,0,0,0,0,0,0,11,1,4,0.0909091,1,0,0
0,11035599632281292846,0,5217400152004631167,ongoing,-1,invalid_agent_move,88,"shared_value;pvs;64;0;1;1;-50;200;1;20;25;3;2;1;3;3;2;0;3;3;1;3;150;150;600;1;1000;4;1;8;100;50;1","independent;pvs;64;0;1;1;-50;200;1;20;25;3;2;1;3;3;2;0;3;3;1;3;150;150;600;1;1000;4;1;8;100;50;1","independent;pvs;64;0;1;1;-50;200;1;20;25;3;2;1;3;3;2;0;3;3;1;3;150;150;600;1;1000;4;1;8;100;50;1","shared_value;pvs;64;0;1;1;-50;200;1;20;25;3;2;1;3;3;2;0;3;3;1;3;150;150;600;1;1000;4;1;8;100;50;1","rnbqkbnr/pppppppp/8/8/8/8/PPPPPPPP/RNBQKBNR w KQkq - 0 1","rnbqkbnr/pppppppp/8/8/8/8/PPPPPPPP/RNBQKBNR w KQkq - 0 1","0:0:0:0:0|0:0:0:0:0|0:0:0:0:0|0:0:0:0:0","759421758207090123:0:0",180000,180000,180000,180000,2000,real,1000,0,0,0,0,5,0,0,0,0,100,151453,122190,134278,138534,23,22,21,22,0,0,0,0,26,0,0,0,0,0,0,0,17,0,0,0,10,2,0.2
0,11035599632281293034,0,5217400152004631166,ongoing,-1,invalid_agent_move,79,"shared_value;pvs;64;0;1;1;-50;200;1;20;25;3;2;1;3;3;2;0;3;3;1;3;150;150;600;1;1000;4;1;8;100;50;1","independent;pvs;64;0;1;1;-50;200;1;20;25;3;2;1;3;3;2;0;3;3;1;3;150;150;600;1;1000;4;1;8;100;50;1","independent;pvs;64;0;1;1;-50;200;1;20;25;3;2;1;3;3;2;0;3;3;1;3;150;150;600;1;1000;4;1;8;100;50;1","sacrifice;pvs;64;0;1;1;-50;200;1;20;25;3;2;1;3;3;2;0;3;3;1;3;150;150;600;1;1000;4;1;8;100;50;1","rnbqkbnr/pppppppp/8/8/8/8/PPPPPPPP/RNBQKBNR w KQkq - 0 1","rnbqkbnr/pppppppp/8/8/8/8/PPPPPPPP/RNBQKBNR w KQkq - 0 1","0:0:0:0:0|0:0:0:0:0|0:0:0:0:0|0:0:0:0:0","759421758207090123:0:0",180000,180000,180000,180000,2000,real,1000,0,0,0,0,5,0,0,0,0,100,161841,160968,184825,191085,13,13,26,27,0,0,0,0,24,4,0,3,0,0,0,0,15,1,4,0.0666667,5,0,0
0,11035599632281250784,0,5217400152004631601,ongoing,-1,invalid_agent_move,56,"shared_value;pvs;64;0;1;1;-50;200;1;20;25;3;2;1;3;3;2;0;3;3;1;3;150;150;600;1;1000;4;1;8;100;50;1","independent;pvs;64;0;1;1;-50;200;1;20;25;3;2;1;3;3;2;0;3;3;1;3;150;150;600;1;1000;4;1;8;100;50;1","request;pvs;64;0;1;1;-50;200;1;20;25;3;2;1;3;3;2;0;3;3;1;3;150;150;600;1;1000;4;1;8;100;50;1","independent;pvs;64;0;1;1;-50;200;1;20;25;3;2;1;3;3;2;0;3;3;1;3;150;150;600;1;1000;4;1;8;100;50;1","rnbqkbnr/pppppppp/8/8/8/8/PPPPPPPP/RNBQKBNR w KQkq - 0 1","rnbqkbnr/pppppppp/8/8/8/8/PPPPPPPP/RNBQKBNR w KQkq - 0 1","0:0:0:0:0|0:0:0:0:0|0:0:0:0:0|0:0:0:0:0","759421758207090123:0:0",180000,180000,180000,180000,2000,real,1000,0,0,0,0,5,0,0,0,0,100,168332,167158,186405,192183,9,8,19,20,19,19,19,0,13,0,0,0,0,0,0,0,10,0,0,0,2,0,0
0,11035599632281250721,0,5217400152004631602,ongoing,-1,invalid_agent_move,52,"shared_value;pvs;64;0;1;1;-50;200;1;20;25;3;2;1;3;3;2;0;3;3;1;3;150;150;600;1;1000;4;1;8;100;50;1","independent;pvs;64;0;1;1;-50;200;1;20;25;3;2;1;3;3;2;0;3;3;1;3;150;150;600;1;1000;4;1;8;100;50;1","request;pvs;64;0;1;1;-50;200;1;20;25;3;2;1;3;3;2;0;3;3;1;3;150;150;600;1;1000;4;1;8;100;50;1","request;pvs;64;0;1;1;-50;200;1;20;25;3;2;1;3;3;2;0;3;3;1;3;150;150;600;1;1000;4;1;8;100;50;1","rnbqkbnr/pppppppp/8/8/8/8/PPPPPPPP/RNBQKBNR w KQkq - 0 1","rnbqkbnr/pppppppp/8/8/8/8/PPPPPPPP/RNBQKBNR w KQkq - 0 1","0:0:0:0:0|0:0:0:0:0|0:0:0:0:0|0:0:0:0:0","759421758207090123:0:0",180000,180000,180000,180000,2000,real,1000,0,0,0,0,5,0,0,0,0,100,177996,171872,200878,193525,7,7,19,19,38,38,38,0,12,0,0,0,0,0,0,0,9,0,0,0,0,0,0
0,11035599632281250927,0,5217400152004631603,ongoing,-1,ply_limit,100,"shared_value;pvs;64;0;1;1;-50;200;1;20;25;3;2;1;3;3;2;0;3;3;1;3;150;150;600;1;1000;4;1;8;100;50;1","independent;pvs;64;0;1;1;-50;200;1;20;25;3;2;1;3;3;2;0;3;3;1;3;150;150;600;1;1000;4;1;8;100;50;1","request;pvs;64;0;1;1;-50;200;1;20;25;3;2;1;3;3;2;0;3;3;1;3;150;150;600;1;1000;4;1;8;100;50;1","shared_value;pvs;64;0;1;1;-50;200;1;20;25;3;2;1;3;3;2;0;3;3;1;3;150;150;600;1;1000;4;1;8;100;50;1","rnbqkbnr/pppppppp/8/8/8/8/PPPPPPPP/RNBQKBNR w KQkq - 0 1","rnbqkbnr/pppppppp/8/8/8/8/PPPPPPPP/RNBQKBNR w KQkq - 0 1","0:0:0:0:0|0:0:0:0:0|0:0:0:0:0|0:0:0:0:0","759421758207090123:0:0",180000,180000,180000,180000,2000,real,1000,0,0,0,0,5,0,0,0,0,100,172565,166985,141748,152655,32,31,18,19,18,18,18,2,26,0,0,0,0,0,0,0,20,0,0,0,8,0,0
0,11035599632281250340,0,5217400152004631596,team_b_wins,1,game_over,92,"shared_value;pvs;64;0;1;1;-50;200;1;20;25;3;2;1;3;3;2;0;3;3;1;3;150;150;600;1;1000;4;1;8;100;50;1","independent;pvs;64;0;1;1;-50;200;1;20;25;3;2;1;3;3;2;0;3;3;1;3;150;150;600;1;1000;4;1;8;100;50;1","request;pvs;64;0;1;1;-50;200;1;20;25;3;2;1;3;3;2;0;3;3;1;3;150;150;600;1;1000;4;1;8;100;50;1","sacrifice;pvs;64;0;1;1;-50;200;1;20;25;3;2;1;3;3;2;0;3;3;1;3;150;150;600;1;1000;4;1;8;100;50;1","rnbqkbnr/pppppppp/8/8/8/8/PPPPPPPP/RNBQKBNR w KQkq - 0 1","rnbqkbnr/pppppppp/8/8/8/8/PPPPPPPP/RNBQKBNR w KQkq - 0 1","0:0:0:0:0|0:0:0:0:0|0:0:0:0:0|0:0:0:0:0","759421758207090123:0:0",180000,180000,180000,180000,2000,real,1000,0,0,0,0,5,0,0,0,0,100,163118,126026,134916,135340,26,26,20,20,20,20,20,3,28,4,0,4,1,0,0,0,17,0,0,0,14,1,0.0714286
0,11035599632281270931,0,5217400152004631792,team_b_wins,1,game_over,59,"shared_value;pvs;64;0;1;1;-50;200;1;20;25;3;2;1;3;3;2;0;3;3;1;3;150;150;600;1;1000;4;1;8;100;50;1","independent;pvs;64;0;1;1;-50;200;1;20;25;3;2;1;3;3;2;0;3;3;1;3;150;150;600;1;1000;4;1;8;100;50;1","shared_value;pvs;64;0;1;1;-50;200;1;20;25;3;2;1;3;3;2;0;3;3;1;3;150;150;600;1;1000;4;1;8;100;50;1","independent;pvs;64;0;1;1;-50;200;1;20;25;3;2;1;3;3;2;0;3;3;1;3;150;150;600;1;1000;4;1;8;100;50;1","rnbqkbnr/pppppppp/8/8/8/8/PPPPPPPP/RNBQKBNR w KQkq - 0 1","rnbqkbnr/pppppppp/8/8/8/8/PPPPPPPP/RNBQKBNR w KQkq - 0 1","0:0:0:0:0|0:0:0:0:0|0:0:0:0:0|0:0:0:0:0","759421758207090123:0:0",180000,180000,180000,180000,2000,real,1000,0,0,0,0,5,0,0,0,0,100,179323,173164,169044,166877,17,17,12,13,0,0,0,0,14,0,0,0,0,0,0,0,13,1,4,0.0769231,3,1,0.333333
0,11035599632281271647,0,5217400152004631795,team_a_wins,0,game_over,88,"shared_value;pvs;64;0;1;1;-50;200;1;20;25;3;2;1;3;3;2;0;3;3;1;3;150;150;600;1;1000;4;1;8;100;50;1","independent;pvs;64;0;1;1;-50;200;1;20;25;3;2;1;3;3;2;0;3;3;1;3;150;150;600;1;1000;4;1;8;100;50;1","shared_value;pvs;64;0;1;1;-50;200;1;20;25;3;2;1;3;3;2;0;3;3;1;3;150;150;600;1;1000;4;1;8;100;50;1","request;pvs;64;0;1;1;-50;200;1;20;25;3;2;1;3;3;2;0;3;3;1;3;150;150;600;1;1000;4;1;8;100;50;1","rnbqkbnr/pppppppp/8/8/8/8/PPPPPPPP/RNBQKBNR w KQkq - 0 1","rnbqkbnr/pppppppp/8/8/8/8/PPPPPPPP/RNBQKBNR w KQkq - 0 1","0:0:0:0:0|0:0:0:0:0|0:0:0:0:0|0:0:0:0:0","759421758207090123:0:0",180000,180000,180000,180000,2000,real,1000,0,0,0,0,5,0,0,0,0,100,168818,177876,153631,148251,28,27,16,17,17,17,17,0,23,0,0,0,0,0,0,0,13,1,4,0.0769231,8,1,0.125
0,11035599632281271569,0,5217400152004631794,ongoing,-1,ply_limit,100,"shared_value;pvs;64;0;1;1;-50;200;1;20;25;3;2;1;3;3;2;0;3;3;1;3;150;150;600;1;1000;4;1;8;100;50;1","independent;pvs;64;0;1;1;-50;200;1;20;25;3;2;1;3;3;2;0;3;3;1;3;150;150;600;1;1000;4;1;8;100;50;1","shared_value;pvs;64;0;1;1;-50;200;1;20;25;3;2;1;3;3;2;0;3;3;1;3;150;150;600;1;1000;4;1;8;100;50;1","shared_value;pvs;64;0;1;1;-50;200;1;20;25;3;2;1;3;3;2;0;3;3;1;3;150;150;600;1;1000;4;1;8;100;50;1","rnbqkbnr/pppppppp/8/8/8/8/PPPPPPPP/RNBQKBNR w KQkq - 0 1","rnbqkbnr/pppppppp/8/8/8/8/PPPPPPPP/RNBQKBNR w KQkq - 0 1","0:0:0:0:0|0:0:0:0:0|0:0:0:0:0|0:0:0:0:0","759421758207090123:0:0",180000,180000,180000,180000,2000,real,1000,0,0,0,0,5,0,0,0,0,100,251170,256377,184155,179628,43,42,7,8,0,0,0,0,21,0,0,0,0,0,0,0,11,1,3,0.0681818,2,0,0
0,11035599632281271255,0,5217400152004631789,ongoing,-1,ply_limit,100,"shared_value;pvs;64;0;1;1;-50;200;1;20;25;3;2;1;3;3;2;0;3;3;1;3;150;150;600;1;1000;4;1;8;100;50;1","independent;pvs;64;0;1;1;-50;200;1;20;25;3;2;1;3;3;2;0;3;3;1;3;150;150;600;1;1000;4;1;8;100;50;1","shared_value;pvs;64;0;1;1;-50;200;1;20;25;3;2;1;3;3;2;0;3;3;1;3;150;150;600;1;1000;4;1;8;100;50;1","sacrifice;pvs;64;0;1;1;-50;200;1;20;25;3;2;1;3;3;2;0;3;3;1;3;150;150;600;1;1000;4;1;8;100;50;1","rnbqkbnr/pppppppp/8/8/8/8/PPPPPPPP/RNBQKBNR w KQkq - 0 1","rnbqkbnr/pppppppp/8/8/8/8/PPPPPPPP/RNBQKBNR w KQkq - 0 1","0:0:0:0:0|0:0:0:0:0|0:0:0:0:0|0:0:0:0:0","759421758207090123:0:0",180000,180000,180000,180000,2000,real,1000,0,0,0,0,5,0,0,0,0,100,256809,259600,185592,179870,44,43,6,7,0,0,0,0,14,6,0,6,0,0,0,0,8,0,0,0,0,0,0
0,11035599632281259151,0,5217400152004631731,ongoing,-1,ply_limit,100,"shared_value;pvs;64;0;1;1;-50;200;1;20;25;3;2;1;3;3;2;0;3;3;1;3;150;150;600;1;1000;4;1;8;100;50;1","independent;pvs;64;0;1;1;-50;200;1;20;25;3;2;1;3;3;2;0;3;3;1;3;150;150;600;1;1000;4;1;8;100;50;1","sacrifice;pvs;64;0;1;1;-50;200;1;20;25;3;2;1;3;3;2;0;3;3;1;3;150;150;600;1;1000;4;1;8;100;50;1","independent;pvs;64;0;1;1;-50;200;1;20;25;3;2;1;3;3;2;0;3;3;1;3;150;150;600;1;1000;4;1;8;100;50;1","rnbqkbnr/pppppppp/8/8/8/8/PPPPPPPP/RNBQKBNR w KQkq - 0 1","rnbqkbnr/pppppppp/8/8/8/8/PPPPPPPP/RNBQKBNR w KQkq - 0 1","0:0:0:0:0|0:0:0:0:0|0:0:0:0:0|0:0:0:0:0","759421758207090123:0:0",180000,180000,180000,180000,2000,real,1000,0,0,0,0,5,0,0,0,0,100,183342,182669,259289,263264,6,6,44,44,0,0,0,0,19,8,0,5,0,0,0,0,10,0,0,0,0,0,0
0,11035599632281258819,0,5217400152004631728,ongoing,-1,ply_limit,100,"shared_value;pvs;64;0;1;1;-50;200;1;20;25;3;2;1;3;3;2;0;3;3;1;3;150;150;600;1;1000;4;1;8;100;50;1","independent;pvs;64;0;1;1;-50;200;1;20;25;3;2;1;3;3;2;0;3;3;1;3;150;150;600;1;1000;4;1;8;100;50;1","sacrifice;pvs;64;0;1;1;-50;200;1;20;25;3;2;1;3;3;2;0;3;3;1;3;150;150;600;1;1000;4;1;8;100;50;1","request;pvs;64;0;1;1;-50;200;1;20;25;3;2;1;3;3;2;0;3;3;1;3;150;150;600;1;1000;4;1;8;100;50;1","rnbqkbnr/pppppppp/8/8/8/8/PPPPPPPP/RNBQKBNR w KQkq - 0 1","rnbqkbnr/pppppppp/8/8/8/8/PPPPPPPP/RNBQKBNR w KQkq - 0 1","0:0:0:0:0|0:0:0:0:0|0:0:0:0:0|0:0:0:0:0","759421758207090123:0:0",180000,180000,180000,180000,2000,real,1000,0,0,0,0,5,0,0,0,0,100,183690,181325,255458,260038,7,7,43,43,43,43,43,0,23,24,0,20,5,0,0,0,9,0,0,0,1,0,0
0,11035599632281258752,0,5217400152004631729,ongoing,-1,ply_limit,100,"shared_value;pvs;64;0;1;1;-50;200;1;20;25;3;2;1;3;3;2;0;3;3;1;3;150;150;600;1;1000;4;1;8;100;50;1","independent;pvs;64;0;1;1;-50;200;1;20;25;3;2;1;3;3;2;0;3;3;1;3;150;150;600;1;1000;4;1;8;100;50;1","sacrifice;pvs;64;0;1;1;-50;200;1;20;25;3;2;1;3;3;2;0;3;3;1;3;150;150;600;1;1000;4;1;8;100;50;1","shared_value;pvs;64;0;1;1;-50;200;1;20;25;3;2;1;3;3;2;0;3;3;1;3;150;150;600;1;1000;4;1;8;100;50;1","rnbqkbnr/pppppppp/8/8/8/8/PPPPPPPP/RNBQKBNR w KQkq - 0 1","rnbqkbnr/pppppppp/8/8/8/8/PPPPPPPP/RNBQKBNR w KQkq - 0 1","0:0:0:0:0|0:0:0:0:0|0:0:0:0:0|0:0:0:0:0","759421758207090123:0:0",180000,180000,180000,180000,2000,real,1000,0,0,0,0,5,0,0,0,0,100,265526,264866,187619,183492,45,44,5,6,0,0,0,0,9,4,0,3,2,0,0,0,5,0,0,0,0,0,0
0,11035599632281258950,0,5217400152004631726,ongoing,-1,ply_limit,100,"shared_value;pvs;64;0;1;1;-50;200;1;20;25;3;2;1;3;3;2;0;3;3;1;3;150;150;600;1;1000;4;1;8;100;50;1","independent;pvs;64;0;1;1;-50;200;1;20;25;3;2;1;3;3;2;0;3;3;1;3;150;150;600;1;1000;4;1;8;100;50;1","sacrifice;pvs;64;0;1;1;-50;200;1;20;25;3;2;1;3;3;2;0;3;3;1;3;150;150;600;1;1000;4;1;8;100;50;1","sacrifice;pvs;64;0;1;1;-50;200;1;20;25;3;2;1;3;3;2;0;3;3;1;3;150;150;600;1;1000;4;1;8;100;50;1","rnbqkbnr/pppppppp/8/8/8/8/PPPPPPPP/RNBQKBNR w KQkq - 0 1","rnbqkbnr/pppppppp/8/8/8/8/PPPPPPPP/RNBQKBNR w KQkq - 0 1","0:0:0:0:0|0:0:0:0:0|0:0:0:0:0|0:0:0:0:0","759421758207090123:0:0",180000,180000,180000,180000,2000,real,1000,0,0,0,0,5,0,0,0,0,100,182543,186768,244985,249082,10,9,40,41,0,0,0,0,21,28,1,17,5,1,0,0,11,0,0,0,2,0,0
0,11035599632280461897,0,5217400152004635496,ongoing,-1,ply_limit,100,"shared_value;pvs;64;0;1;1;-50;200;1;20;25;3;2;1;3;3;2;0;3;3;1;3;150;150;600;1;1000;4;1;8;100;50;1","request;pvs;64;0;1;1;-50;200;1;20;25;3;2;1;3;3;2;0;3;3;1;3;150;150;600;1;1000;4;1;8;100;50;1","independent;pvs;64;0;1;1;-50;200;1;20;25;3;2;1;3;3;2;0;3;3;1;3;150;150;600;1;1000;4;1;8;100;50;1","independent;pvs;64;0;1;1;-50;200;1;20;25;3;2;1;3;3;2;0;3;3;1;3;150;150;600;1;1000;4;1;8;100;50;1","rnbqkbnr/pppppppp/8/8/8/8/PPPPPPPP/RNBQKBNR w KQkq - 0 1","rnbqkbnr/pppppppp/8/8/8/8/PPPPPPPP/RNBQKBNR w KQkq - 0 1","0:0:0:0:0|0:0:0:0:0|0:0:0:0:0|0:0:0:0:0","759421758207090123:0:0",180000,180000,180000,180000,2000,real,1000,0,0,0,0,5,0,0,0,0,100,183221,181728,262606,264633,6,5,44,45,5,5,5,2,24,0,0,0,0,0,0,0,11,0,0,0,1,0,0
0,11035599632280461834,0,5217400152004635497,team_a_wins,0,game_over,34,"shared_value;pvs;64;0;1;1;-50;200;1;20;25;3;2;1;3;3;2;0;3;3;1;3;150;150;600;1;1000;4;1;8;100;50;1","request;pvs;64;0;1;1;-50;200;1;20;25;3;2;1;3;3;2;0;3;3;1;3;150;150;600;1;1000;4;1;8;100;50;1","independent;pvs;64;0;1;1;-50;200;1;20;25;3;2;1;3;3;2;0;3;3;1;3;150;150;600;1;1000;4;1;8;100;50;1","request;pvs;64;0;1;1;-50;200;1;20;25;3;2;1;3;3;2;0;3;3;1;3;150;150;600;1;1000;4;1;8;100;50;1","rnbqkbnr/pppppppp/8/8/8/8/PPPPPPPP/RNBQKBNR w KQkq - 0 1","rnbqkbnr/pppppppp/8/8/8/8/PPPPPPPP/RNBQKBNR w KQkq - 0 1","0:0:0:0:0|0:0:0:0:0|0:0:0:0:0|0:0:0:0:0","759421758207090123:0:0",180000,180000,180000,180000,2000,real,1000,0,0,0,0,5,0,0,0,0,100,185404,190334,198516,200514,7,6,10,11,17,17,17,0,3,0,0,0,0,0,0,0,3,1,1,0.0833333,1,0,0
0,11035599632280461622,0,5217400152004635502,team_a_wins,0,game_over,59,"shared_value;pvs;64;0;1;1;-50;200;1;20;25;3;2;1;3;3;2;0;3;3;1;3;150;150;600;1;1000;4;1;8;100;50;1","request;pvs;64;0;1;1;-50;200;1;20;25;3;2;1;3;3;2;0;3;3;1;3;150;150;600;1;1000;4;1;8;100;50;1","independent;pvs;64;0;1;1;-50;200;1;20;25;3;2;1;3;3;2;0;3;3;1;3;150;150;600;1;1000;4;1;8;100;50;1","shared_value;pvs;64;0;1;1;-50;200;1;20;25;3;2;1;3;3;2;0;3;3;1;3;150;150;600;1;1000;4;1;8;100;50;1","rnbqkbnr/pppppppp/8/8/8/8/PPPPPPPP/RNBQKBNR w KQkq - 0 1","rnbqkbnr/pppppppp/8/8/8/8/PPPPPPPP/RNBQKBNR w KQkq - 0 1","0:0:0:0:0|0:0:0:0:0|0:0:0:0:0|0:0:0:0:0","759421758207090123:0:0",180000,180000,180000,180000,2000,real,1000,0,0,0,0,5,0,0,0,0,100,179634,173499,191980,188800,11,10,19,19,10,10,10,1,13,0,0,0,0,0,0,0,10,0,0,0,4,1,0.25
0,11035599632280461682,0,5217400152004635503,ongoing,-1,ply_limit,100,"shared_value;pvs;64;0;1;1;-50;200;1;20;25;3;2;1;3;3;2;0;3;3;1;3;150;150;600;1;1000;4;1;8;100;50;1","request;pvs;64;0;1;1;-50;200;1;20;25;3;2;1;3;3;2;0;3;3;1;3;150;150;600;1;1000;4;1;8;100;50;1","independent;pvs;64;0;1;1;-50;200;1;20;25;3;2;1;3;3;2;0;3;3;1;3;150;150;600;1;1000;4;1;8;100;50;1","sacrifice;pvs;64;0;1;1;-50;200;1;20;25;3;2;1;3;3;2;0;3;3;1;3;150;150;600;1;1000;4;1;8;100;50;1","rnbqkbnr/pppppppp/8/8/8/8/PPPPPPPP/RNBQKBNR w KQkq - 0 1","rnbqkbnr/pppppppp/8/8/8/8/PPPPPPPP/RNBQKBNR w KQkq - 0 1","0:0:0:0:0|0:0:0:0:0|0:0:0:0:0|0:0:0:0:0","759421758207090123:0:0",180000,180000,180000,180000,2000,real,1000,0,0,0,0,5,0,0,0,0,100,200398,207339,161276,161580,35,35,15,15,35,35,35,0,17,6,0,4,1,0,0,0,13,1,3,0.0576923,7,1,0.142857
0,11035599632280460119,0,5217400152004635680,team_b_wins,1,game_over,100,"shared_value;pvs;64;0;1;1;-50;200;1;20;25;3;2;1;3;3;2;0;3;3;1;3;150;150;600;1;1000;4;1;8;100;50;1","request;pvs;64;0;1;1;-50;200;1;20;25;3;2;1;3;3;2;0;3;3;1;3;150;150;600;1;1000;4;1;8;100;50;1","request;pvs;64;0;1;1;-50;200;1;20;25;3;2;1;3;3;2;0;3;3;1;3;150;150;600;1;1000;4;1;8;100;50;1","independent;pvs;64;0;1;1;-50;200;1;20;25;3;2;1;3;3;2;0;3;3;1;3;150;150;600;1;1000;4;1;8;100;50;1","rnbqkbnr/pppppppp/8/8/8/8/PPPPPPPP/RNBQKBNR w KQkq - 0 1","rnbqkbnr/pppppppp/8/8/8/8/PPPPPPPP/RNBQKBNR w KQkq - 0 1","0:0:0:0:0|0:0:0:0:0|0:0:0:0:0|0:0:0:0:0","759421758207090123:0:0",180000,180000,180000,180000,2000,real,1000,0,0,0,0,5,0,0,0,0,100,159307,157980,226608,204976,11,10,39,40,49,48,49,2,26,0,0,0,0,0,0,0,13,1,4,0.0769231,4,2,0.5
0,11035599632280460315,0,5217400152004635683,ongoing,-1,invalid_agent_move,69,"shared_value;pvs;64;0;1;1;-50;200;1;20;25;3;2;1;3;3;2;0;3;3;1;3;150;150;600;1;1000;4;1;8;100;50;1","request;pvs;64;0;1;1;-50;200;1;20;25;3;2;1;3;3;2;0;3;3;1;3;150;150;600;1;1000;4;1;8;100;50;1","request;pvs;64;0;1;1;-50;200;1;20;25;3;2;1;3;3;2;0;3;3;1;3;150;150;600;1;1000;4;1;8;100;50;1","request;pvs;64;0;1;1;-50;200;1;20;25;3;2;1;3;3;2;0;3;3;1;3;150;150;600;1;1000;4;1;8;100;50;1","rnbqkbnr/pppppppp/8/8/8/8/PPPPPPPP/RNBQKBNR w KQkq - 0 1","rnbqkbnr/pppppppp/8/8/8/8/PPPPPPPP/RNBQKBNR w KQkq - 0 1","0:0:0:0:0|0:0:0:0:0|0:0:0:0:0|0:0:0:0:0","759421758207090123:0:0",180000,180000,180000,180000,2000,real,1000,0,0,0,0,5,0,0,0,0,100,205135,214351,181348,175088,25,24,10,10,44,44,44,0,14,0,0,0,0,0,0,0,9,1,1,0.0277778,3,0,0
0,11035599632280460245,0,5217400152004635682,ongoing,-1,invalid_agent_move,80,"shared_value;pvs;64;0;1;1;-50;200;1;20;25;3;2;1;3;3;2;0;3;3;1;3;150;150;600;1;1000;4;1;8;100;50;1","request;pvs;64;0;1;1;-50;200;1;20;25;3;2;1;3;3;2;0;3;3;1;3;150;150;600;1;1000;4;1;8;100;50;1","request;pvs;64;0;1;1;-50;200;1;20;25;3;2;1;3;3;2;0;3;3;1;3;150;150;600;1;1000;4;1;8;100;50;1","shared_value;pvs;64;0;1;1;-50;200;1;20;25;3;2;1;3;3;2;0;3;3;1;3;150;150;600;1;1000;4;1;8;100;50;1","rnbqkbnr/pppppppp/8/8/8/8/PPPPPPPP/RNBQKBNR w KQkq - 0 1","rnbqkbnr/pppppppp/8/8/8/8/PPPPPPPP/RNBQKBNR w KQkq - 0 1","0:0:0:0:0|0:0:0:0:0|0:0:0:0:0|0:0:0:0:0","759421758207090123:0:0",180000,180000,180000,180000,2000,real,1000,0,0,0,0,5,0,0,0,0,100,155131,150010,171028,167131,17,16,23,24,39,39,39,0,15,0,0,0,0,0,0,0,11,1,3,0.0681818,4,0,0
0,11035599632280480451,0,5217400152004635741,ongoing,-1,ply_limit,100,"shared_value;pvs;64;0;1;1;-50;200;1;20;25;3;2;1;3;3;2;0;3;3;1;3;150;150;600;1;1000;4;1;8;100;50;1","request;pvs;64;0;1;1;-50;200;1;20;25;3;2;1;3;3;2;0;3;3;1;3;150;150;600;1;1000;4;1;8;100;50;1","request;pvs;64;0;1;1;-50;200;1;20;25;3;2;1;3;3;2;0;3;3;1;3;150;150;600;1;1000;4;1;8;100;50;1","sacrifice;pvs;64;0;1;1;-50;200;1;20;25;3;2;1;3;3;2;0;3;3;1;3;150;150;600;1;1000;4;1;8;100;50;1","rnbqkbnr/pppppppp/8/8/8/8/PPPPPPPP/RNBQKBNR w KQkq - 0 1","rnbqkbnr/pppppppp/8/8/8/8/PPPPPPPP/RNBQKBNR w KQkq - 0 1","0:0:0:0:0|0:0:0:0:0|0:0:0:0:0|0:0:0:0:0","759421758207090123:0:0",180000,180000,180000,180000,2000,real,1000,0,0,0,0,5,0,0,0,0,100,146779,137966,164580,165646,20,20,30,30,50,50,50,1,27,18,0,15,1,0,0,0,17,0,0,0,11,2,0.181818
0,11035599632280472356,0,5217400152004635873,ongoing,-1,invalid_agent_move,63,"shared_value;pvs;64;0;1;1;-50;200;1;20;25;3;2;1;3;3;2;0;3;3;1;3;150;150;600;1;1000;4;1;8;100;50;1","request;pvs;64;0;1;1;-50;200;1;20;25;3;2;1;3;3;2;0;3;3;1;3;150;150;600;1;1000;4;1;8;100;50;1","shared_value;pvs;64;0;1;1;-50;200;1;20;25;3;2;1;3;3;2;0;3;3;1;3;150;150;600;1;1000;4;1;8;100;50;1","independent;pvs;64;0;1;1;-50;200;1;20;25;3;2;1;3;3;2;0;3;3;1;3;150;150;600;1;1000;4;1;8;100;50;1","rnbqkbnr/pppppppp/8/8/8/8/PPPPPPPP/RNBQKBNR w KQkq - 0 1","rnbqkbnr/pppppppp/8/8/8/8/PPPPPPPP/RNBQKBNR w KQkq - 0 1","0:0:0:0:0|0:0:0:0:0|0:0:0:0:0|0:0:0:0:0","759421758207090123:0:0",180000,180000,180000,180000,2000,real,1000,0,0,0,0,5,0,0,0,0,100,171315,169600,176794,186762,14,13,18,18,13,13,13,1,12,0,0,0,0,0,0,0,11,0,0,0,0,0,0
0,11035599632280472805,0,5217400152004635874,ongoing,-1,invalid_agent_move,51,"shared_value;pvs;64;0;1;1;-50;200;1;20;25;3;2;1;3;3;2;0;3;3;1;3;150;150;600;1;1000;4;1;8;100;50;1","request;pvs;64;0;1;1;-50;200;1;20;25;3;2;1;3;3;2;0;3;3;1;3;150;150;600;1;1000;4;1;8;100;50;1","shared_value;pvs;64;0;1;1;-50;200;1;20;25;3;2;1;3;3;2;0;3;3;1;3;150;150;600;1;1000;4;1;8;100;50;1","request;pvs;64;0;1;1;-50;200;1;20;25;3;2;1;3;3;2;0;3;3;1;3;150;150;600;1;1000;4;1;8;100;50;1","rnbqkbnr/pppppppp/8/8/8/8/PPPPPPPP/RNBQKBNR w KQkq - 0 1","rnbqkbnr/pppppppp/8/8/8/8/PPPPPPPP/RNBQKBNR w KQkq - 0 1","0:0:0:0:0|0:0:0:0:0|0:0:0:0:0|0:0:0:0:0","759421758207090123:0:0",180000,180000,180000,180000,2000,real,1000,0,0,0,0,5,0,0,0,0,100,183794,172475,190869,196242,10,9,16,16,25,25,25,0,11,0,0,0,0,0,0,0,8,1,4,0.125,2,0,0
0,11035599632280472747,0,5217400152004635875,team_a_wins,0,game_over,87,"shared_value;pvs;64;0;1;1;-50;200;1;20;25;3;2;1;3;3;2;0;3;3;1;3;150;150;600;1;1000;4;1;8;100;50;1","request;pvs;64;0;1;1;-50;200;1;20;25;3;2;1;3;3;2;0;3;3;1;3;150;150;600;1;1000;4;1;8;100;50;1","shared_value;pvs;64;0;1;1;-50;200;1;20;25;3;2;1;3;3;2;0;3;3;1;3;150;150;600;1;1000;4;1;8;100;50;1","shared_value;pvs;64;0;1;1;-50;200;1;20;25;3;2;1;3;3;2;0;3;3;1;3;150;150;600;1;1000;4;1;8;100;50;1","rnbqkbnr/pppppppp/8/8/8/8/PPPPPPPP/RNBQKBNR w KQkq - 0 1","rnbqkbnr/pppppppp/8/8/8/8/PPPPPPPP/RNBQKBNR w KQkq - 0 1","0:0:0:0:0|0:0:0:0:0|0:0:0:0:0|0:0:0:0:0","759421758207090123:0:0",180000,180000,180000,180000,2000,real,1000,0,0,0,0,5,0,0,0,0,100,229804,227077,182952,184353,33,32,11,11,32,32,32,0,18,0,0,0,0,0,0,0,11,1,3,0.0681818,4,0,0
0,11035599632280459856,0,5217400152004635676,team_a_wins,0,game_over,98,"shared_value;pvs;64;0;1;1;-50;200;1;20;25;3;2;1;3;3;2;0;3;3;1;3;150;150;600;1;1000;4;1;8;100;50;1","request;pvs;64;0;1;1;-50;200;1;20;25;3;2;1;3;3;2;0;3;3;1;3;150;150;600;1;1000;4;1;8;100;50;1","shared_value;pvs;64;0;1;1;-50;200;1;20;25;3;2;1;3;3;2;0;3;3;1;3;150;150;600;1;1000;4;1;8;100;50;1","sacrifice;pvs;64;0;1;1;-50;200;1;20;25;3;2;1;3;3;2;0;3;3;1;3;150;150;600;1;1000;4;1;8;100;50;1","rnbqkbnr/pppppppp/8/8/8/8/PPPPPPPP/RNBQKBNR w KQkq - 0 1","rnbqkbnr/pppppppp/8/8/8/8/PPPPPPPP/RNBQKBNR w KQkq - 0 1","0:0:0:0:0|0:0:0:0:0|0:0:0:0:0|0:0:0:0:0","759421758207090123:0:0",180000,180000,180000,180000,2000,real,1000,0,0,0,0,5,0,0,0,0,100,248770,245441,183931,174672,42,41,7,8,41,41,41,0,18,6,0,6,0,0,0,0,12,1,2,0.0416667,3,1,0.333333
0,11035599632280534901,0,5217400152004636578,ongoing,-1,ply_limit,100,"shared_value;pvs;64;0;1;1;-50;200;1;20;25;3;2;1;3;3;2;0;3;3;1;3;150;150;600;1;1000;4;1;8;100;50;1","request;pvs;64;0;1;1;-50;200;1;20;25;3;2;1;3;3;2;0;3;3;1;3;150;150;600;1;1000;4;1;8;100;50;1","sacrifice;pvs;64;0;1;1;-50;200;1;20;25;3;2;1;3;3;2;0;3;3;1;3;150;150;600;1;1000;4;1;8;100;50;1","independent;pvs;64;0;1;1;-50;200;1;20;25;3;2;1;3;3;2;0;3;3;1;3;150;150;600;1;1000;4;1;8;100;50;1","rnbqkbnr/pppppppp/8/8/8/8/PPPPPPPP/RNBQKBNR w KQkq - 0 1","rnbqkbnr/pppppppp/8/8/8/8/PPPPPPPP/RNBQKBNR w KQkq - 0 1","0:0:0:0:0|0:0:0:0:0|0:0:0:0:0|0:0:0:0:0","759421758207090123:0:0",180000,180000,180000,180000,2000,real,1000,0,0,0,0,5,0,0,0,0,100,183288,182661,258276,262605,6,6,44,44,6,6,6,2,22,10,0,5,0,0,0,0,10,0,0,0,0,0,0
0,11035599632280534836,0,5217400152004636577,ongoing,-1,invalid_agent_move,81,"shared_value;pvs;64;0;1;1;-50;200;1;20;25;3;2;1;3;3;2;0;3;3;1;3;150;150;600;1;1000;4;1;8;100;50;1","request;pvs;64;0;1;1;-50;200;1;20;25;3;2;1;3;3;2;0;3;3;1;3;150;150;600;1;1000;4;1;8;100;50;1","sacrifice;pvs;64;0;1;1;-50;200;1;20;25;3;2;1;3;3;2;0;3;3;1;3;150;150;600;1;1000;4;1;8;100;50;1","request;pvs;64;0;1;1;-50;200;1;20;25;3;2;1;3;3;2;0;3;3;1;3;150;150;600;1;1000;4;1;8;100;50;1","rnbqkbnr/pppppppp/8/8/8/8/PPPPPPPP/RNBQKBNR w KQkq - 0 1","rnbqkbnr/pppppppp/8/8/8/8/PPPPPPPP/RNBQKBNR w KQkq - 0 1","0:0:0:0:0|0:0:0:0:0|0:0:0:0:0|0:0:0:0:0","759421758207090123:0:0",180000,180000,180000,180000,2000,real,1000,0,0,0,0,5,0,0,0,0,100,179349,168400,193096,186442,17,16,24,24,40,40,40,0,13,28,0,19,0,0,0,0,10,0,0,0,4,0,0
0,11035599632280535031,0,5217400152004636576,ongoing,-1,ply_limit,100,"shared_value;pvs;64;0;1;1;-50;200;1;20;25;3;2;1;3;3;2;0;3;3;1;3;150;150;600;1;1000;4;1;8;100;50;1","request;pvs;64;0;1;1;-50;200;1;20;25;3;2;1;3;3;2;0;3;3;1;3;150;150;600;1;1000;4;1;8;100;50;1","sacrifice;pvs;64;0;1;1;-50;200;1;20;25;3;2;1;3;3;2;0;3;3;1;3;150;150;600;1;1000;4;1;8;100;50;1","shared_value;pvs;64;0;1;1;-50;200;1;20;25;3;2;1;3;3;2;0;3;3;1;3;150;150;600;1;1000;4;1;8;100;50;1","rnbqkbnr/pppppppp/8/8/8/8/PPPPPPPP/RNBQKBNR w KQkq - 0 1","rnbqkbnr/pppppppp/8/8/8/8/PPPPPPPP/RNBQKBNR w KQkq - 0 1","0:0:0:0:0|0:0:0:0:0|0:0:0:0:0|0:0:0:0:0","759421758207090123:0:0",180000,180000,180000,180000,2000,real,1000,0,0,0,0,5,0,0,0,0,100,264139,263830,187885,183325,45,44,5,6,44,44,44,0,12,2,0,1,0,0,0,0,8,0,0,0,0,0,0
0,11035599632280522726,0,5217400152004636639,team_b_wins,1,game_over,63,"shared_value;pvs;64;0;1;1;-50;200;1;20;25;3;2;1;3;3;2;0;3;3;1;3;150;150;600;1;1000;4;1;8;100;50;1","request;pvs;64;0;1;1;-50;200;1;20;25;3;2;1;3;3;2;0;3;3;1;3;150;150;600;1;1000;4;1;8;100;50;1","sacrifice;pvs;64;0;1;1;-50;200;1;20;25;3;2;1;3;3;2;0;3;3;1;3;150;150;600;1;1000;4;1;8;100;50;1","sacrifice;pvs;64;0;1;1;-50;200;1;20;25;3;2;1;3;3;2;0;3;3;1;3;150;150;600;1;1000;4;1;8;100;50;1","rnbqkbnr/pppppppp/8/8/8/8/PPPPPPPP/RNBQKBNR w KQkq - 0 1","rnbqkbnr/pppppppp/8/8/8/8/PPPPPPPP/RNBQKBNR w KQkq - 0 1","0:0:0:0:0|0:0:0:0:0|0:0:0:0:0|0:0:0:0:0","759421758207090123:0:0",180000,180000,180000,180000,2000,real,1000,0,0,0,0,5,0,0,0,0,100,176347,166775,179009,183430,13,13,18,19,13,13,13,1,19,14,0,12,2,0,0,0,15,0,0,0,6,0,0
0,11035599632280765137,0,5217400152004639515,ongoing,-1,ply_limit,100,"shared_value;pvs;64;0;1;1;-50;200;1;20;25;3;2;1;3;3;2;0;3;3;1;3;150;150;600;1;1000;4;1;8;100;50;1","shared_value;pvs;64;0;1;1;-50;200;1;20;25;3;2;1;3;3;2;0;3;3;1;3;150;150;600;1;1000;4;1;8;100;50;1","independent;pvs;64;0;1;1;-50;200;1;20;25;3;2;1;3;3;2;0;3;3;1;3;150;150;600;1;1000;4;1;8;100;50;1","independent;pvs;64;0;1;1;-50;200;1;20;25;3;2;1;3;3;2;0;3;3;1;3;150;150;600;1;1000;4;1;8;100;50;1","rnbqkbnr/pppppppp/8/8/8/8/PPPPPPPP/RNBQKBNR w KQkq - 0 1","rnbqkbnr/pppppppp/8/8/8/8/PPPPPPPP/RNBQKBNR w KQkq - 0 1","0:0:0:0:0|0:0:0:0:0|0:0:0:0:0|0:0:0:0:0","759421758207090123:0:0",180000,180000,180000,180000,2000,real,1000,0,0,0,0,5,0,0,0,0,100,188664,181784,265723,265763,5,5,45,45,0,0,0,0,22,0,0,0,0,0,0,0,10,0,0,0,0,0,0
0,11035599632280765071,0,5217400152004639514,ongoing,-1,ply_limit,100,"shared_value;pvs;64;0;1;1;-50;200;1;20;25;3;2;1;3;3;2;0;3;3;1;3;150;150;600;1;1000;4;1;8;100;50;1","shared_value;pvs;64;0;1;1;-50;200;1;20;25;3;2;1;3;3;2;0;3;3;1;3;150;150;600;1;1000;4;1;8;100;50;1","independent;pvs;64;0;1;1;-50;200;1;20;25;3;2;1;3;3;2;0;3;3;1;3;150;150;600;1;1000;4;1;8;100;50;1","request;pvs;64;0;1;1;-50;200;1;20;25;3;2;1;3;3;2;0;3;3;1;3;150;150;600;1;1000;4;1;8;100;50;1","rnbqkbnr/pppppppp/8/8/8/8/PPPPPPPP/RNBQKBNR w KQkq - 0 1","rnbqkbnr/pppppppp/8/8/8/8/PPPPPPPP/RNBQKBNR w KQkq - 0 1","0:0:0:0:0|0:0:0:0:0|0:0:0:0:0|0:0:0:0:0","759421758207090123:0:0",180000,180000,180000,180000,2000,real,1000,0,0,0,0,5,0,0,0,0,100,186312,182404,261642,262328,6,6,44,44,44,44,44,0,19,0,0,0,0,0,0,0,9,0,0,0,0,0,0
0,11035599632280764755,0,5217400152004639517,ongoing,-1,ply_limit,100,"shared_value;pvs;64;0;1;1;-50;200;1;20;25;3;2;1;3;3;2;0;3;3;1;3;150;150;600;1;1000;4;1;8;100;50;1","shared_value;pvs;64;0;1;1;-50;200;1;20;25;3;2;1;3;3;2;0;3;3;1;3;150;150;600;1;1000;4;1;8;100;50;1","independent;pvs;64;0;1;1;-50;200;1;20;25;3;2;1;3;3;2;0;3;3;1;3;150;150;600;1;1000;4;1;8;100;50;1","shared_value;pvs;64;0;1;1;-50;200;1;20;25;3;2;1;3;3;2;0;3;3;1;3;150;150;600;1;1000;4;1;8;100;50;1","rnbqkbnr/pppppppp/8/8/8/8/PPPPPPPP/RNBQKBNR w KQkq - 0 1","rnbqkbnr/pppppppp/8/8/8/8/PPPPPPPP/RNBQKBNR w KQkq - 0 1","0:0:0:0:0|0:0:0:0:0|0:0:0:0:0|0:0:0:0:0","759421758207090123:0:0",180000,180000,180000,180000,2000,real,1000,0,0,0,0,5,0,0,0,0,100,183812,183580,260591,258912,7,6,43,44,0,0,0,0,12,0,0,0,0,0,0,0,7,0,0,0,0,0,0
0,11035599632280764688,0,5217400152004639516,team_b_wins,1,game_over,19,"shared_value;pvs;64;0;1;1;-50;200;1;20;25;3;2;1;3;3;2;0;3;3;1;3;150;150;600;1;1000;4;1;8;100;50;1","shared_value;pvs;64;0;1;1;-50;200;1;20;25;3;2;1;3;3;2;0;3;3;1;3;150;150;600;1;1000;4;1;8;100;50;1","independent;pvs;64;0;1;1;-50;200;1;20;25;3;2;1;3;3;2;0;3;3;1;3;150;150;600;1;1000;4;1;8;100;50;1","sacrifice;pvs;64;0;1;1;-50;200;1;20;25;3;2;1;3;3;2;0;3;3;1;3;150;150;600;1;1000;4;1;8;100;50;1","rnbqkbnr/pppppppp/8/8/8/8/PPPPPPPP/RNBQKBNR w KQkq - 0 1","rnbqkbnr/pppppppp/8/8/8/8/PPPPPPPP/RNBQKBNR w KQkq - 0 1","0:0:0:0:0|0:0:0:0:0|0:0:0:0:0|0:0:0:0:0","759421758207090123:0:0",180000,180000,180000,180000,2000,real,1000,0,0,0,0,5,0,0,0,0,100,189072,182173,187494,188885,5,5,4,5,0,0,0,0,2,2,0,1,0,0,0,0,2,1,4,0.5,1,0,0
0,11035599632280788711,0,5217400152004640723,ongoing,-1,ply_limit,100,"shared_value;pvs;64;0;1;1;-50;200;1;20;25;3;2;1;3;3;2;0;3;3;1;3;150;150;600;1;1000;4;1;8;100;50;1","shared_value;pvs;64;0;1;1;-50;200;1;20;25;3;2;1;3;3;2;0;3;3;1;3;150;150;600;1;1000;4;1;8;100;50;1","request;pvs;64;0;1;1;-50;200;1;20;25;3;2;1;3;3;2;0;3;3;1;3;150;150;600;1;1000;4;1;8;100;50;1","independent;pvs;64;0;1;1;-50;200;1;20;25;3;2;1;3;3;2;0;3;3;1;3;150;150;600;1;1000;4;1;8;100;50;1","rnbqkbnr/pppppppp/8/8/8/8/PPPPPPPP/RNBQKBNR w KQkq - 0 1","rnbqkbnr/pppppppp/8/8/8/8/PPPPPPPP/RNBQKBNR w KQkq - 0 1","0:0:0:0:0|0:0:0:0:0|0:0:0:0:0|0:0:0:0:0","759421758207090123:0:0",180000,180000,180000,180000,2000,real,1000,0,0,0,0,5,0,0,0,0,100,182100,186362,265206,267630,5,4,45,46,45,45,45,0,18,0,0,0,0,0,0,0,9,0,0,0,0,0,0
0,11035599632280788907,0,5217400152004640720,ongoing,-1,ply_limit,100,"shared_value;pvs;64;0;1;1;-50;200;1;20;25;3;2;1;3;3;2;0;3;3;1;3;150;150;600;1;1000;4;1;8;100;50;1","shared_value;pvs;64;0;1;1;-50;200;1;20;25;3;2;1;3;3;2;0;3;3;1;3;150;150;600;1;1000;4;1;8;100;50;1","request;pvs;64;0;1;1;-50;200;1;20;25;3;2;1;3;3;2;0;3;3;1;3;150;150;600;1;1000;4;1;8;100;50;1","request;pvs;64;0;1;1;-50;200;1;20;25;3;2;1;3;3;2;0;3;3;1;3;150;150;600;1;1000;4;1;8;100;50;1","rnbqkbnr/pppppppp/8/8/8/8/PPPPPPPP/RNBQKBNR w KQkq - 0 1","rnbqkbnr/pppppppp/8/8/8/8/PPPPPPPP/RNBQKBNR w KQkq - 0 1","0:0:0:0:0|0:0:0:0:0|0:0:0:0:0|0:0:0:0:0","759421758207090123:0:0",180000,180000,180000,180000,2000,real,1000,0,0,0,0,5,0,0,0,0,100,182930,180940,262235,264363,6,5,44,45,89,89,89,0,18,0,0,0,0,0,0,0,10,0,0,0,1,0,0
0,11035599632280788840,0,5217400152004640721,ongoing,-1,ply_limit,100,"shared_value;pvs;64;0;1;1;-50;200;1;20;25;3;2;1;3;3;2;0;3;3;1;3;150;150;600;1;1000;4;1;8;100;50;1","shared_value;pvs;64;0;1;1;-50;200;1;20;25;3;2;1;3;3;2;0;3;3;1;3;150;150;600;1;1000;4;1;8;100;50;1","request;pvs;64;0;1;1;-50;200;1;20;25;3;2;1;3;3;2;0;3;3;1;3;150;150;600;1;1000;4;1;8;100;50;1","shared_value;pvs;64;0;1;1;-50;200;1;20;25;3;2;1;3;3;2;0;3;3;1;3;150;150;600;1;1000;4;1;8;100;50;1","rnbqkbnr/pppppppp/8/8/8/8/PPPPPPPP/RNBQKBNR w KQkq - 0 1","rnbqkbnr/pppppppp/8/8/8/8/PPPPPPPP/RNBQKBNR w KQkq - 0 1","0:0:0:0:0|0:0:0:0:0|0:0:0:0:0|0:0:0:0:0","759421758207090123:0:0",180000,180000,180000,180000,2000,real,1000,0,0,0,0,5,0,0,0,0,100,250705,251145,187291,186316,41,40,9,10,9,9,9,1,19,0,0,0,0,0,0,0,10,0,0,0,0,0,0
0,11035599632280786990,0,5217400152004640718,team_b_wins,1,game_over,19,"shared_value;pvs;64;0;1;1;-50;200;1;20;25;3;2;1;3;3;2;0;3;3;1;3;150;150;600;1;1000;4;1;8;100;50;1","shared_value;pvs;64;0;1;1;-50;200;1;20;25;3;2;1;3;3;2;0;3;3;1;3;150;150;600;1;1000;4;1;8;100;50;1","request;pvs;64;0;1;1;-50;200;1;20;25;3;2;1;3;3;2;0;3;3;1;3;150;150;600;1;1000;4;1;8;100;50;1","sacrifice;pvs;64;0;1;1;-50;200;1;20;25;3;2;1;3;3;2;0;3;3;1;3;150;150;600;1;1000;4;1;8;100;50;1","rnbqkbnr/pppppppp/8/8/8/8/PPPPPPPP/RNBQKBNR w KQkq - 0 1","rnbqkbnr/pppppppp/8/8/8/8/PPPPPPPP/RNBQKBNR w KQkq - 0 1","0:0:0:0:0|0:0:0:0:0|0:0:0:0:0|0:0:0:0:0","759421758207090123:0:0",180000,180000,180000,180000,2000,real,1000,0,0,0,0,5,0,0,0,0,100,189116,182128,187508,188935,5,5,4,5,4,4,4,0,2,2,0,1,0,0,0,0,2,1,4,0.5,1,0,0
0,11035599632280792857,0,5217400152004640658,ongoing,-1,ply_limit,100,"shared_value;pvs;64;0;1;1;-50;200;1;20;25;3;2;1;3;3;2;0;3;3;1;3;150;150;600;1;1000;4;1;8;100;50;1","shared_value;pvs;64;0;1;1;-50;200;1;20;25;3;2;1;3;3;2;0;3;3;1;3;150;150;600;1;1000;4;1;8;100;50;1","shared_value;pvs;64;0;1;1;-50;200;1;20;25;3;2;1;3;3;2;0;3;3;1;3;150;150;600;1;1000;4;1;8;100;50;1","independent;pvs;64;0;1;1;-50;200;1;20;25;3;2;1;3;3;2;0;3;3;1;3;150;150;600;1;1000;4;1;8;100;50;1","rnbqkbnr/pppppppp/8/8/8/8/PPPPPPPP/RNBQKBNR w KQkq - 0 1","rnbqkbnr/pppppppp/8/8/8/8/PPPPPPPP/RNBQKBNR w KQkq - 0 1","0:0:0:0:0|0:0:0:0:0|0:0:0:0:0|0:0:0:0:0","759421758207090123:0:0",180000,180000,180000,180000,2000,real,1000,0,0,0,0,5,0,0,0,0,100,185618,185015,253243,260121,8,7,42,43,0,0,0,0,23,0,0,0,0,0,0,0,10,0,0,0,1,0,0
0,11035599632280793048,0,5217400152004640657,team_b_wins,1,game_over,58,"shared_value;pvs;64;0;1;1;-50;200;1;20;25;3;2;1;3;3;2;0;3;3;1;3;150;150;600;1;1000;4;1;8;100;50;1","shared_value;pvs;64;0;1;1;-50;200;1;20;25;3;2;1;3;3;2;0;3;3;1;3;150;150;600;1;1000;4;1;8;100;50;1","shared_value;pvs;64;0;1;1;-50;200;1;20;25;3;2;1;3;3;2;0;3;3;1;3;150;150;600;1;1000;4;1;8;100;50;1","request;pvs;64;0;1;1;-50;200;1;20;25;3;2;1;3;3;2;0;3;3;1;3;150;150;600;1;1000;4;1;8;100;50;1","rnbqkbnr/pppppppp/8/8/8/8/PPPPPPPP/RNBQKBNR w KQkq - 0 1","rnbqkbnr/pppppppp/8/8/8/8/PPPPPPPP/RNBQKBNR w KQkq - 0 1","0:0:0:0:0|0:0:0:0:0|0:0:0:0:0|0:0:0:0:0","759421758207090123:0:0",180000,180000,180000,180000,2000,real,1000,0,0,0,0,5,0,0,0,0,100,192168,187569,218614,221474,7,7,22,22,22,22,22,0,10,0,0,0,0,0,0,0,8,0,0,0,2,0,0
0,11035599632280792987,0,5217400152004640656,team_b_wins,1,game_over,67,"shared_value;pvs;64;0;1;1;-50;200;1;20;25;3;2;1;3;3;2;0;3;3;1;3;150;150;600;1;1000;4;1;8;100;50;1","shared_value;pvs;64;0;1;1;-50;200;1;20;25;3;2;1;3;3;2;0;3;3;1;3;150;150;600;1;1000;4;1;8;100;50;1","shared_value;pvs;64;0;1;1;-50;200;1;20;25;3;2;1;3;3;2;0;3;3;1;3;150;150;600;1;1000;4;1;8;100;50;1","shared_value;pvs;64;0;1;1;-50;200;1;20;25;3;2;1;3;3;2;0;3;3;1;3;150;150;600;1;1000;4;1;8;100;50;1","rnbqkbnr/pppppppp/8/8/8/8/PPPPPPPP/RNBQKBNR w KQkq - 0 1","rnbqkbnr/pppppppp/8/8/8/8/PPPPPPPP/RNBQKBNR w KQkq - 0 1","0:0:0:0:0|0:0:0:0:0|0:0:0:0:0|0:0:0:0:0","759421758207090123:0:0",180000,180000,180000,180000,2000,real,1000,0,0,0,0,5,0,0,0,0,100,156695,158074,158546,155932,17,17,16,17,0,0,0,0,16,0,0,0,0,0,0,0,13,0,0,0,4,1,0.25
0,11035599632280791130,0,5217400152004640655,team_a_wins,0,game_over,86,"shared_value;pvs;64;0;1;1;-50;200;1;20;25;3;2;1;3;3;2;0;3;3;1;3;150;150;600;1;1000;4;1;8;100;50;1","shared_value;pvs;64;0;1;1;-50;200;1;20;25;3;2;1;3;3;2;0;3;3;1;3;150;150;600;1;1000;4;1;8;100;50;1","shared_value;pvs;64;0;1;1;-50;200;1;20;25;3;2;1;3;3;2;0;3;3;1;3;150;150;600;1;1000;4;1;8;100;50;1","sacrifice;pvs;64;0;1;1;-50;200;1;20;25;3;2;1;3;3;2;0;3;3;1;3;150;150;600;1;1000;4;1;8;100;50;1","rnbqkbnr/pppppppp/8/8/8/8/PPPPPPPP/RNBQKBNR w KQkq - 0 1","rnbqkbnr/pppppppp/8/8/8/8/PPPPPPPP/RNBQKBNR w KQkq - 0 1","0:0:0:0:0|0:0:0:0:0|0:0:0:0:0|0:0:0:0:0","759421758207090123:0:0",180000,180000,180000,180000,2000,real,1000,0,0,0,0,5,0,0,0,0,100,160899,158029,189864,199024,12,12,31,31,0,0,0,0,16,6,1,3,2,1,0,0,9,0,0,0,4,0,0
0,11035599632280746952,0,5217400152004639825,ongoing,-1,ply_limit,100,"shared_value;pvs;64;0;1;1;-50;200;1;20;25;3;2;1;3;3;2;0;3;3;1;3;150;150;600;1;1000;4;1;8;100;50;1","shared_value;pvs;64;0;1;1;-50;200;1;20;25;3;2;1;3;3;2;0;3;3;1;3;150;150;600;1;1000;4;1;8;100;50;1","sacrifice;pvs;64;0;1;1;-50;200;1;20;25;3;2;1;3;3;2;0;3;3;1;3;150;150;600;1;1000;4;1;8;100;50;1","independent;pvs;64;0;1;1;-50;200;1;20;25;3;2;1;3;3;2;0;3;3;1;3;150;150;600;1;1000;4;1;8;100;50;1","rnbqkbnr/pppppppp/8/8/8/8/PPPPPPPP/RNBQKBNR w KQkq - 0 1","rnbqkbnr/pppppppp/8/8/8/8/PPPPPPPP/RNBQKBNR w KQkq - 0 1","0:0:0:0:0|0:0:0:0:0|0:0:0:0:0|0:0:0:0:0","759421758207090123:0:0",180000,180000,180000,180000,2000,real,1000,0,0,0,0,5,0,0,0,0,100,183012,183129,257519,263683,7,6,43,44,0,0,0,0,21,4,0,2,0,0,0,0,10,0,0,0,1,0,0
0,11035599632280746889,0,5217400152004639826,ongoing,-1,ply_limit,100,"shared_value;pvs;64;0;1;1;-50;200;1;20;25;3;2;1;3;3;2;0;3;3;1;3;150;150;600;1;1000;4;1;8;100;50;1","shared_value;pvs;64;0;1;1;-50;200;1;20;25;3;2;1;3;3;2;0;3;3;1;3;150;150;600;1;1000;4;1;8;100;50;1","sacrifice;pvs;64;0;1;1;-50;200;1;20;25;3;2;1;3;3;2;0;3;3;1;3;150;150;600;1;1000;4;1;8;100;50;1","request;pvs;64;0;1;1;-50;200;1;20;25;3;2;1;3;3;2;0;3;3;1;3;150;150;600;1;1000;4;1;8;100;50;1","rnbqkbnr/pppppppp/8/8/8/8/PPPPPPPP/RNBQKBNR w KQkq - 0 1","rnbqkbnr/pppppppp/8/8/8/8/PPPPPPPP/RNBQKBNR w KQkq - 0 1","0:0:0:0:0|0:0:0:0:0|0:0:0:0:0|0:0:0:0:0","759421758207090123:0:0",180000,180000,180000,180000,2000,real,1000,0,0,0,0,5,0,0,0,0,100,189389,183114,261963,265561,6,6,44,44,44,44,44,0,5,49,0,18,0,0,0,0,4,0,0,0,1,0,0
0,11035599632280747079,0,5217400152004639827,ongoing,-1,ply_limit,100,"shared_value;pvs;64;0;1;1;-50;200;1;20;25;3;2;1;3;3;2;0;3;3;1;3;150;150;600;1;1000;4;1;8;100;50;1","shared_value;pvs;64;0;1;1;-50;200;1;20;25;3;2;1;3;3;2;0;3;3;1;3;150;150;600;1;1000;4;1;8;100;50;1","sacrifice;pvs;64;0;1;1;-50;200;1;20;25;3;2;1;3;3;2;0;3;3;1;3;150;150;600;1;1000;4;1;8;100;50;1","shared_value;pvs;64;0;1;1;-50;200;1;20;25;3;2;1;3;3;2;0;3;3;1;3;150;150;600;1;1000;4;1;8;100;50;1","rnbqkbnr/pppppppp/8/8/8/8/PPPPPPPP/RNBQKBNR w KQkq - 0 1","rnbqkbnr/pppppppp/8/8/8/8/PPPPPPPP/RNBQKBNR w KQkq - 0 1","0:0:0:0:0|0:0:0:0:0|0:0:0:0:0|0:0:0:0:0","759421758207090123:0:0",180000,180000,180000,180000,2000,real,1000,0,0,0,0,5,0,0,0,0,100,130160,134883,124262,128625,26,26,24,24,0,0,0,0,24,3,0,2,0,0,0,0,20,0,0,0,11,1,0.0909091
0,11035599632280746508,0,5217400152004639820,team_b_wins,1,game_over,70,"shared_value;pvs;64;0;1;1;-50;200;1;20;25;3;2;1;3;3;2;0;3;3;1;3;150;150;600;1;1000;4;1;8;100;50;1","shared_value;pvs;64;0;1;1;-50;200;1;20;25;3;2;1;3;3;2;0;3;3;1;3;150;150;600;1;1000;4;1;8;100;50;1","sacrifice;pvs;64;0;1;1;-50;200;1;20;25;3;2;1;3;3;2;0;3;3;1;3;150;150;600;1;1000;4;1;8;100;50;1","sacrifice;pvs;64;0;1;1;-50;200;1;20;25;3;2;1;3;3;2;0;3;3;1;3;150;150;600;1;1000;4;1;8;100;50;1","rnbqkbnr/pppppppp/8/8/8/8/PPPPPPPP/RNBQKBNR w KQkq - 0 1","rnbqkbnr/pppppppp/8/8/8/8/PPPPPPPP/RNBQKBNR w KQkq - 0 1","0:0:0:0:0|0:0:0:0:0|0:0:0:0:0|0:0:0:0:0","759421758207090123:0:0",180000,180000,180000,180000,2000,real,1000,0,0,0,0,5,0,0,0,0,100,156279,155157,156908,156700,17,16,18,19,0,0,0,0,22,19,0,12,0,0,0,0,14,0,0,0,7,0,0
0,11035599632273560387,0,5217400152004741642,ongoing,-1,ply_limit,100,"shared_value;pvs;64;0;1;1;-50;200;1;20;25;3;2;1;3;3;2;0;3;3;1;3;150;150;600;1;1000;4;1;8;100;50;1","sacrifice;pvs;64;0;1;1;-50;200;1;20;25;3;2;1;3;3;2;0;3;3;1;3;150;150;600;1;1000;4;1;8;100;50;1","independent;pvs;64;0;1;1;-50;200;1;20;25;3;2;1;3;3;2;0;3;3;1;3;150;150;600;1;1000;4;1;8;100;50;1","independent;pvs;64;0;1;1;-50;200;1;20;25;3;2;1;3;3;2;0;3;3;1;3;150;150;600;1;1000;4;1;8;100;50;1","rnbqkbnr/pppppppp/8/8/8/8/PPPPPPPP/RNBQKBNR w KQkq - 0 1","rnbqkbnr/pppppppp/8/8/8/8/PPPPPPPP/RNBQKBNR w KQkq - 0 1","0:0:0:0:0|0:0:0:0:0|0:0:0:0:0|0:0:0:0:0","759421758207090123:0:0",180000,180000,180000,180000,2000,real,1000,0,0,0,0,5,0,0,0,0,100,168181,158704,211007,224033,12,12,38,38,0,0,0,0,22,9,0,9,4,0,0,0,15,0,0,0,7,1,0.142857
0,11035599632273560509,0,5217400152004741643,team_a_wins,0,game_over,70,"shared_value;pvs;64;0;1;1;-50;200;1;20;25;3;2;1;3;3;2;0;3;3;1;3;150;150;600;1;1000;4;1;8;100;50;1","sacrifice;pvs;64;0;1;1;-50;200;1;20;25;3;2;1;3;3;2;0;3;3;1;3;150;150;600;1;1000;4;1;8;100;50;1","independent;pvs;64;0;1;1;-50;200;1;20;25;3;2;1;3;3;2;0;3;3;1;3;150;150;600;1;1000;4;1;8;100;50;1","request;pvs;64;0;1;1;-50;200;1;20;25;3;2;1;3;3;2;0;3;3;1;3;150;150;600;1;1000;4;1;8;100;50;1","rnbqkbnr/pppppppp/8/8/8/8/PPPPPPPP/RNBQKBNR w KQkq - 0 1","rnbqkbnr/pppppppp/8/8/8/8/PPPPPPPP/RNBQKBNR w KQkq - 0 1","0:0:0:0:0|0:0:0:0:0|0:0:0:0:0|0:0:0:0:0","759421758207090123:0:0",180000,180000,180000,180000,2000,real,1000,0,0,0,0,5,0,0,0,0,100,176455,175378,215217,232199,6,6,29,29,29,29,29,0,18,1,0,1,0,0,0,0,12,0,0,0,3,0,0
0,11035599632273560572,0,5217400152004741644,ongoing,-1,ply_limit,100,"shared_value;pvs;64;0;1;1;-50;200;1;20;25;3;2;1;3;3;2;0;3;3;1;3;150;150;600;1;1000;4;1;8;100;50;1","sacrifice;pvs;64;0;1;1;-50;200;1;20;25;3;2;1;3;3;2;0;3;3;1;3;150;150;600;1;1000;4;1;8;100;50;1","independent;pvs;64;0;1;1;-50;200;1;20;25;3;2;1;3;3;2;0;3;3;1;3;150;150;600;1;1000;4;1;8;100;50;1","shared_value;pvs;64;0;1;1;-50;200;1;20;25;3;2;1;3;3;2;0;3;3;1;3;150;150;600;1;1000;4;1;8;100;50;1","rnbqkbnr/pppppppp/8/8/8/8/PPPPPPPP/RNBQKBNR w KQkq - 0 1","rnbqkbnr/pppppppp/8/8/8/8/PPPPPPPP/RNBQKBNR w KQkq - 0 1","0:0:0:0:0|0:0:0:0:0|0:0:0:0:0|0:0:0:0:0","759421758207090123:0:0",180000,180000,180000,180000,2000,real,1000,0,0,0,0,5,0,0,0,0,100,176370,170987,237387,241603,8,8,42,42,0,0,0,0,27,2,0,0,0,0,0,0,14,1,4,0.0714286,1,0,0
0,11035599632273559615,0,5217400152004741645,team_a_wins,0,game_over,95,"shared_value;pvs;64;0;1;1;-50;200;1;20;25;3;2;1;3;3;2;0;3;3;1;3;150;150;600;1;1000;4;1;8;100;50;1","sacrifice;pvs;64;0;1;1;-50;200;1;20;25;3;2;1;3;3;2;0;3;3;1;3;150;150;600;1;1000;4;1;8;100;50;1","independent;pvs;64;0;1;1;-50;200;1;20;25;3;2;1;3;3;2;0;3;3;1;3;150;150;600;1;1000;4;1;8;100;50;1","sacrifice;pvs;64;0;1;1;-50;200;1;20;25;3;2;1;3;3;2;0;3;3;1;3;150;150;600;1;1000;4;1;8;100;50;1","rnbqkbnr/pppppppp/8/8/8/8/PPPPPPPP/RNBQKBNR w KQkq - 0 1","rnbqkbnr/pppppppp/8/8/8/8/PPPPPPPP/RNBQKBNR w KQkq - 0 1","0:0:0:0:0|0:0:0:0:0|0:0:0:0:0|0:0:0:0:0","759421758207090123:0:0",180000,180000,180000,180000,2000,real,1000,0,0,0,0,5,0,0,0,0,100,179030,180044,237798,243281,8,7,40,40,0,0,0,0,22,24,0,9,0,0,0,0,10,0,0,0,1,0,0
0,11035599632273624477,0,5217400152004742594,ongoing,-1,invalid_agent_move,78,"shared_value;pvs;64;0;1;1;-50;200;1;20;25;3;2;1;3;3;2;0;3;3;1;3;150;150;600;1;1000;4;1;8;100;50;1","sacrifice;pvs;64;0;1;1;-50;200;1;20;25;3;2;1;3;3;2;0;3;3;1;3;150;150;600;1;1000;4;1;8;100;50;1","request;pvs;64;0;1;1;-50;200;1;20;25;3;2;1;3;3;2;0;3;3;1;3;150;150;600;1;1000;4;1;8;100;50;1","independent;pvs;64;0;1;1;-50;200;1;20;25;3;2;1;3;3;2;0;3;3;1;3;150;150;600;1;1000;4;1;8;100;50;1","rnbqkbnr/pppppppp/8/8/8/8/PPPPPPPP/RNBQKBNR w KQkq - 0 1","rnbqkbnr/pppppppp/8/8/8/8/PPPPPPPP/RNBQKBNR w KQkq - 0 1","0:0:0:0:0|0:0:0:0:0|0:0:0:0:0|0:0:0:0:0","759421758207090123:0:0",180000,180000,180000,180000,2000,real,1000,0,0,0,0,5,0,0,0,0,100,229851,226387,186343,190615,29,28,10,11,10,10,10,1,5,41,0,30,0,0,0,0,5,0,0,0,0,0,0
0,11035599632273624540,0,5217400152004742593,ongoing,-1,ply_limit,100,"shared_value;pvs;64;0;1;1;-50;200;1;20;25;3;2;1;3;3;2;0;3;3;1;3;150;150;600;1;1000;4;1;8;100;50;1","sacrifice;pvs;64;0;1;1;-50;200;1;20;25;3;2;1;3;3;2;0;3;3;1;3;150;150;600;1;1000;4;1;8;100;50;1","request;pvs;64;0;1;1;-50;200;1;20;25;3;2;1;3;3;2;0;3;3;1;3;150;150;600;1;1000;4;1;8;100;50;1","request;pvs;64;0;1;1;-50;200;1;20;25;3;2;1;3;3;2;0;3;3;1;3;150;150;600;1;1000;4;1;8;100;50;1","rnbqkbnr/pppppppp/8/8/8/8/PPPPPPPP/RNBQKBNR w KQkq - 0 1","rnbqkbnr/pppppppp/8/8/8/8/PPPPPPPP/RNBQKBNR w KQkq - 0 1","0:0:0:0:0|0:0:0:0:0|0:0:0:0:0|0:0:0:0:0","759421758207090123:0:0",180000,180000,180000,180000,2000,real,1000,0,0,0,0,5,0,0,0,0,100,162767,166490,227499,228378,9,8,41,42,83,83,83,1,25,1,0,1,0,0,0,0,16,0,0,0,3,0,0
0,11035599632273623583,0,5217400152004742592,ongoing,-1,invalid_agent_move,64,"shared_value;pvs;64;0;1;1;-50;200;1;20;25;3;2;1;3;3;2;0;3;3;1;3;150;150;600;1;1000;4;1;8;100;50;1","sacrifice;pvs;64;0;1;1;-50;200;1;20;25;3;2;1;3;3;2;0;3;3;1;3;150;150;600;1;1000;4;1;8;100;50;1","request;pvs;64;0;1;1;-50;200;1;20;25;3;2;1;3;3;2;0;3;3;1;3;150;150;600;1;1000;4;1;8;100;50;1","shared_value;pvs;64;0;1;1;-50;200;1;20;25;3;2;1;3;3;2;0;3;3;1;3;150;150;600;1;1000;4;1;8;100;50;1","rnbqkbnr/pppppppp/8/8/8/8/PPPPPPPP/RNBQKBNR w KQkq - 0 1","rnbqkbnr/pppppppp/8/8/8/8/PPPPPPPP/RNBQKBNR w KQkq - 0 1","0:0:0:0:0|0:0:0:0:0|0:0:0:0:0|0:0:0:0:0","759421758207090123:0:0",180000,180000,180000,180000,2000,real,1000,0,0,0,0,5,0,0,0,0,100,165989,167163,190075,192428,10,9,22,23,22,22,22,0,12,1,0,0,0,0,0,0,11,0,0,0,0,0,0
0,11035599632273627534,0,5217400152004742655,ongoing,-1,ply_limit,100,"shared_value;pvs;64;0;1;1;-50;200;1;20;25;3;2;1;3;3;2;0;3;3;1;3;150;150;600;1;1000;4;1;8;100;50;1","sacrifice;pvs;64;0;1;1;-50;200;1;20;25;3;2;1;3;3;2;0;3;3;1;3;150;150;600;1;1000;4;1;8;100;50;1","request;pvs;64;0;1;1;-50;200;1;20;25;3;2;1;3;3;2;0;3;3;1;3;150;150;600;1;1000;4;1;8;100;50;1","sacrifice;pvs;64;0;1;1;-50;200;1;20;25;3;2;1;3;3;2;0;3;3;1;3;150;150;600;1;1000;4;1;8;100;50;1","rnbqkbnr/pppppppp/8/8/8/8/PPPPPPPP/RNBQKBNR w KQkq - 0 1","rnbqkbnr/pppppppp/8/8/8/8/PPPPPPPP/RNBQKBNR w KQkq - 0 1","0:0:0:0:0|0:0:0:0:0|0:0:0:0:0|0:0:0:0:0","759421758207090123:0:0",180000,180000,180000,180000,2000,real,1000,0,0,0,0,5,0,0,0,0,100,189385,183026,264273,260212,6,6,44,44,44,44,44,0,27,23,0,8,0,0,0,0,10,0,0,0,0,0,0
0,11035599632273587683,0,5217400152004742531,ongoing,-1,ply_limit,100,"shared_value;pvs;64;0;1;1;-50;200;1;20;25;3;2;1;3;3;2;0;3;3;1;3;150;150;600;1;1000;4;1;8;100;50;1","sacrifice;pvs;64;0;1;1;-50;200;1;20;25;3;2;1;3;3;2;0;3;3;1;3;150;150;600;1;1000;4;1;8;100;50;1","shared_value;pvs;64;0;1;1;-50;200;1;20;25;3;2;1;3;3;2;0;3;3;1;3;150;150;600;1;1000;4;1;8;100;50;1","independent;pvs;64;0;1;1;-50;200;1;20;25;3;2;1;3;3;2;0;3;3;1;3;150;150;600;1;1000;4;1;8;100;50;1","rnbqkbnr/pppppppp/8/8/8/8/PPPPPPPP/RNBQKBNR w KQkq - 0 1","rnbqkbnr/pppppppp/8/8/8/8/PPPPPPPP/RNBQKBNR w KQkq - 0 1","0:0:0:0:0|0:0:0:0:0|0:0:0:0:0|0:0:0:0:0","759421758207090123:0:0",180000,180000,180000,180000,2000,real,1000,0,0,0,0,5,0,0,0,0,100,188766,182907,262136,263836,6,6,44,44,0,0,0,0,9,3,0,0,0,0,0,0,5,0,0,0,0,0,0
0,11035599632273586735,0,5217400152004742528,ongoing,-1,ply_limit,100,"shared_value;pvs;64;0;1;1;-50;200;1;20;25;3;2;1;3;3;2;0;3;3;1;3;150;150;600;1;1000;4;1;8;100;50;1","sacrifice;pvs;64;0;1;1;-50;200;1;20;25;3;2;1;3;3;2;0;3;3;1;3;150;150;600;1;1000;4;1;8;100;50;1","shared_value;pvs;64;0;1;1;-50;200;1;20;25;3;2;1;3;3;2;0;3;3;1;3;150;150;600;1;1000;4;1;8;100;50;1","request;pvs;64;0;1;1;-50;200;1;20;25;3;2;1;3;3;2;0;3;3;1;3;150;150;600;1;1000;4;1;8;100;50;1","rnbqkbnr/pppppppp/8/8/8/8/PPPPPPPP/RNBQKBNR w KQkq - 0 1","rnbqkbnr/pppppppp/8/8/8/8/PPPPPPPP/RNBQKBNR w KQkq - 0 1","0:0:0:0:0|0:0:0:0:0|0:0:0:0:0|0:0:0:0:0","759421758207090123:0:0",180000,180000,180000,180000,2000,real,1000,0,0,0,0,5,0,0,0,0,100,175328,179784,239368,250874,9,8,41,42,42,42,42,0,24,2,0,1,1,0,0,0,11,1,3,0.0681818,4,0,0
0,11035599632273586796,0,5217400152004742529,ongoing,-1,invalid_agent_move,93,"shared_value;pvs;64;0;1;1;-50;200;1;20;25;3;2;1;3;3;2;0;3;3;1;3;150;150;600;1;1000;4;1;8;100;50;1","sacrifice;pvs;64;0;1;1;-50;200;1;20;25;3;2;1;3;3;2;0;3;3;1;3;150;150;600;1;1000;4;1;8;100;50;1","shared_value;pvs;64;0;1;1;-50;200;1;20;25;3;2;1;3;3;2;0;3;3;1;3;150;150;600;1;1000;4;1;8;100;50;1","shared_value;pvs;64;0;1;1;-50;200;1;20;25;3;2;1;3;3;2;0;3;3;1;3;150;150;600;1;1000;4;1;8;100;50;1","rnbqkbnr/pppppppp/8/8/8/8/PPPPPPPP/RNBQKBNR w KQkq - 0 1","rnbqkbnr/pppppppp/8/8/8/8/PPPPPPPP/RNBQKBNR w KQkq - 0 1","0:0:0:0:0|0:0:0:0:0|0:0:0:0:0|0:0:0:0:0","759421758207090123:0:0",180000,180000,180000,180000,2000,real,1000,0,0,0,0,5,0,0,0,0,100,144461,125431,141322,137022,23,22,24,24,0,0,0,0,27,3,0,2,0,0,0,0,19,1,2,0.0263158,12,2,0.166667
0,11035599632273623706,0,5217400152004742590,ongoing,-1,ply_limit,100,"shared_value;pvs;64;0;1;1;-50;200;1;20;25;3;2;1;3;3;2;0;3;3;1;3;150;150;600;1;1000;4;1;8;100;50;1","sacrifice;pvs;64;0;1;1;-50;200;1;20;25;3;2;1;3;3;2;0;3;3;1;3;150;150;600;1;1000;4;1;8;100;50;1","shared_value;pvs;64;0;1;1;-50;200;1;20;25;3;2;1;3;3;2;0;3;3;1;3;150;150;600;1;1000;4;1;8;100;50;1","sacrifice;pvs;64;0;1;1;-50;200;1;20;25;3;2;1;3;3;2;0;3;3;1;3;150;150;600;1;1000;4;1;8;100;50;1","rnbqkbnr/pppppppp/8/8/8/8/PPPPPPPP/RNBQKBNR w KQkq - 0 1","rnbqkbnr/pppppppp/8/8/8/8/PPPPPPPP/RNBQKBNR w KQkq - 0 1","0:0:0:0:0|0:0:0:0:0|0:0:0:0:0|0:0:0:0:0","759421758207090123:0:0",180000,180000,180000,180000,2000,real,1000,0,0,0,0,5,0,0,0,0,100,250903,252437,178772,183205,42,42,8,8,0,0,0,0,19,47,0,39,0,0,0,0,11,0,0,0,1,0,0
0,11035599632273582847,0,5217400152004742464,ongoing,-1,invalid_agent_move,73,"shared_value;pvs;64;0;1;1;-50;200;1;20;25;3;2;1;3;3;2;0;3;3;1;3;150;150;600;1;1000;4;1;8;100;50;1","sacrifice;pvs;64;0;1;1;-50;200;1;20;25;3;2;1;3;3;2;0;3;3;1;3;150;150;600;1;1000;4;1;8;100;50;1","sacrifice;pvs;64;0;1;1;-50;200;1;20;25;3;2;1;3;3;2;0;3;3;1;3;150;150;600;1;1000;4;1;8;100;50;1","independent;pvs;64;0;1;1;-50;200;1;20;25;3;2;1;3;3;2;0;3;3;1;3;150;150;600;1;1000;4;1;8;100;50;1","rnbqkbnr/pppppppp/8/8/8/8/PPPPPPPP/RNBQKBNR w KQkq - 0 1","rnbqkbnr/pppppppp/8/8/8/8/PPPPPPPP/RNBQKBNR w KQkq - 0 1","0:0:0:0:0|0:0:0:0:0|0:0:0:0:0|0:0:0:0:0","759421758207090123:0:0",180000,180000,180000,180000,2000,real,1000,0,0,0,0,5,0,0,0,0,100,156524,147763,171020,172611,13,13,23,24,0,0,0,0,18,13,0,10,0,0,0,0,11,0,0,0,3,0,0
0,11035599632273583411,0,5217400152004742467,ongoing,-1,ply_limit,100,"shared_value;pvs;64;0;1;1;-50;200;1;20;25;3;2;1;3;3;2;0;3;3;1;3;150;150;600;1;1000;4;1;8;100;50;1","sacrifice;pvs;64;0;1;1;-50;200;1;20;25;3;2;1;3;3;2;0;3;3;1;3;150;150;600;1;1000;4;1;8;100;50;1","sacrifice;pvs;64;0;1;1;-50;200;1;20;25;3;2;1;3;3;2;0;3;3;1;3;150;150;600;1;1000;4;1;8;100;50;1","request;pvs;64;0;1;1;-50;200;1;20;25;3;2;1;3;3;2;0;3;3;1;3;150;150;600;1;1000;4;1;8;100;50;1","rnbqkbnr/pppppppp/8/8/8/8/PPPPPPPP/RNBQKBNR w KQkq - 0 1","rnbqkbnr/pppppppp/8/8/8/8/PPPPPPPP/RNBQKBNR w KQkq - 0 1","0:0:0:0:0|0:0:0:0:0|0:0:0:0:0|0:0:0:0:0","759421758207090123:0:0",180000,180000,180000,180000,2000,real,1000,0,0,0,0,5,0,0,0,0,100,169045,167425,225782,220930,12,11,38,39,39,39,39,0,16,30,0,20,2,0,0,0,10,0,0,0,1,0,0
0,11035599632273583485,0,5217400152004742466,ongoing,-1,ply_limit,100,"shared_value;pvs;64;0;1;1;-50;200;1;20;25;3;2;1;3;3;2;0;3;3;1;3;150;150;600;1;1000;4;1;8;100;50;1","sacrifice;pvs;64;0;1;1;-50;200;1;20;25;3;2;1;3;3;2;0;3;3;1;3;150;150;600;1;1000;4;1;8;100;50;1","sacrifice;pvs;64;0;1;1;-50;200;1;20;25;3;2;1;3;3;2;0;3;3;1;3;150;150;600;1;1000;4;1;8;100;50;1","shared_value;pvs;64;0;1;1;-50;200;1;20;25;3;2;1;3;3;2;0;3;3;1;3;150;150;600;1;1000;4;1;8;100;50;1","rnbqkbnr/pppppppp/8/8/8/8/PPPPPPPP/RNBQKBNR w KQkq - 0 1","rnbqkbnr/pppppppp/8/8/8/8/PPPPPPPP/RNBQKBNR w KQkq - 0 1","0:0:0:0:0|0:0:0:0:0|0:0:0:0:0|0:0:0:0:0","759421758207090123:0:0",180000,180000,180000,180000,2000,real,1000,0,0,0,0,5,0,0,0,0,100,127399,130152,118910,162013,23,22,27,28,0,0,0,0,26,7,0,4,2,0,0,0,15,1,4,0.0666667,12,2,0.166667
0,11035599632273587051,0,5217400152004742525,ongoing,-1,ply_limit,100,"shared_value;pvs;64;0;1;1;-50;200;1;20;25;3;2;1;3;3;2;0;3;3;1;3;150;150;600;1;1000;4;1;8;100;50;1","sacrifice;pvs;64;0;1;1;-50;200;1;20;25;3;2;1;3;3;2;0;3;3;1;3;150;150;600;1;1000;4;1;8;100;50;1","sacrifice;pvs;64;0;1;1;-50;200;1;20;25;3;2;1;3;3;2;0;3;3;1;3;150;150;600;1;1000;4;1;8;100;50;1","sacrifice;pvs;64;0;1;1;-50;200;1;20;25;3;2;1;3;3;2;0;3;3;1;3;150;150;600;1;1000;4;1;8;100;50;1","rnbqkbnr/pppppppp/8/8/8/8/PPPPPPPP/RNBQKBNR w KQkq - 0 1","rnbqkbnr/pppppppp/8/8/8/8/PPPPPPPP/RNBQKBNR w KQkq - 0 1","0:0:0:0:0|0:0:0:0:0|0:0:0:0:0|0:0:0:0:0","759421758207090123:0:0",180000,180000,180000,180000,2000,real,1000,0,0,0,0,5,0,0,0,0,100,185531,182869,255903,258209,8,7,42,43,0,0,0,0,27,44,0,22,0,0,0,0,10,0,0,0,1,0,0
0,11035599632197848340,0,5217400152005442284,ongoing,-1,ply_limit,100,"sacrifice;pvs;64;0;1;1;-50;200;1;20;25;3;2;1;3;3;2;0;3;3;1;3;150;150;600;1;1000;4;1;8;100;50;1","independent;pvs;64;0;1;1;-50;200;1;20;25;3;2;1;3;3;2;0;3;3;1;3;150;150;600;1;1000;4;1;8;100;50;1","independent;pvs;64;0;1;1;-50;200;1;20;25;3;2;1;3;3;2;0;3;3;1;3;150;150;600;1;1000;4;1;8;100;50;1","independent;pvs;64;0;1;1;-50;200;1;20;25;3;2;1;3;3;2;0;3;3;1;3;150;150;600;1;1000;4;1;8;100;50;1","rnbqkbnr/pppppppp/8/8/8/8/PPPPPPPP/RNBQKBNR w KQkq - 0 1","rnbqkbnr/pppppppp/8/8/8/8/PPPPPPPP/RNBQKBNR w KQkq - 0 1","0:0:0:0:0|0:0:0:0:0|0:0:0:0:0|0:0:0:0:0","759421758207090123:0:0",180000,180000,180000,180000,2000,real,1000,0,0,0,0,5,0,0,0,0,100,186328,180165,268086,267909,4,4,46,46,0,0,0,0,26,2,0,2,0,0,0,0,10,0,0,0,0,0,0
0,11035599632197848407,0,5217400152005442285,ongoing,-1,ply_limit,100,"sacrifice;pvs;64;0;1;1;-50;200;1;20;25;3;2;1;3;3;2;0;3;3;1;3;150;150;600;1;1000;4;1;8;100;50;1","independent;pvs;64;0;1;1;-50;200;1;20;25;3;2;1;3;3;2;0;3;3;1;3;150;150;600;1;1000;4;1;8;100;50;1","independent;pvs;64;0;1;1;-50;200;1;20;25;3;2;1;3;3;2;0;3;3;1;3;150;150;600;1;1000;4;1;8;100;50;1","request;pvs;64;0;1;1;-50;200;1;20;25;3;2;1;3;3;2;0;3;3;1;3;150;150;600;1;1000;4;1;8;100;50;1","rnbqkbnr/pppppppp/8/8/8/8/PPPPPPPP/RNBQKBNR w KQkq - 0 1","rnbqkbnr/pppppppp/8/8/8/8/PPPPPPPP/RNBQKBNR w KQkq - 0 1","0:0:0:0:0|0:0:0:0:0|0:0:0:0:0|0:0:0:0:0","759421758207090123:0:0",180000,180000,180000,180000,2000,real,1000,0,0,0,0,5,0,0,0,0,100,181064,180153,264258,266359,5,4,45,46,46,46,46,0,19,2,0,2,0,0,0,0,9,0,0,0,1,0,0
0,11035599632197848209,0,5217400152005442290,ongoing,-1,invalid_agent_move,76,"sacrifice;pvs;64;0;1;1;-50;200;1;20;25;3;2;1;3;3;2;0;3;3;1;3;150;150;600;1;1000;4;1;8;100;50;1","independent;pvs;64;0;1;1;-50;200;1;20;25;3;2;1;3;3;2;0;3;3;1;3;150;150;600;1;1000;4;1;8;100;50;1","independent;pvs;64;0;1;1;-50;200;1;20;25;3;2;1;3;3;2;0;3;3;1;3;150;150;600;1;1000;4;1;8;100;50;1","shared_value;pvs;64;0;1;1;-50;200;1;20;25;3;2;1;3;3;2;0;3;3;1;3;150;150;600;1;1000;4;1;8;100;50;1","rnbqkbnr/pppppppp/8/8/8/8/PPPPPPPP/RNBQKBNR w KQkq - 0 1","rnbqkbnr/pppppppp/8/8/8/8/PPPPPPPP/RNBQKBNR w KQkq - 0 1","0:0:0:0:0|0:0:0:0:0|0:0:0:0:0|0:0:0:0:0","759421758207090123:0:0",180000,180000,180000,180000,2000,real,1000,0,0,0,0,5,0,0,0,0,100,190070,189616,165558,163621,26,25,12,13,0,0,0,0,22,4,0,3,1,0,0,0,15,0,0,0,4,0,0
0,11035599632197848287,0,5217400152005442291,ongoing,-1,invalid_agent_move,63,"sacrifice;pvs;64;0;1;1;-50;200;1;20;25;3;2;1;3;3;2;0;3;3;1;3;150;150;600;1;1000;4;1;8;100;50;1","independent;pvs;64;0;1;1;-50;200;1;20;25;3;2;1;3;3;2;0;3;3;1;3;150;150;600;1;1000;4;1;8;100;50;1","independent;pvs;64;0;1;1;-50;200;1;20;25;3;2;1;3;3;2;0;3;3;1;3;150;150;600;1;1000;4;1;8;100;50;1","sacrifice;pvs;64;0;1;1;-50;200;1;20;25;3;2;1;3;3;2;0;3;3;1;3;150;150;600;1;1000;4;1;8;100;50;1","rnbqkbnr/pppppppp/8/8/8/8/PPPPPPPP/RNBQKBNR w KQkq - 0 1","rnbqkbnr/pppppppp/8/8/8/8/PPPPPPPP/RNBQKBNR w KQkq - 0 1","0:0:0:0:0|0:0:0:0:0|0:0:0:0:0|0:0:0:0:0","759421758207090123:0:0",180000,180000,180000,180000,2000,real,1000,0,0,0,0,5,0,0,0,0,100,154710,151076,157420,157910,14,14,17,18,0,0,0,0,17,11,0,10,0,0,0,0,12,0,0,0,2,0,0
0,11035599632197826104,0,5217400152005442620,ongoing,-1,ply_limit,100,"sacrifice;pvs;64;0;1;1;-50;200;1;20;25;3;2;1;3;3;2;0;3;3;1;3;150;150;600;1;1000;4;1;8;100;50;1","independent;pvs;64;0;1;1;-50;200;1;20;25;3;2;1;3;3;2;0;3;3;1;3;150;150;600;1;1000;4;1;8;100;50;1","request;pvs;64;0;1;1;-50;200;1;20;25;3;2;1;3;3;2;0;3;3;1;3;150;150;600;1;1000;4;1;8;100;50;1","independent;pvs;64;0;1;1;-50;200;1;20;25;3;2;1;3;3;2;0;3;3;1;3;150;150;600;1;1000;4;1;8;100;50;1","rnbqkbnr/pppppppp/8/8/8/8/PPPPPPPP/RNBQKBNR w KQkq - 0 1","rnbqkbnr/pppppppp/8/8/8/8/PPPPPPPP/RNBQKBNR w KQkq - 0 1","0:0:0:0:0|0:0:0:0:0|0:0:0:0:0|0:0:0:0:0","759421758207090123:0:0",180000,180000,180000,180000,2000,real,1000,0,0,0,0,5,0,0,0,0,100,177034,174648,247065,250483,7,7,43,43,43,43,43,0,21,1,0,1,0,0,0,0,11,0,0,0,1,1,1
0,11035599632197826430,0,5217400152005442623,ongoing,-1,ply_limit,100,"sacrifice;pvs;64;0;1;1;-50;200;1;20;25;3;2;1;3;3;2;0;3;3;1;3;150;150;600;1;1000;4;1;8;100;50;1","independent;pvs;64;0;1;1;-50;200;1;20;25;3;2;1;3;3;2;0;3;3;1;3;150;150;600;1;1000;4;1;8;100;50;1","request;pvs;64;0;1;1;-50;200;1;20;25;3;2;1;3;3;2;0;3;3;1;3;150;150;600;1;1000;4;1;8;100;50;1","request;pvs;64;0;1;1;-50;200;1;20;25;3;2;1;3;3;2;0;3;3;1;3;150;150;600;1;1000;4;1;8;100;50;1","rnbqkbnr/pppppppp/8/8/8/8/PPPPPPPP/RNBQKBNR w KQkq - 0 1","rnbqkbnr/pppppppp/8/8/8/8/PPPPPPPP/RNBQKBNR w KQkq - 0 1","0:0:0:0:0|0:0:0:0:0|0:0:0:0:0|0:0:0:0:0","759421758207090123:0:0",180000,180000,180000,180000,2000,real,1000,0,0,0,0,5,0,0,0,0,100,186333,180179,268044,267795,4,4,46,46,92,92,92,0,26,2,0,2,0,0,0,0,10,0,0,0,0,0,0
0,11035599632197826234,0,5217400152005442622,ongoing,-1,ply_limit,100,"sacrifice;pvs;64;0;1;1;-50;200;1;20;25;3;2;1;3;3;2;0;3;3;1;3;150;150;600;1;1000;4;1;8;100;50;1","independent;pvs;64;0;1;1;-50;200;1;20;25;3;2;1;3;3;2;0;3;3;1;3;150;150;600;1;1000;4;1;8;100;50;1","request;pvs;64;0;1;1;-50;200;1;20;25;3;2;1;3;3;2;0;3;3;1;3;150;150;600;1;1000;4;1;8;100;50;1","shared_value;pvs;64;0;1;1;-50;200;1;20;25;3;2;1;3;3;2;0;3;3;1;3;150;150;600;1;1000;4;1;8;100;50;1","rnbqkbnr/pppppppp/8/8/8/8/PPPPPPPP/RNBQKBNR w KQkq - 0 1","rnbqkbnr/pppppppp/8/8/8/8/PPPPPPPP/RNBQKBNR w KQkq - 0 1","0:0:0:0:0|0:0:0:0:0|0:0:0:0:0|0:0:0:0:0","759421758207090123:0:0",180000,180000,180000,180000,2000,real,1000,0,0,0,0,5,0,0,0,0,100,175791,175454,236956,220147,12,12,38,38,38,38,38,0,26,6,0,4,0,0,0,0,12,0,0,0,5,0,0
0,11035599632197826022,0,5217400152005442617,ongoing,-1,invalid_agent_move,81,"sacrifice;pvs;64;0;1;1;-50;200;1;20;25;3;2;1;3;3;2;0;3;3;1;3;150;150;600;1;1000;4;1;8;100;50;1","independent;pvs;64;0;1;1;-50;200;1;20;25;3;2;1;3;3;2;0;3;3;1;3;150;150;600;1;1000;4;1;8;100;50;1","request;pvs;64;0;1;1;-50;200;1;20;25;3;2;1;3;3;2;0;3;3;1;3;150;150;600;1;1000;4;1;8;100;50;1","sacrifice;pvs;64;0;1;1;-50;200;1;20;25;3;2;1;3;3;2;0;3;3;1;3;150;150;600;1;1000;4;1;8;100;50;1","rnbqkbnr/pppppppp/8/8/8/8/PPPPPPPP/RNBQKBNR w KQkq - 0 1","rnbqkbnr/pppppppp/8/8/8/8/PPPPPPPP/RNBQKBNR w KQkq - 0 1","0:0:0:0:0|0:0:0:0:0|0:0:0:0:0|0:0:0:0:0","759421758207090123:0:0",180000,180000,180000,180000,2000,real,1000,0,0,0,0,5,0,0,0,0,100,135397,132125,133377,140548,19,19,21,22,21,21,21,0,21,11,0,10,0,0,0,0,11,0,0,0,6,0,0
0,11035599632197821995,0,5217400152005442685,ongoing,-1,ply_limit,100,"sacrifice;pvs;64;0;1;1;-50;200;1;20;25;3;2;1;3;3;2;0;3;3;1;3;150;150;600;1;1000;4;1;8;100;50;1","independent;pvs;64;0;1;1;-50;200;1;20;25;3;2;1;3;3;2;0;3;3;1;3;150;150;600;1;1000;4;1;8;100;50;1","shared_value;pvs;64;0;1;1;-50;200;1;20;25;3;2;1;3;3;2;0;3;3;1;3;150;150;600;1;1000;4;1;8;100;50;1","independent;pvs;64;0;1;1;-50;200;1;20;25;3;2;1;3;3;2;0;3;3;1;3;150;150;600;1;1000;4;1;8;100;50;1","rnbqkbnr/pppppppp/8/8/8/8/PPPPPPPP/RNBQKBNR w KQkq - 0 1","rnbqkbnr/pppppppp/8/8/8/8/PPPPPPPP/RNBQKBNR w KQkq - 0 1","0:0:0:0:0|0:0:0:0:0|0:0:0:0:0|0:0:0:0:0","759421758207090123:0:0",180000,180000,180000,180000,2000,real,1000,0,0,0,0,5,0,0,0,0,100,249164,250691,181635,185113,42,41,8,9,0,0,0,0,19,25,0,10,0,0,0,0,11,0,0,0,3,0,0
0,11035599632197822058,0,5217400152005442686,team_b_wins,1,game_over,73,"sacrifice;pvs;64;0;1;1;-50;200;1;20;25;3;2;1;3;3;2;0;3;3;1;3;150;150;600;1;1000;4;1;8;100;50;1","independent;pvs;64;0;1;1;-50;200;1;20;25;3;2;1;3;3;2;0;3;3;1;3;150;150;600;1;1000;4;1;8;100;50;1","shared_value;pvs;64;0;1;1;-50;200;1;20;25;3;2;1;3;3;2;0;3;3;1;3;150;150;600;1;1000;4;1;8;100;50;1","request;pvs;64;0;1;1;-50;200;1;20;25;3;2;1;3;3;2;0;3;3;1;3;150;150;600;1;1000;4;1;8;100;50;1","rnbqkbnr/pppppppp/8/8/8/8/PPPPPPPP/RNBQKBNR w KQkq - 0 1","rnbqkbnr/pppppppp/8/8/8/8/PPPPPPPP/RNBQKBNR w KQkq - 0 1","0:0:0:0:0|0:0:0:0:0|0:0:0:0:0|0:0:0:0:0","759421758207090123:0:0",180000,180000,180000,180000,2000,real,1000,0,0,0,0,5,0,0,0,0,100,219836,214264,183354,180207,28,28,8,9,9,9,9,1,15,9,0,5,0,0,0,0,10,0,0,0,3,0,0
0,11035599632197822382,0,5217400152005442687,team_a_wins,0,game_over,19,"sacrifice;pvs;64;0;1;1;-50;200;1;20;25;3;2;1;3;3;2;0;3;3;1;3;150;150;600;1;1000;4;1;8;100;50;1","independent;pvs;64;0;1;1;-50;200;1;20;25;3;2;1;3;3;2;0;3;3;1;3;150;150;600;1;1000;4;1;8;100;50;1","shared_value;pvs;64;0;1;1;-50;200;1;20;25;3;2;1;3;3;2;0;3;3;1;3;150;150;600;1;1000;4;1;8;100;50;1","shared_value;pvs;64;0;1;1;-50;200;1;20;25;3;2;1;3;3;2;0;3;3;1;3;150;150;600;1;1000;4;1;8;100;50;1","rnbqkbnr/pppppppp/8/8/8/8/PPPPPPPP/RNBQKBNR w KQkq - 0 1","rnbqkbnr/pppppppp/8/8/8/8/PPPPPPPP/RNBQKBNR w KQkq - 0 1","0:0:0:0:0|0:0:0:0:0|0:0:0:0:0|0:0:0:0:0","759421758207090123:0:0",180000,180000,180000,180000,2000,real,1000,0,0,0,0,5,0,0,0,0,100,188915,187522,182159,189096,5,4,5,5,0,0,0,0,2,2,0,1,0,0,0,0,2,1,4,0.5,1,0,0
0,11035599632197821941,0,5217400152005442680,ongoing,-1,ply_limit,100,"sacrifice;pvs;64;0;1;1;-50;200;1;20;25;3;2;1;3;3;2;0;3;3;1;3;150;150;600;1;1000;4;1;8;100;50;1","independent;pvs;64;0;1;1;-50;200;1;20;25;3;2;1;3;3;2;0;3;3;1;3;150;150;600;1;1000;4;1;8;100;50;1","shared_value;pvs;64;0;1;1;-50;200;1;20;25;3;2;1;3;3;2;0;3;3;1;3;150;150;600;1;1000;4;1;8;100;50;1","sacrifice;pvs;64;0;1;1;-50;200;1;20;25;3;2;1;3;3;2;0;3;3;1;3;150;150;600;1;1000;4;1;8;100;50;1","rnbqkbnr/pppppppp/8/8/8/8/PPPPPPPP/RNBQKBNR w KQkq - 0 1","rnbqkbnr/pppppppp/8/8/8/8/PPPPPPPP/RNBQKBNR w KQkq - 0 1","0:0:0:0:0|0:0:0:0:0|0:0:0:0:0|0:0:0:0:0","759421758207090123:0:0",180000,180000,180000,180000,2000,real,1000,0,0,0,0,5,0,0,0,0,100,261614,263282,182041,183056,45,44,5,6,0,0,0,0,18,7,1,5,1,1,0,0,8,0,0,0,1,0,0
0,11035599632197899290,0,5217400152005443518,ongoing,-1,invalid_agent_move,77,"sacrifice;pvs;64;0;1;1;-50;200;1;20;25;3;2;1;3;3;2;0;3;3;1;3;150;150;600;1;1000;4;1;8;100;50;1","independent;pvs;64;0;1;1;-50;200;1;20;25;3;2;1;3;3;2;0;3;3;1;3;150;150;600;1;1000;4;1;8;100;50;1","sacrifice;pvs;64;0;1;1;-50;200;1;20;25;3;2;1;3;3;2;0;3;3;1;3;150;150;600;1;1000;4;1;8;100;50;1","independent;pvs;64;0;1;1;-50;200;1;20;25;3;2;1;3;3;2;0;3;3;1;3;150;150;600;1;1000;4;1;8;100;50;1","rnbqkbnr/pppppppp/8/8/8/8/PPPPPPPP/RNBQKBNR w KQkq - 0 1","rnbqkbnr/pppppppp/8/8/8/8/PPPPPPPP/RNBQKBNR w KQkq - 0 1","0:0:0:0:0|0:0:0:0:0|0:0:0:0:0|0:0:0:0:0","759421758207090123:0:0",180000,180000,180000,180000,2000,real,1000,0,0,0,0,5,0,0,0,0,100,146649,148052,157078,163373,16,15,23,23,0,0,0,0,22,15,0,13,0,0,0,0,16,0,0,0,6,0,0
0,11035599632197899355,0,5217400152005443517,team_b_wins,1,game_over,43,"sacrifice;pvs;64;0;1;1;-50;200;1;20;25;3;2;1;3;3;2;0;3;3;1;3;150;150;600;1;1000;4;1;8;100;50;1","independent;pvs;64;0;1;1;-50;200;1;20;25;3;2;1;3;3;2;0;3;3;1;3;150;150;600;1;1000;4;1;8;100;50;1","sacrifice;pvs;64;0;1;1;-50;200;1;20;25;3;2;1;3;3;2;0;3;3;1;3;150;150;600;1;1000;4;1;8;100;50;1","request;pvs;64;0;1;1;-50;200;1;20;25;3;2;1;3;3;2;0;3;3;1;3;150;150;600;1;1000;4;1;8;100;50;1","rnbqkbnr/pppppppp/8/8/8/8/PPPPPPPP/RNBQKBNR w KQkq - 0 1","rnbqkbnr/pppppppp/8/8/8/8/PPPPPPPP/RNBQKBNR w KQkq - 0 1","0:0:0:0:0|0:0:0:0:0|0:0:0:0:0|0:0:0:0:0","759421758207090123:0:0",180000,180000,180000,180000,2000,real,1000,0,0,0,0,5,0,0,0,0,100,184377,182101,189101,182673,10,10,11,12,12,12,12,0,9,6,0,5,0,0,0,0,5,0,0,0,3,0,0
0,11035599632197899416,0,5217400152005443516,ongoing,-1,ply_limit,100,"sacrifice;pvs;64;0;1;1;-50;200;1;20;25;3;2;1;3;3;2;0;3;3;1;3;150;150;600;1;1000;4;1;8;100;50;1","independent;pvs;64;0;1;1;-50;200;1;20;25;3;2;1;3;3;2;0;3;3;1;3;150;150;600;1;1000;4;1;8;100;50;1","sacrifice;pvs;64;0;1;1;-50;200;1;20;25;3;2;1;3;3;2;0;3;3;1;3;150;150;600;1;1000;4;1;8;100;50;1","shared_value;pvs;64;0;1;1;-50;200;1;20;25;3;2;1;3;3;2;0;3;3;1;3;150;150;600;1;1000;4;1;8;100;50;1","rnbqkbnr/pppppppp/8/8/8/8/PPPPPPPP/RNBQKBNR w KQkq - 0 1","rnbqkbnr/pppppppp/8/8/8/8/PPPPPPPP/RNBQKBNR w KQkq - 0 1","0:0:0:0:0|0:0:0:0:0|0:0:0:0:0|0:0:0:0:0","759421758207090123:0:0",180000,180000,180000,180000,2000,real,1000,0,0,0,0,5,0,0,0,0,100,257282,261028,183802,184179,43,43,7,7,0,0,0,0,23,23,0,9,0,0,0,0,10,0,0,0,1,0,0
0,11035599632197899481,0,5217400152005443515,ongoing,-1,invalid_agent_move,82,"sacrifice;pvs;64;0;1;1;-50;200;1;20;25;3;2;1;3;3;2;0;3;3;1;3;150;150;600;1;1000;4;1;8;100;50;1","independent;pvs;64;0;1;1;-50;200;1;20;25;3;2;1;3;3;2;0;3;3;1;3;150;150;600;1;1000;4;1;8;100;50;1","sacrifice;pvs;64;0;1;1;-50;200;1;20;25;3;2;1;3;3;2;0;3;3;1;3;150;150;600;1;1000;4;1;8;100;50;1","sacrifice;pvs;64;0;1;1;-50;200;1;20;25;3;2;1;3;3;2;0;3;3;1;3;150;150;600;1;1000;4;1;8;100;50;1","rnbqkbnr/pppppppp/8/8/8/8/PPPPPPPP/RNBQKBNR w KQkq - 0 1","rnbqkbnr/pppppppp/8/8/8/8/PPPPPPPP/RNBQKBNR w KQkq - 0 1","0:0:0:0:0|0:0:0:0:0|0:0:0:0:0|0:0:0:0:0","759421758207090123:0:0",180000,180000,180000,180000,2000,real,1000,0,0,0,0,5,0,0,0,0,100,206241,200467,162922,163543,32,31,9,10,0,0,0,0,22,17,0,12,0,0,0,0,16,0,0,0,3,1,0.333333
0,11035599632200211579,0,5217400152005421629,team_b_wins,1,game_over,75,"sacrifice;pvs;64;0;1;1;-50;200;1;20;25;3;2;1;3;3;2;0;3;3;1;3;150;150;600;1;1000;4;1;8;100;50;1","request;pvs;64;0;1;1;-50;200;1;20;25;3;2;1;3;3;2;0;3;3;1;3;150;150;600;1;1000;4;1;8;100;50;1","independent;pvs;64;0;1;1;-50;200;1;20;25;3;2;1;3;3;2;0;3;3;1;3;150;150;600;1;1000;4;1;8;100;50;1","independent;pvs;64;0;1;1;-50;200;1;20;25;3;2;1;3;3;2;0;3;3;1;3;150;150;600;1;1000;4;1;8;100;50;1","rnbqkbnr/pppppppp/8/8/8/8/PPPPPPPP/RNBQKBNR w KQkq - 0 1","rnbqkbnr/pppppppp/8/8/8/8/PPPPPPPP/RNBQKBNR w KQkq - 0 1","0:0:0:0:0|0:0:0:0:0|0:0:0:0:0|0:0:0:0:0","759421758207090123:0:0",180000,180000,180000,180000,2000,real,1000,0,0,0,0,5,0,0,0,0,100,148538,139281,153083,152840,17,17,20,21,17,17,17,1,21,6,0,3,0,0,0,0,17,1,2,0.0294118,11,0,0
0,11035599632200212408,0,5217400152005421628,ongoing,-1,ply_limit,100,"sacrifice;pvs;64;0;1;1;-50;200;1;20;25;3;2;1;3;3;2;0;3;3;1;3;150;150;600;1;1000;4;1;8;100;50;1","request;pvs;64;0;1;1;-50;200;1;20;25;3;2;1;3;3;2;0;3;3;1;3;150;150;600;1;1000;4;1;8;100;50;1","independent;pvs;64;0;1;1;-50;200;1;20;25;3;2;1;3;3;2;0;3;3;1;3;150;150;600;1;1000;4;1;8;100;50;1","request;pvs;64;0;1;1;-50;200;1;20;25;3;2;1;3;3;2;0;3;3;1;3;150;150;600;1;1000;4;1;8;100;50;1","rnbqkbnr/pppppppp/8/8/8/8/PPPPPPPP/RNBQKBNR w KQkq - 0 1","rnbqkbnr/pppppppp/8/8/8/8/PPPPPPPP/RNBQKBNR w KQkq - 0 1","0:0:0:0:0|0:0:0:0:0|0:0:0:0:0|0:0:0:0:0","759421758207090123:0:0",180000,180000,180000,180000,2000,real,1000,0,0,0,0,5,0,0,0,0,100,179767,179447,265512,266174,4,4,46,46,50,50,50,2,23,0,0,0,0,0,0,0,11,0,0,0,0,0,0
0,11035599632200207747,0,5217400152005421571,team_a_wins,0,game_over,92,"sacrifice;pvs;64;0;1;1;-50;200;1;20;25;3;2;1;3;3;2;0;3;3;1;3;150;150;600;1;1000;4;1;8;100;50;1","request;pvs;64;0;1;1;-50;200;1;20;25;3;2;1;3;3;2;0;3;3;1;3;150;150;600;1;1000;4;1;8;100;50;1","independent;pvs;64;0;1;1;-50;200;1;20;25;3;2;1;3;3;2;0;3;3;1;3;150;150;600;1;1000;4;1;8;100;50;1","shared_value;pvs;64;0;1;1;-50;200;1;20;25;3;2;1;3;3;2;0;3;3;1;3;150;150;600;1;1000;4;1;8;100;50;1","rnbqkbnr/pppppppp/8/8/8/8/PPPPPPPP/RNBQKBNR w KQkq - 0 1","rnbqkbnr/pppppppp/8/8/8/8/PPPPPPPP/RNBQKBNR w KQkq - 0 1","0:0:0:0:0|0:0:0:0:0|0:0:0:0:0|0:0:0:0:0","759421758207090123:0:0",180000,180000,180000,180000,2000,real,1000,0,0,0,0,5,0,0,0,0,100,135440,134970,126234,164401,20,20,26,26,20,20,20,3,28,4,0,4,1,0,0,0,17,0,0,0,14,1,0.0714286
0,11035599632200207693,0,5217400152005421570,ongoing,-1,invalid_agent_move,55,"sacrifice;pvs;64;0;1;1;-50;200;1;20;25;3;2;1;3;3;2;0;3;3;1;3;150;150;600;1;1000;4;1;8;100;50;1","request;pvs;64;0;1;1;-50;200;1;20;25;3;2;1;3;3;2;0;3;3;1;3;150;150;600;1;1000;4;1;8;100;50;1","independent;pvs;64;0;1;1;-50;200;1;20;25;3;2;1;3;3;2;0;3;3;1;3;150;150;600;1;1000;4;1;8;100;50;1","sacrifice;pvs;64;0;1;1;-50;200;1;20;25;3;2;1;3;3;2;0;3;3;1;3;150;150;600;1;1000;4;1;8;100;50;1","rnbqkbnr/pppppppp/8/8/8/8/PPPPPPPP/RNBQKBNR w KQkq - 0 1","rnbqkbnr/pppppppp/8/8/8/8/PPPPPPPP/RNBQKBNR w KQkq - 0 1","0:0:0:0:0|0:0:0:0:0|0:0:0:0:0|0:0:0:0:0","759421758207090123:0:0",180000,180000,180000,180000,2000,real,1000,0,0,0,0,5,0,0,0,0,100,165426,158407,159851,162610,15,14,13,13,14,14,14,1,12,11,0,10,0,0,0,0,9,1,3,0.0833333,4,1,0.25
0,11035599632200177359,0,5217400152005422157,team_b_wins,1,game_over,87,"sacrifice;pvs;64;0;1;1;-50;200;1;20;25;3;2;1;3;3;2;0;3;3;1;3;150;150;600;1;1000;4;1;8;100;50;1","request;pvs;64;0;1;1;-50;200;1;20;25;3;2;1;3;3;2;0;3;3;1;3;150;150;600;1;1000;4;1;8;100;50;1","request;pvs;64;0;1;1;-50;200;1;20;25;3;2;1;3;3;2;0;3;3;1;3;150;150;600;1;1000;4;1;8;100;50;1","independent;pvs;64;0;1;1;-50;200;1;20;25;3;2;1;3;3;2;0;3;3;1;3;150;150;600;1;1000;4;1;8;100;50;1","rnbqkbnr/pppppppp/8/8/8/8/PPPPPPPP/RNBQKBNR w KQkq - 0 1","rnbqkbnr/pppppppp/8/8/8/8/PPPPPPPP/RNBQKBNR w KQkq - 0 1","0:0:0:0:0|0:0:0:0:0|0:0:0:0:0|0:0:0:0:0","759421758207090123:0:0",180000,180000,180000,180000,2000,real,1000,0,0,0,0,5,0,0,0,0,100,167399,165135,218835,212866,9,9,34,35,43,43,43,3,24,1,0,1,0,0,0,0,14,1,1,0.0178571,6,1,0.166667
0,11035599632200177294,0,5217400152005422158,ongoing,-1,ply_limit,100,"sacrifice;pvs;64;0;1;1;-50;200;1;20;25;3;2;1;3;3;2;0;3;3;1;3;150;150;600;1;1000;4;1;8;100;50;1","request;pvs;64;0;1;1;-50;200;1;20;25;3;2;1;3;3;2;0;3;3;1;3;150;150;600;1;1000;4;1;8;100;50;1","request;pvs;64;0;1;1;-50;200;1;20;25;3;2;1;3;3;2;0;3;3;1;3;150;150;600;1;1000;4;1;8;100;50;1","request;pvs;64;0;1;1;-50;200;1;20;25;3;2;1;3;3;2;0;3;3;1;3;150;150;600;1;1000;4;1;8;100;50;1","rnbqkbnr/pppppppp/8/8/8/8/PPPPPPPP/RNBQKBNR w KQkq - 0 1","rnbqkbnr/pppppppp/8/8/8/8/PPPPPPPP/RNBQKBNR w KQkq - 0 1","0:0:0:0:0|0:0:0:0:0|0:0:0:0:0|0:0:0:0:0","759421758207090123:0:0",180000,180000,180000,180000,2000,real,1000,0,0,0,0,5,0,0,0,0,100,179844,179477,266777,267316,4,4,46,46,96,96,96,1,24,0,0,0,0,0,0,0,10,0,0,0,1,0,0
0,11035599632200177482,0,5217400152005422159,ongoing,-1,invalid_agent_move,56,"sacrifice;pvs;64;0;1;1;-50;200;1;20;25;3;2;1;3;3;2;0;3;3;1;3;150;150;600;1;1000;4;1;8;100;50;1","request;pvs;64;0;1;1;-50;200;1;20;25;3;2;1;3;3;2;0;3;3;1;3;150;150;600;1;1000;4;1;8;100;50;1","request;pvs;64;0;1;1;-50;200;1;20;25;3;2;1;3;3;2;0;3;3;1;3;150;150;600;1;1000;4;1;8;100;50;1","shared_value;pvs;64;0;1;1;-50;200;1;20;25;3;2;1;3;3;2;0;3;3;1;3;150;150;600;1;1000;4;1;8;100;50;1","rnbqkbnr/pppppppp/8/8/8/8/PPPPPPPP/RNBQKBNR w KQkq - 0 1","rnbqkbnr/pppppppp/8/8/8/8/PPPPPPPP/RNBQKBNR w KQkq - 0 1","0:0:0:0:0|0:0:0:0:0|0:0:0:0:0|0:0:0:0:0","759421758207090123:0:0",180000,180000,180000,180000,2000,real,1000,0,0,0,0,5,0,0,0,0,100,161796,156861,161555,165932,14,13,14,15,27,27,27,1,14,6,0,6,1,0,0,0,10,0,0,0,3,1,0.333333
0,11035599632200176945,0,5217400152005422152,ongoing,-1,ply_limit,100,"sacrifice;pvs;64;0;1;1;-50;200;1;20;25;3;2;1;3;3;2;0;3;3;1;3;150;150;600;1;1000;4;1;8;100;50;1","request;pvs;64;0;1;1;-50;200;1;20;25;3;2;1;3;3;2;0;3;3;1;3;150;150;600;1;1000;4;1;8;100;50;1","request;pvs;64;0;1;1;-50;200;1;20;25;3;2;1;3;3;2;0;3;3;1;3;150;150;600;1;1000;4;1;8;100;50;1","sacrifice;pvs;64;0;1;1;-50;200;1;20;25;3;2;1;3;3;2;0;3;3;1;3;150;150;600;1;1000;4;1;8;100;50;1","rnbqkbnr/pppppppp/8/8/8/8/PPPPPPPP/RNBQKBNR w KQkq - 0 1","rnbqkbnr/pppppppp/8/8/8/8/PPPPPPPP/RNBQKBNR w KQkq - 0 1","0:0:0:0:0|0:0:0:0:0|0:0:0:0:0|0:0:0:0:0","759421758207090123:0:0",180000,180000,180000,180000,2000,real,1000,0,0,0,0,5,0,0,0,0,100,178237,177188,247943,248432,8,7,42,43,49,49,49,2,21,12,0,12,0,0,0,0,12,0,0,0,4,0,0
0,11035599632200197852,0,5217400152005422220,ongoing,-1,invalid_agent_move,43,"sacrifice;pvs;64;0;1;1;-50;200;1;20;25;3;2;1;3;3;2;0;3;3;1;3;150;150;600;1;1000;4;1;8;100;50;1","request;pvs;64;0;1;1;-50;200;1;20;25;3;2;1;3;3;2;0;3;3;1;3;150;150;600;1;1000;4;1;8;100;50;1","shared_value;pvs;64;0;1;1;-50;200;1;20;25;3;2;1;3;3;2;0;3;3;1;3;150;150;600;1;1000;4;1;8;100;50;1","independent;pvs;64;0;1;1;-50;200;1;20;25;3;2;1;3;3;2;0;3;3;1;3;150;150;600;1;1000;4;1;8;100;50;1","rnbqkbnr/pppppppp/8/8/8/8/PPPPPPPP/RNBQKBNR w KQkq - 0 1","rnbqkbnr/pppppppp/8/8/8/8/PPPPPPPP/RNBQKBNR w KQkq - 0 1","0:0:0:0:0|0:0:0:0:0|0:0:0:0:0|0:0:0:0:0","759421758207090123:0:0",180000,180000,180000,180000,2000,real,1000,0,0,0,0,5,0,0,0,0,100,173407,163448,165961,170364,12,11,10,10,11,11,11,0,12,4,0,2,0,0,0,0,10,0,0,0,1,0,0
0,11035599632200198042,0,5217400152005422223,ongoing,-1,invalid_agent_move,71,"sacrifice;pvs;64;0;1;1;-50;200;1;20;25;3;2;1;3;3;2;0;3;3;1;3;150;150;600;1;1000;4;1;8;100;50;1","request;pvs;64;0;1;1;-50;200;1;20;25;3;2;1;3;3;2;0;3;3;1;3;150;150;600;1;1000;4;1;8;100;50;1","shared_value;pvs;64;0;1;1;-50;200;1;20;25;3;2;1;3;3;2;0;3;3;1;3;150;150;600;1;1000;4;1;8;100;50;1","request;pvs;64;0;1;1;-50;200;1;20;25;3;2;1;3;3;2;0;3;3;1;3;150;150;600;1;1000;4;1;8;100;50;1","rnbqkbnr/pppppppp/8/8/8/8/PPPPPPPP/RNBQKBNR w KQkq - 0 1","rnbqkbnr/pppppppp/8/8/8/8/PPPPPPPP/RNBQKBNR w KQkq - 0 1","0:0:0:0:0|0:0:0:0:0|0:0:0:0:0|0:0:0:0:0","759421758207090123:0:0",180000,180000,180000,180000,2000,real,1000,0,0,0,0,5,0,0,0,0,100,156869,156769,201777,171326,10,9,26,26,35,35,35,2,22,0,0,0,0,0,0,0,14,0,0,0,3,1,0.333333
0,11035599632200197726,0,5217400152005422222,team_a_wins,0,game_over,19,"sacrifice;pvs;64;0;1;1;-50;200;1;20;25;3;2;1;3;3;2;0;3;3;1;3;150;150;600;1;1000;4;1;8;100;50;1","request;pvs;64;0;1;1;-50;200;1;20;25;3;2;1;3;3;2;0;3;3;1;3;150;150;600;1;1000;4;1;8;100;50;1","shared_value;pvs;64;0;1;1;-50;200;1;20;25;3;2;1;3;3;2;0;3;3;1;3;150;150;600;1;1000;4;1;8;100;50;1","shared_value;pvs;64;0;1;1;-50;200;1;20;25;3;2;1;3;3;2;0;3;3;1;3;150;150;600;1;1000;4;1;8;100;50;1","rnbqkbnr/pppppppp/8/8/8/8/PPPPPPPP/RNBQKBNR w KQkq - 0 1","rnbqkbnr/pppppppp/8/8/8/8/PPPPPPPP/RNBQKBNR w KQkq - 0 1","0:0:0:0:0|0:0:0:0:0|0:0:0:0:0|0:0:0:0:0","759421758207090123:0:0",180000,180000,180000,180000,2000,real,1000,0,0,0,0,5,0,0,0,0,100,188928,187477,182167,189121,5,4,5,5,4,4,4,0,2,2,0,1,0,0,0,0,2,1,4,0.5,1,0,0
0,11035599632200197410,0,5217400152005422217,ongoing,-1,ply_limit,100,"sacrifice;pvs;64;0;1;1;-50;200;1;20;25;3;2;1;3;3;2;0;3;3;1;3;150;150;600;1;1000;4;1;8;100;50;1","request;pvs;64;0;1;1;-50;200;1;20;25;3;2;1;3;3;2;0;3;3;1;3;150;150;600;1;1000;4;1;8;100;50;1","shared_value;pvs;64;0;1;1;-50;200;1;20;25;3;2;1;3;3;2;0;3;3;1;3;150;150;600;1;1000;4;1;8;100;50;1","sacrifice;pvs;64;0;1;1;-50;200;1;20;25;3;2;1;3;3;2;0;3;3;1;3;150;150;600;1;1000;4;1;8;100;50;1","rnbqkbnr/pppppppp/8/8/8/8/PPPPPPPP/RNBQKBNR w KQkq - 0 1","rnbqkbnr/pppppppp/8/8/8/8/PPPPPPPP/RNBQKBNR w KQkq - 0 1","0:0:0:0:0|0:0:0:0:0|0:0:0:0:0|0:0:0:0:0","759421758207090123:0:0",180000,180000,180000,180000,2000,real,1000,0,0,0,0,5,0,0,0,0,100,259101,259968,183205,187065,44,43,6,7,43,43,43,0,16,23,0,15,1,0,0,0,8,0,0,0,1,0,0
0,11035599632200202154,0,5217400152005422287,ongoing,-1,ply_limit,100,"sacrifice;pvs;64;0;1;1;-50;200;1;20;25;3;2;1;3;3;2;0;3;3;1;3;150;150;600;1;1000;4;1;8;100;50;1","request;pvs;64;0;1;1;-50;200;1;20;25;3;2;1;3;3;2;0;3;3;1;3;150;150;600;1;1000;4;1;8;100;50;1","sacrifice;pvs;64;0;1;1;-50;200;1;20;25;3;2;1;3;3;2;0;3;3;1;3;150;150;600;1;1000;4;1;8;100;50;1","independent;pvs;64;0;1;1;-50;200;1;20;25;3;2;1;3;3;2;0;3;3;1;3;150;150;600;1;1000;4;1;8;100;50;1","rnbqkbnr/pppppppp/8/8/8/8/PPPPPPPP/RNBQKBNR w KQkq - 0 1","rnbqkbnr/pppppppp/8/8/8/8/PPPPPPPP/RNBQKBNR w KQkq - 0 1","0:0:0:0:0|0:0:0:0:0|0:0:0:0:0|0:0:0:0:0","759421758207090123:0:0",180000,180000,180000,180000,2000,real,1000,0,0,0,0,5,0,0,0,0,100,183166,174447,238285,243400,10,10,40,40,10,10,10,1,17,18,0,15,0,0,0,0,9,0,0,0,3,0,0
0,11035599632200201836,0,5217400152005422284,team_a_wins,0,game_over,48,"sacrifice;pvs;64;0;1;1;-50;200;1;20;25;3;2;1;3;3;2;0;3;3;1;3;150;150;600;1;1000;4;1;8;100;50;1","request;pvs;64;0;1;1;-50;200;1;20;25;3;2;1;3;3;2;0;3;3;1;3;150;150;600;1;1000;4;1;8;100;50;1","sacrifice;pvs;64;0;1;1;-50;200;1;20;25;3;2;1;3;3;2;0;3;3;1;3;150;150;600;1;1000;4;1;8;100;50;1","request;pvs;64;0;1;1;-50;200;1;20;25;3;2;1;3;3;2;0;3;3;1;3;150;150;600;1;1000;4;1;8;100;50;1","rnbqkbnr/pppppppp/8/8/8/8/PPPPPPPP/RNBQKBNR w KQkq - 0 1","rnbqkbnr/pppppppp/8/8/8/8/PPPPPPPP/RNBQKBNR w KQkq - 0 1","0:0:0:0:0|0:0:0:0:0|0:0:0:0:0|0:0:0:0:0","759421758207090123:0:0",180000,180000,180000,180000,2000,real,1000,0,0,0,0,5,0,0,0,0,100,184024,182928,201805,210932,6,6,18,18,24,24,24,0,13,18,0,10,0,0,0,0,9,1,3,0.0833333,2,0,0
0,11035599632200201775,0,5217400152005422285,ongoing,-1,invalid_agent_move,96,"sacrifice;pvs;64;0;1;1;-50;200;1;20;25;3;2;1;3;3;2;0;3;3;1;3;150;150;600;1;1000;4;1;8;100;50;1","request;pvs;64;0;1;1;-50;200;1;20;25;3;2;1;3;3;2;0;3;3;1;3;150;150;600;1;1000;4;1;8;100;50;1","sacrifice;pvs;64;0;1;1;-50;200;1;20;25;3;2;1;3;3;2;0;3;3;1;3;150;150;600;1;1000;4;1;8;100;50;1","shared_value;pvs;64;0;1;1;-50;200;1;20;25;3;2;1;3;3;2;0;3;3;1;3;150;150;600;1;1000;4;1;8;100;50;1","rnbqkbnr/pppppppp/8/8/8/8/PPPPPPPP/RNBQKBNR w KQkq - 0 1","rnbqkbnr/pppppppp/8/8/8/8/PPPPPPPP/RNBQKBNR w KQkq - 0 1","0:0:0:0:0|0:0:0:0:0|0:0:0:0:0|0:0:0:0:0","759421758207090123:0:0",180000,180000,180000,180000,2000,real,1000,0,0,0,0,5,0,0,0,0,100,182283,155309,140075,142327,32,31,16,17,31,31,31,0,30,35,0,22,2,0,0,0,17,1,4,0.0588235,13,1,0.0769231
0,11035599632200201939,0,5217400152005422282,ongoing,-1,ply_limit,100,"sacrifice;pvs;64;0;1;1;-50;200;1;20;25;3;2;1;3;3;2;0;3;3;1;3;150;150;600;1;1000;4;1;8;100;50;1","request;pvs;64;0;1;1;-50;200;1;20;25;3;2;1;3;3;2;0;3;3;1;3;150;150;600;1;1000;4;1;8;100;50;1","sacrifice;pvs;64;0;1;1;-50;200;1;20;25;3;2;1;3;3;2;0;3;3;1;3;150;150;600;1;1000;4;1;8;100;50;1","sacrifice;pvs;64;0;1;1;-50;200;1;20;25;3;2;1;3;3;2;0;3;3;1;3;150;150;600;1;1000;4;1;8;100;50;1","rnbqkbnr/pppppppp/8/8/8/8/PPPPPPPP/RNBQKBNR w KQkq - 0 1","rnbqkbnr/pppppppp/8/8/8/8/PPPPPPPP/RNBQKBNR w KQkq - 0 1","0:0:0:0:0|0:0:0:0:0|0:0:0:0:0|0:0:0:0:0","759421758207090123:0:0",180000,180000,180000,180000,2000,real,1000,0,0,0,0,5,0,0,0,0,100,225032,223419,162489,163475,40,40,10,10,40,40,40,1,26,19,0,9,0,0,0,0,15,0,0,0,8,1,0.125
0,11035599632191192078,0,5217400152005532238,ongoing,-1,ply_limit,100,"sacrifice;pvs;64;0;1;1;-50;200;1;20;25;3;2;1;3;3;2;0;3;3;1;3;150;150;600;1;1000;4;1;8;100;50;1","shared_value;pvs;64;0;1;1;-50;200;1;20;25;3;2;1;3;3;2;0;3;3;1;3;150;150;600;1;1000;4;1;8;100;50;1","independent;pvs;64;0;1;1;-50;200;1;20;25;3;2;1;3;3;2;0;3;3;1;3;150;150;600;1;1000;4;1;8;100;50;1","independent;pvs;64;0;1;1;-50;200;1;20;25;3;2;1;3;3;2;0;3;3;1;3;150;150;600;1;1000;4;1;8;100;50;1","rnbqkbnr/pppppppp/8/8/8/8/PPPPPPPP/RNBQKBNR w KQkq - 0 1","rnbqkbnr/pppppppp/8/8/8/8/PPPPPPPP/RNBQKBNR w KQkq - 0 1","0:0:0:0:0|0:0:0:0:0|0:0:0:0:0|0:0:0:0:0","759421758207090123:0:0",180000,180000,180000,180000,2000,real,1000,0,0,0,0,5,0,0,0,0,100,181798,186669,266236,267956,5,4,45,46,0,0,0,0,26,0,0,0,0,0,0,0,10,0,0,0,0,0,0
0,11035599632191192266,0,5217400152005532239,ongoing,-1,ply_limit,100,"sacrifice;pvs;64;0;1;1;-50;200;1;20;25;3;2;1;3;3;2;0;3;3;1;3;150;150;600;1;1000;4;1;8;100;50;1","shared_value;pvs;64;0;1;1;-50;200;1;20;25;3;2;1;3;3;2;0;3;3;1;3;150;150;600;1;1000;4;1;8;100;50;1","independent;pvs;64;0;1;1;-50;200;1;20;25;3;2;1;3;3;2;0;3;3;1;3;150;150;600;1;1000;4;1;8;100;50;1","request;pvs;64;0;1;1;-50;200;1;20;25;3;2;1;3;3;2;0;3;3;1;3;150;150;600;1;1000;4;1;8;100;50;1","rnbqkbnr/pppppppp/8/8/8/8/PPPPPPPP/RNBQKBNR w KQkq - 0 1","rnbqkbnr/pppppppp/8/8/8/8/PPPPPPPP/RNBQKBNR w KQkq - 0 1","0:0:0:0:0|0:0:0:0:0|0:0:0:0:0|0:0:0:0:0","759421758207090123:0:0",180000,180000,180000,180000,2000,real,1000,0,0,0,0,5,0,0,0,0,100,181800,186620,265931,267856,5,4,45,46,46,46,46,0,26,0,0,0,0,0,0,0,10,0,0,0,0,0,0
0,11035599632191192203,0,5217400152005532240,ongoing,-1,ply_limit,100,"sacrifice;pvs;64;0;1;1;-50;200;1;20;25;3;2;1;3;3;2;0;3;3;1;3;150;150;600;1;1000;4;1;8;100;50;1","shared_value;pvs;64;0;1;1;-50;200;1;20;25;3;2;1;3;3;2;0;3;3;1;3;150;150;600;1;1000;4;1;8;100;50;1","independent;pvs;64;0;1;1;-50;200;1;20;25;3;2;1;3;3;2;0;3;3;1;3;150;150;600;1;1000;4;1;8;100;50;1","shared_value;pvs;64;0;1;1;-50;200;1;20;25;3;2;1;3;3;2;0;3;3;1;3;150;150;600;1;1000;4;1;8;100;50;1","rnbqkbnr/pppppppp/8/8/8/8/PPPPPPPP/RNBQKBNR w KQkq - 0 1","rnbqkbnr/pppppppp/8/8/8/8/PPPPPPPP/RNBQKBNR w KQkq - 0 1","0:0:0:0:0|0:0:0:0:0|0:0:0:0:0|0:0:0:0:0","759421758207090123:0:0",180000,180000,180000,180000,2000,real,1000,0,0,0,0,5,0,0,0,0,100,179946,181356,251812,254515,7,7,43,43,0,0,0,0,22,6,0,6,0,0,0,0,12,2,8,0.166667,3,1,0.333333
0,11035599632191192392,0,5217400152005532241,ongoing,-1,ply_limit,100,"sacrifice;pvs;64;0;1;1;-50;200;1;20;25;3;2;1;3;3;2;0;3;3;1;3;150;150;600;1;1000;4;1;8;100;50;1","shared_value;pvs;64;0;1;1;-50;200;1;20;25;3;2;1;3;3;2;0;3;3;1;3;150;150;600;1;1000;4;1;8;100;50;1","independent;pvs;64;0;1;1;-50;200;1;20;25;3;2;1;3;3;2;0;3;3;1;3;150;150;600;1;1000;4;1;8;100;50;1","sacrifice;pvs;64;0;1;1;-50;200;1;20;25;3;2;1;3;3;2;0;3;3;1;3;150;150;600;1;1000;4;1;8;100;50;1","rnbqkbnr/pppppppp/8/8/8/8/PPPPPPPP/RNBQKBNR w KQkq - 0 1","rnbqkbnr/pppppppp/8/8/8/8/PPPPPPPP/RNBQKBNR w KQkq - 0 1","0:0:0:0:0|0:0:0:0:0|0:0:0:0:0|0:0:0:0:0","759421758207090123:0:0",180000,180000,180000,180000,2000,real,1000,0,0,0,0,5,0,0,0,0,100,182988,183136,261945,258147,6,6,44,44,0,0,0,0,23,13,0,8,1,0,0,0,11,0,0,0,1,0,0
0,11035599632190940914,0,5217400152005533086,ongoing,-1,ply_limit,100,"sacrifice;pvs;64;0;1;1;-50;200;1;20;25;3;2;1;3;3;2;0;3;3;1;3;150;150;600;1;1000;4;1;8;100;50;1","shared_value;pvs;64;0;1;1;-50;200;1;20;25;3;2;1;3;3;2;0;3;3;1;3;150;150;600;1;1000;4;1;8;100;50;1","request;pvs;64;0;1;1;-50;200;1;20;25;3;2;1;3;3;2;0;3;3;1;3;150;150;600;1;1000;4;1;8;100;50;1","independent;pvs;64;0;1;1;-50;200;1;20;25;3;2;1;3;3;2;0;3;3;1;3;150;150;600;1;1000;4;1;8;100;50;1","rnbqkbnr/pppppppp/8/8/8/8/PPPPPPPP/RNBQKBNR w KQkq - 0 1","rnbqkbnr/pppppppp/8/8/8/8/PPPPPPPP/RNBQKBNR w KQkq - 0 1","0:0:0:0:0|0:0:0:0:0|0:0:0:0:0|0:0:0:0:0","759421758207090123:0:0",180000,180000,180000,180000,2000,real,1000,0,0,0,0,5,0,0,0,0,100,181739,186647,265978,267777,5,4,45,46,45,45,45,0,26,0,0,0,0,0,0,0,10,0,0,0,0,0,0
0,11035599632190940851,0,5217400152005533085,ongoing,-1,ply_limit,100,"sacrifice;pvs;64;0;1;1;-50;200;1;20;25;3;2;1;3;3;2;0;3;3;1;3;150;150;600;1;1000;4;1;8;100;50;1","shared_value;pvs;64;0;1;1;-50;200;1;20;25;3;2;1;3;3;2;0;3;3;1;3;150;150;600;1;1000;4;1;8;100;50;1","request;pvs;64;0;1;1;-50;200;1;20;25;3;2;1;3;3;2;0;3;3;1;3;150;150;600;1;1000;4;1;8;100;50;1","request;pvs;64;0;1;1;-50;200;1;20;25;3;2;1;3;3;2;0;3;3;1;3;150;150;600;1;1000;4;1;8;100;50;1","rnbqkbnr/pppppppp/8/8/8/8/PPPPPPPP/RNBQKBNR w KQkq - 0 1","rnbqkbnr/pppppppp/8/8/8/8/PPPPPPPP/RNBQKBNR w KQkq - 0 1","0:0:0:0:0|0:0:0:0:0|0:0:0:0:0|0:0:0:0:0","759421758207090123:0:0",180000,180000,180000,180000,2000,real,1000,0,0,0,0,5,0,0,0,0,100,181809,186674,266015,267724,5,4,45,46,91,91,91,0,26,0,0,0,0,0,0,0,10,0,0,0,0,0,0
0,11035599632190941040,0,5217400152005533084,team_b_wins,1,game_over,82,"sacrifice;pvs;64;0;1;1;-50;200;1;20;25;3;2;1;3;3;2;0;3;3;1;3;150;150;600;1;1000;4;1;8;100;50;1","shared_value;pvs;64;0;1;1;-50;200;1;20;25;3;2;1;3;3;2;0;3;3;1;3;150;150;600;1;1000;4;1;8;100;50;1","request;pvs;64;0;1;1;-50;200;1;20;25;3;2;1;3;3;2;0;3;3;1;3;150;150;600;1;1000;4;1;8;100;50;1","shared_value;pvs;64;0;1;1;-50;200;1;20;25;3;2;1;3;3;2;0;3;3;1;3;150;150;600;1;1000;4;1;8;100;50;1","rnbqkbnr/pppppppp/8/8/8/8/PPPPPPPP/RNBQKBNR w KQkq - 0 1","rnbqkbnr/pppppppp/8/8/8/8/PPPPPPPP/RNBQKBNR w KQkq - 0 1","0:0:0:0:0|0:0:0:0:0|0:0:0:0:0|0:0:0:0:0","759421758207090123:0:0",180000,180000,180000,180000,2000,real,1000,0,0,0,0,5,0,0,0,0,100,182861,185234,244515,243774,6,5,35,36,35,35,35,0,16,3,0,3,0,0,0,0,8,0,0,0,0,0,0
0,11035599632190940977,0,5217400152005533083,ongoing,-1,ply_limit,100,"sacrifice;pvs;64;0;1;1;-50;200;1;20;25;3;2;1;3;3;2;0;3;3;1;3;150;150;600;1;1000;4;1;8;100;50;1","shared_value;pvs;64;0;1;1;-50;200;1;20;25;3;2;1;3;3;2;0;3;3;1;3;150;150;600;1;1000;4;1;8;100;50;1","request;pvs;64;0;1;1;-50;200;1;20;25;3;2;1;3;3;2;0;3;3;1;3;150;150;600;1;1000;4;1;8;100;50;1","sacrifice;pvs;64;0;1;1;-50;200;1;20;25;3;2;1;3;3;2;0;3;3;1;3;150;150;600;1;1000;4;1;8;100;50;1","rnbqkbnr/pppppppp/8/8/8/8/PPPPPPPP/RNBQKBNR w KQkq - 0 1","rnbqkbnr/pppppppp/8/8/8/8/PPPPPPPP/RNBQKBNR w KQkq - 0 1","0:0:0:0:0|0:0:0:0:0|0:0:0:0:0|0:0:0:0:0","759421758207090123:0:0",180000,180000,180000,180000,2000,real,1000,0,0,0,0,5,0,0,0,0,100,185256,183529,255627,245899,9,8,41,42,41,41,41,0,22,30,0,20,1,0,0,0,10,0,0,0,2,0,0
0,11035599632190985830,0,5217400152005533151,team_b_wins,1,game_over,85,"sacrifice;pvs;64;0;1;1;-50;200;1;20;25;3;2;1;3;3;2;0;3;3;1;3;150;150;600;1;1000;4;1;8;100;50;1","shared_value;pvs;64;0;1;1;-50;200;1;20;25;3;2;1;3;3;2;0;3;3;1;3;150;150;600;1;1000;4;1;8;100;50;1","shared_value;pvs;64;0;1;1;-50;200;1;20;25;3;2;1;3;3;2;0;3;3;1;3;150;150;600;1;1000;4;1;8;100;50;1","independent;pvs;64;0;1;1;-50;200;1;20;25;3;2;1;3;3;2;0;3;3;1;3;150;150;600;1;1000;4;1;8;100;50;1","rnbqkbnr/pppppppp/8/8/8/8/PPPPPPPP/RNBQKBNR w KQkq - 0 1","rnbqkbnr/pppppppp/8/8/8/8/PPPPPPPP/RNBQKBNR w KQkq - 0 1","0:0:0:0:0|0:0:0:0:0|0:0:0:0:0|0:0:0:0:0","759421758207090123:0:0",180000,180000,180000,180000,2000,real,1000,0,0,0,0,5,0,0,0,0,100,170152,177790,223841,207173,10,10,32,33,0,0,0,0,26,8,0,8,0,0,0,0,13,1,2,0.0384615,6,0,0
0,11035599632190986016,0,5217400152005533148,ongoing,-1,ply_limit,100,"sacrifice;pvs;64;0;1;1;-50;200;1;20;25;3;2;1;3;3;2;0;3;3;1;3;150;150;600;1;1000;4;1;8;100;50;1","shared_value;pvs;64;0;1;1;-50;200;1;20;25;3;2;1;3;3;2;0;3;3;1;3;150;150;600;1;1000;4;1;8;100;50;1","shared_value;pvs;64;0;1;1;-50;200;1;20;25;3;2;1;3;3;2;0;3;3;1;3;150;150;600;1;1000;4;1;8;100;50;1","request;pvs;64;0;1;1;-50;200;1;20;25;3;2;1;3;3;2;0;3;3;1;3;150;150;600;1;1000;4;1;8;100;50;1","rnbqkbnr/pppppppp/8/8/8/8/PPPPPPPP/RNBQKBNR w KQkq - 0 1","rnbqkbnr/pppppppp/8/8/8/8/PPPPPPPP/RNBQKBNR w KQkq - 0 1","0:0:0:0:0|0:0:0:0:0|0:0:0:0:0|0:0:0:0:0","759421758207090123:0:0",180000,180000,180000,180000,2000,real,1000,0,0,0,0,5,0,0,0,0,100,182745,187966,257060,262561,7,6,43,44,44,44,44,0,20,6,0,5,0,0,0,0,10,0,0,0,0,0,0
0,11035599632190985955,0,5217400152005533149,ongoing,-1,ply_limit,100,"sacrifice;pvs;64;0;1;1;-50;200;1;20;25;3;2;1;3;3;2;0;3;3;1;3;150;150;600;1;1000;4;1;8;100;50;1","shared_value;pvs;64;0;1;1;-50;200;1;20;25;3;2;1;3;3;2;0;3;3;1;3;150;150;600;1;1000;4;1;8;100;50;1","shared_value;pvs;64;0;1;1;-50;200;1;20;25;3;2;1;3;3;2;0;3;3;1;3;150;150;600;1;1000;4;1;8;100;50;1","shared_value;pvs;64;0;1;1;-50;200;1;20;25;3;2;1;3;3;2;0;3;3;1;3;150;150;600;1;1000;4;1;8;100;50;1","rnbqkbnr/pppppppp/8/8/8/8/PPPPPPPP/RNBQKBNR w KQkq - 0 1","rnbqkbnr/pppppppp/8/8/8/8/PPPPPPPP/RNBQKBNR w KQkq - 0 1","0:0:0:0:0|0:0:0:0:0|0:0:0:0:0|0:0:0:0:0","759421758207090123:0:0",180000,180000,180000,180000,2000,real,1000,0,0,0,0,5,0,0,0,0,100,237752,214727,167084,166709,40,39,10,11,0,0,0,0,21,5,1,5,2,1,0,0,12,1,3,0.0625,4,0,0
0,11035599632190986175,0,5217400152005533146,team_a_wins,0,game_over,82,"sacrifice;pvs;64;0;1;1;-50;200;1;20;25;3;2;1;3;3;2;0;3;3;1;3;150;150;600;1;1000;4;1;8;100;50;1","shared_value;pvs;64;0;1;1;-50;200;1;20;25;3;2;1;3;3;2;0;3;3;1;3;150;150;600;1;1000;4;1;8;100;50;1","shared_value;pvs;64;0;1;1;-50;200;1;20;25;3;2;1;3;3;2;0;3;3;1;3;150;150;600;1;1000;4;1;8;100;50;1","sacrifice;pvs;64;0;1;1;-50;200;1;20;25;3;2;1;3;3;2;0;3;3;1;3;150;150;600;1;1000;4;1;8;100;50;1","rnbqkbnr/pppppppp/8/8/8/8/PPPPPPPP/RNBQKBNR w KQkq - 0 1","rnbqkbnr/pppppppp/8/8/8/8/PPPPPPPP/RNBQKBNR w KQkq - 0 1","0:0:0:0:0|0:0:0:0:0|0:0:0:0:0|0:0:0:0:0","759421758207090123:0:0",180000,180000,180000,180000,2000,real,1000,0,0,0,0,5,0,0,0,0,100,141394,157790,156114,139271,22,21,19,20,0,0,0,0,17,26,0,22,0,0,0,0,13,0,0,0,8,1,0.125
0,11035599632190932880,0,5217400152005532956,ongoing,-1,ply_limit,100,"sacrifice;pvs;64;0;1;1;-50;200;1;20;25;3;2;1;3;3;2;0;3;3;1;3;150;150;600;1;1000;4;1;8;100;50;1","shared_value;pvs;64;0;1;1;-50;200;1;20;25;3;2;1;3;3;2;0;3;3;1;3;150;150;600;1;1000;4;1;8;100;50;1","sacrifice;pvs;64;0;1;1;-50;200;1;20;25;3;2;1;3;3;2;0;3;3;1;3;150;150;600;1;1000;4;1;8;100;50;1","independent;pvs;64;0;1;1;-50;200;1;20;25;3;2;1;3;3;2;0;3;3;1;3;150;150;600;1;1000;4;1;8;100;50;1","rnbqkbnr/pppppppp/8/8/8/8/PPPPPPPP/RNBQKBNR w KQkq - 0 1","rnbqkbnr/pppppppp/8/8/8/8/PPPPPPPP/RNBQKBNR w KQkq - 0 1","0:0:0:0:0|0:0:0:0:0|0:0:0:0:0|0:0:0:0:0","759421758207090123:0:0",180000,180000,180000,180000,2000,real,1000,0,0,0,0,5,0,0,0,0,100,182985,185999,260252,266166,6,5,44,45,0,0,0,0,22,8,0,6,0,0,0,0,10,0,0,0,1,0,0
0,11035599632190932566,0,5217400152005532959,team_a_wins,0,game_over,91,"sacrifice;pvs;64;0;1;1;-50;200;1;20;25;3;2;1;3;3;2;0;3;3;1;3;150;150;600;1;1000;4;1;8;100;50;1","shared_value;pvs;64;0;1;1;-50;200;1;20;25;3;2;1;3;3;2;0;3;3;1;3;150;150;600;1;1000;4;1;8;100;50;1","sacrifice;pvs;64;0;1;1;-50;200;1;20;25;3;2;1;3;3;2;0;3;3;1;3;150;150;600;1;1000;4;1;8;100;50;1","request;pvs;64;0;1;1;-50;200;1;20;25;3;2;1;3;3;2;0;3;3;1;3;150;150;600;1;1000;4;1;8;100;50;1","rnbqkbnr/pppppppp/8/8/8/8/PPPPPPPP/RNBQKBNR w KQkq - 0 1","rnbqkbnr/pppppppp/8/8/8/8/PPPPPPPP/RNBQKBNR w KQkq - 0 1","0:0:0:0:0|0:0:0:0:0|0:0:0:0:0|0:0:0:0:0","759421758207090123:0:0",180000,180000,180000,180000,2000,real,1000,0,0,0,0,5,0,0,0,0,100,173987,175162,221858,242958,8,7,38,38,38,38,38,0,23,28,0,24,0,0,0,0,12,1,4,0.0833333,3,0,0
0,11035599632190932498,0,5217400152005532958,team_b_wins,1,game_over,49,"sacrifice;pvs;64;0;1;1;-50;200;1;20;25;3;2;1;3;3;2;0;3;3;1;3;150;150;600;1;1000;4;1;8;100;50;1","shared_value;pvs;64;0;1;1;-50;200;1;20;25;3;2;1;3;3;2;0;3;3;1;3;150;150;600;1;1000;4;1;8;100;50;1","sacrifice;pvs;64;0;1;1;-50;200;1;20;25;3;2;1;3;3;2;0;3;3;1;3;150;150;600;1;1000;4;1;8;100;50;1","shared_value;pvs;64;0;1;1;-50;200;1;20;25;3;2;1;3;3;2;0;3;3;1;3;150;150;600;1;1000;4;1;8;100;50;1","rnbqkbnr/pppppppp/8/8/8/8/PPPPPPPP/RNBQKBNR w KQkq - 0 1","rnbqkbnr/pppppppp/8/8/8/8/PPPPPPPP/RNBQKBNR w KQkq - 0 1","0:0:0:0:0|0:0:0:0:0|0:0:0:0:0|0:0:0:0:0","759421758207090123:0:0",180000,180000,180000,180000,2000,real,1000,0,0,0,0,5,0,0,0,0,100,166507,163369,169444,174245,11,11,13,14,0,0,0,0,13,11,1,9,2,1,1,1,11,0,0,0,4,0,0
0,11035599632190932174,0,5217400152005532953,ongoing,-1,ply_limit,100,"sacrifice;pvs;64;0;1;1;-50;200;1;20;25;3;2;1;3;3;2;0;3;3;1;3;150;150;600;1;1000;4;1;8;100;50;1","shared_value;pvs;64;0;1;1;-50;200;1;20;25;3;2;1;3;3;2;0;3;3;1;3;150;150;600;1;1000;4;1;8;100;50;1","sacrifice;pvs;64;0;1;1;-50;200;1;20;25;3;2;1;3;3;2;0;3;3;1;3;150;150;600;1;1000;4;1;8;100;50;1","sacrifice;pvs;64;0;1;1;-50;200;1;20;25;3;2;1;3;3;2;0;3;3;1;3;150;150;600;1;1000;4;1;8;100;50;1","rnbqkbnr/pppppppp/8/8/8/8/PPPPPPPP/RNBQKBNR w KQkq - 0 1","rnbqkbnr/pppppppp/8/8/8/8/PPPPPPPP/RNBQKBNR w KQkq - 0 1","0:0:0:0:0|0:0:0:0:0|0:0:0:0:0|0:0:0:0:0","759421758207090123:0:0",180000,180000,180000,180000,2000,real,1000,0,0,0,0,5,0,0,0,0,100,180100,179003,242484,244655,9,9,41,41,0,0,0,0,23,76,0,52,0,0,0,0,12,0,0,0,3,0,0
0,11035599632199708118,0,5217400152005413663,ongoing,-1,ply_limit,100,"sacrifice;pvs;64;0;1;1;-50;200;1;20;25;3;2;1;3;3;2;0;3;3;1;3;150;150;600;1;1000;4;1;8;100;50;1","sacrifice;pvs;64;0;1;1;-50;200;1;20;25;3;2;1;3;3;2;0;3;3;1;3;150;150;600;1;1000;4;1;8;100;50;1","independent;pvs;64;0;1;1;-50;200;1;20;25;3;2;1;3;3;2;0;3;3;1;3;150;150;600;1;1000;4;1;8;100;50;1","independent;pvs;64;0;1;1;-50;200;1;20;25;3;2;1;3;3;2;0;3;3;1;3;150;150;600;1;1000;4;1;8;100;50;1","rnbqkbnr/pppppppp/8/8/8/8/PPPPPPPP/RNBQKBNR w KQkq - 0 1","rnbqkbnr/pppppppp/8/8/8/8/PPPPPPPP/RNBQKBNR w KQkq - 0 1","0:0:0:0:0|0:0:0:0:0|0:0:0:0:0|0:0:0:0:0","759421758207090123:0:0",180000,180000,180000,180000,2000,real,1000,0,0,0,0,5,0,0,0,0,100,181164,179973,264572,266764,5,4,45,46,0,0,0,0,19,2,0,2,0,0,0,0,9,0,0,0,1,0,0
0,11035599632199708050,0,5217400152005413662,ongoing,-1,ply_limit,100,"sacrifice;pvs;64;0;1;1;-50;200;1;20;25;3;2;1;3;3;2;0;3;3;1;3;150;150;600;1;1000;4;1;8;100;50;1","sacrifice;pvs;64;0;1;1;-50;200;1;20;25;3;2;1;3;3;2;0;3;3;1;3;150;150;600;1;1000;4;1;8;100;50;1","independent;pvs;64;0;1;1;-50;200;1;20;25;3;2;1;3;3;2;0;3;3;1;3;150;150;600;1;1000;4;1;8;100;50;1","request;pvs;64;0;1;1;-50;200;1;20;25;3;2;1;3;3;2;0;3;3;1;3;150;150;600;1;1000;4;1;8;100;50;1","rnbqkbnr/pppppppp/8/8/8/8/PPPPPPPP/RNBQKBNR w KQkq - 0 1","rnbqkbnr/pppppppp/8/8/8/8/PPPPPPPP/RNBQKBNR w KQkq - 0 1","0:0:0:0:0|0:0:0:0:0|0:0:0:0:0|0:0:0:0:0","759421758207090123:0:0",180000,180000,180000,180000,2000,real,1000,0,0,0,0,5,0,0,0,0,100,186498,179252,268840,266747,4,4,46,46,46,46,46,0,15,1,0,1,0,0,0,0,10,0,0,0,1,1,1
0,11035599632199711748,0,5217400152005413729,ongoing,-1,ply_limit,100,"sacrifice;pvs;64;0;1;1;-50;200;1;20;25;3;2;1;3;3;2;0;3;3;1;3;150;150;600;1;1000;4;1;8;100;50;1","sacrifice;pvs;64;0;1;1;-50;200;1;20;25;3;2;1;3;3;2;0;3;3;1;3;150;150;600;1;1000;4;1;8;100;50;1","independent;pvs;64;0;1;1;-50;200;1;20;25;3;2;1;3;3;2;0;3;3;1;3;150;150;600;1;1000;4;1;8;100;50;1","shared_value;pvs;64;0;1;1;-50;200;1;20;25;3;2;1;3;3;2;0;3;3;1;3;150;150;600;1;1000;4;1;8;100;50;1","rnbqkbnr/pppppppp/8/8/8/8/PPPPPPPP/RNBQKBNR w KQkq - 0 1","rnbqkbnr/pppppppp/8/8/8/8/PPPPPPPP/RNBQKBNR w KQkq - 0 1","0:0:0:0:0|0:0:0:0:0|0:0:0:0:0|0:0:0:0:0","759421758207090123:0:0",180000,180000,180000,180000,2000,real,1000,0,0,0,0,5,0,0,0,0,100,249207,246104,186955,182585,41,40,9,10,0,0,0,0,26,18,0,9,3,0,0,0,12,0,0,0,2,0,0
0,11035599632199711815,0,5217400152005413728,ongoing,-1,ply_limit,100,"sacrifice;pvs;64;0;1;1;-50;200;1;20;25;3;2;1;3;3;2;0;3;3;1;3;150;150;600;1;1000;4;1;8;100;50;1","sacrifice;pvs;64;0;1;1;-50;200;1;20;25;3;2;1;3;3;2;0;3;3;1;3;150;150;600;1;1000;4;1;8;100;50;1","independent;pvs;64;0;1;1;-50;200;1;20;25;3;2;1;3;3;2;0;3;3;1;3;150;150;600;1;1000;4;1;8;100;50;1","sacrifice;pvs;64;0;1;1;-50;200;1;20;25;3;2;1;3;3;2;0;3;3;1;3;150;150;600;1;1000;4;1;8;100;50;1","rnbqkbnr/pppppppp/8/8/8/8/PPPPPPPP/RNBQKBNR w KQkq - 0 1","rnbqkbnr/pppppppp/8/8/8/8/PPPPPPPP/RNBQKBNR w KQkq - 0 1","0:0:0:0:0|0:0:0:0:0|0:0:0:0:0|0:0:0:0:0","759421758207090123:0:0",180000,180000,180000,180000,2000,real,1000,0,0,0,0,5,0,0,0,0,100,182895,180777,261642,258984,6,5,44,45,0,0,0,0,19,14,0,9,0,0,0,0,10,0,0,0,1,0,0
0,11035599632199719874,0,5217400152005414831,ongoing,-1,ply_limit,100,"sacrifice;pvs;64;0;1;1;-50;200;1;20;25;3;2;1;3;3;2;0;3;3;1;3;150;150;600;1;1000;4;1;8;100;50;1","sacrifice;pvs;64;0;1;1;-50;200;1;20;25;3;2;1;3;3;2;0;3;3;1;3;150;150;600;1;1000;4;1;8;100;50;1","request;pvs;64;0;1;1;-50;200;1;20;25;3;2;1;3;3;2;0;3;3;1;3;150;150;600;1;1000;4;1;8;100;50;1","independent;pvs;64;0;1;1;-50;200;1;20;25;3;2;1;3;3;2;0;3;3;1;3;150;150;600;1;1000;4;1;8;100;50;1","rnbqkbnr/pppppppp/8/8/8/8/PPPPPPPP/RNBQKBNR w KQkq - 0 1","rnbqkbnr/pppppppp/8/8/8/8/PPPPPPPP/RNBQKBNR w KQkq - 0 1","0:0:0:0:0|0:0:0:0:0|0:0:0:0:0|0:0:0:0:0","759421758207090123:0:0",180000,180000,180000,180000,2000,real,1000,0,0,0,0,5,0,0,0,0,100,181115,179957,264137,266324,5,4,45,46,45,45,45,0,19,2,0,2,0,0,0,0,9,0,0,0,1,0,0
0,11035599632199713924,0,5217400152005414828,ongoing,-1,ply_limit,100,"sacrifice;pvs;64;0;1;1;-50;200;1;20;25;3;2;1;3;3;2;0;3;3;1;3;150;150;600;1;1000;4;1;8;100;50;1","sacrifice;pvs;64;0;1;1;-50;200;1;20;25;3;2;1;3;3;2;0;3;3;1;3;150;150;600;1;1000;4;1;8;100;50;1","request;pvs;64;0;1;1;-50;200;1;20;25;3;2;1;3;3;2;0;3;3;1;3;150;150;600;1;1000;4;1;8;100;50;1","request;pvs;64;0;1;1;-50;200;1;20;25;3;2;1;3;3;2;0;3;3;1;3;150;150;600;1;1000;4;1;8;100;50;1","rnbqkbnr/pppppppp/8/8/8/8/PPPPPPPP/RNBQKBNR w KQkq - 0 1","rnbqkbnr/pppppppp/8/8/8/8/PPPPPPPP/RNBQKBNR w KQkq - 0 1","0:0:0:0:0|0:0:0:0:0|0:0:0:0:0|0:0:0:0:0","759421758207090123:0:0",180000,180000,180000,180000,2000,real,1000,0,0,0,0,5,0,0,0,0,100,170320,174374,253666,246132,6,5,44,45,89,89,89,0,20,1,0,1,0,0,0,0,10,0,0,0,1,0,0
0,11035599632199713863,0,5217400152005414829,team_a_wins,0,game_over,63,"sacrifice;pvs;64;0;1;1;-50;200;1;20;25;3;2;1;3;3;2;0;3;3;1;3;150;150;600;1;1000;4;1;8;100;50;1","sacrifice;pvs;64;0;1;1;-50;200;1;20;25;3;2;1;3;3;2;0;3;3;1;3;150;150;600;1;1000;4;1;8;100;50;1","request;pvs;64;0;1;1;-50;200;1;20;25;3;2;1;3;3;2;0;3;3;1;3;150;150;600;1;1000;4;1;8;100;50;1","shared_value;pvs;64;0;1;1;-50;200;1;20;25;3;2;1;3;3;2;0;3;3;1;3;150;150;600;1;1000;4;1;8;100;50;1","rnbqkbnr/pppppppp/8/8/8/8/PPPPPPPP/RNBQKBNR w KQkq - 0 1","rnbqkbnr/pppppppp/8/8/8/8/PPPPPPPP/RNBQKBNR w KQkq - 0 1","0:0:0:0:0|0:0:0:0:0|0:0:0:0:0|0:0:0:0:0","759421758207090123:0:0",180000,180000,180000,180000,2000,real,1000,0,0,0,0,5,0,0,0,0,100,183943,179583,166845,177072,19,18,13,13,13,13,13,1,19,14,0,12,2,0,0,0,15,0,0,0,6,0,0
0,11035599632199714171,0,5217400152005414826,team_b_wins,1,game_over,86,"sacrifice;pvs;64;0;1;1;-50;200;1;20;25;3;2;1;3;3;2;0;3;3;1;3;150;150;600;1;1000;4;1;8;100;50;1","sacrifice;pvs;64;0;1;1;-50;200;1;20;25;3;2;1;3;3;2;0;3;3;1;3;150;150;600;1;1000;4;1;8;100;50;1","request;pvs;64;0;1;1;-50;200;1;20;25;3;2;1;3;3;2;0;3;3;1;3;150;150;600;1;1000;4;1;8;100;50;1","sacrifice;pvs;64;0;1;1;-50;200;1;20;25;3;2;1;3;3;2;0;3;3;1;3;150;150;600;1;1000;4;1;8;100;50;1","rnbqkbnr/pppppppp/8/8/8/8/PPPPPPPP/RNBQKBNR w KQkq - 0 1","rnbqkbnr/pppppppp/8/8/8/8/PPPPPPPP/RNBQKBNR w KQkq - 0 1","0:0:0:0:0|0:0:0:0:0|0:0:0:0:0|0:0:0:0:0","759421758207090123:0:0",180000,180000,180000,180000,2000,real,1000,0,0,0,0,5,0,0,0,0,100,159501,162500,189470,209133,12,11,31,32,31,31,31,0,21,10,0,7,0,0,0,0,11,2,7,0.159091,7,2,0.285714
0,11035599632199717846,0,5217400152005414894,ongoing,-1,ply_limit,100,"sacrifice;pvs;64;0;1;1;-50;200;1;20;25;3;2;1;3;3;2;0;3;3;1;3;150;150;600;1;1000;4;1;8;100;50;1","sacrifice;pvs;64;0;1;1;-50;200;1;20;25;3;2;1;3;3;2;0;3;3;1;3;150;150;600;1;1000;4;1;8;100;50;1","shared_value;pvs;64;0;1;1;-50;200;1;20;25;3;2;1;3;3;2;0;3;3;1;3;150;150;600;1;1000;4;1;8;100;50;1","independent;pvs;64;0;1;1;-50;200;1;20;25;3;2;1;3;3;2;0;3;3;1;3;150;150;600;1;1000;4;1;8;100;50;1","rnbqkbnr/pppppppp/8/8/8/8/PPPPPPPP/RNBQKBNR w KQkq - 0 1","rnbqkbnr/pppppppp/8/8/8/8/PPPPPPPP/RNBQKBNR w KQkq - 0 1","0:0:0:0:0|0:0:0:0:0|0:0:0:0:0|0:0:0:0:0","759421758207090123:0:0",180000,180000,180000,180000,2000,real,1000,0,0,0,0,5,0,0,0,0,100,139885,147495,195202,170878,16,15,34,35,0,0,0,0,33,3,0,3,0,0,0,0,18,1,2,0.0277778,10,1,0.1
0,11035599632199717783,0,5217400152005414893,team_b_wins,1,game_over,66,"sacrifice;pvs;64;0;1;1;-50;200;1;20;25;3;2;1;3;3;2;0;3;3;1;3;150;150;600;1;1000;4;1;8;100;50;1","sacrifice;pvs;64;0;1;1;-50;200;1;20;25;3;2;1;3;3;2;0;3;3;1;3;150;150;600;1;1000;4;1;8;100;50;1","shared_value;pvs;64;0;1;1;-50;200;1;20;25;3;2;1;3;3;2;0;3;3;1;3;150;150;600;1;1000;4;1;8;100;50;1","request;pvs;64;0;1;1;-50;200;1;20;25;3;2;1;3;3;2;0;3;3;1;3;150;150;600;1;1000;4;1;8;100;50;1","rnbqkbnr/pppppppp/8/8/8/8/PPPPPPPP/RNBQKBNR w KQkq - 0 1","rnbqkbnr/pppppppp/8/8/8/8/PPPPPPPP/RNBQKBNR w KQkq - 0 1","0:0:0:0:0|0:0:0:0:0|0:0:0:0:0|0:0:0:0:0","759421758207090123:0:0",180000,180000,180000,180000,2000,real,1000,0,0,0,0,5,0,0,0,0,100,171525,172529,205220,183087,11,10,22,23,23,23,23,0,21,8,1,6,3,1,1,1,17,1,3,0.0441176,6,0,0
0,11035599632199717716,0,5217400152005414892,team_b_wins,1,game_over,61,"sacrifice;pvs;64;0;1;1;-50;200;1;20;25;3;2;1;3;3;2;0;3;3;1;3;150;150;600;1;1000;4;1;8;100;50;1","sacrifice;pvs;64;0;1;1;-50;200;1;20;25;3;2;1;3;3;2;0;3;3;1;3;150;150;600;1;1000;4;1;8;100;50;1","shared_value;pvs;64;0;1;1;-50;200;1;20;25;3;2;1;3;3;2;0;3;3;1;3;150;150;600;1;1000;4;1;8;100;50;1","shared_value;pvs;64;0;1;1;-50;200;1;20;25;3;2;1;3;3;2;0;3;3;1;3;150;150;600;1;1000;4;1;8;100;50;1","rnbqkbnr/pppppppp/8/8/8/8/PPPPPPPP/RNBQKBNR w KQkq - 0 1","rnbqkbnr/pppppppp/8/8/8/8/PPPPPPPP/RNBQKBNR w KQkq - 0 1","0:0:0:0:0|0:0:0:0:0|0:0:0:0:0|0:0:0:0:0","759421758207090123:0:0",180000,180000,180000,180000,2000,real,1000,0,0,0,0,5,0,0,0,0,100,188645,184247,172715,176389,18,18,12,13,0,0,0,0,15,31,0,20,0,0,0,0,12,1,1,0.0208333,6,0,0
0,11035599632199717653,0,5217400152005414891,ongoing,-1,ply_limit,100,"sacrifice;pvs;64;0;1;1;-50;200;1;20;25;3;2;1;3;3;2;0;3;3;1;3;150;150;600;1;1000;4;1;8;100;50;1","sacrifice;pvs;64;0;1;1;-50;200;1;20;25;3;2;1;3;3;2;0;3;3;1;3;150;150;600;1;1000;4;1;8;100;50;1","shared_value;pvs;64;0;1;1;-50;200;1;20;25;3;2;1;3;3;2;0;3;3;1;3;150;150;600;1;1000;4;1;8;100;50;1","sacrifice;pvs;64;0;1;1;-50;200;1;20;25;3;2;1;3;3;2;0;3;3;1;3;150;150;600;1;1000;4;1;8;100;50;1","rnbqkbnr/pppppppp/8/8/8/8/PPPPPPPP/RNBQKBNR w KQkq - 0 1","rnbqkbnr/pppppppp/8/8/8/8/PPPPPPPP/RNBQKBNR w KQkq - 0 1","0:0:0:0:0|0:0:0:0:0|0:0:0:0:0|0:0:0:0:0","759421758207090123:0:0",180000,180000,180000,180000,2000,real,1000,0,0,0,0,5,0,0,0,0,100,244405,242600,178937,180106,41,41,9,9,0,0,0,0,23,76,0,52,0,0,0,0,12,0,0,0,3,0,0
0,11035599632199657191,0,5217400152005413933,ongoing,-1,ply_limit,100,"sacrifice;pvs;64;0;1;1;-50;200;1;20;25;3;2;1;3;3;2;0;3;3;1;3;150;150;600;1;1000;4;1;8;100;50;1","sacrifice;pvs;64;0;1;1;-50;200;1;20;25;3;2;1;3;3;2;0;3;3;1;3;150;150;600;1;1000;4;1;8;100;50;1","sacrifice;pvs;64;0;1;1;-50;200;1;20;25;3;2;1;3;3;2;0;3;3;1;3;150;150;600;1;1000;4;1;8;100;50;1","independent;pvs;64;0;1;1;-50;200;1;20;25;3;2;1;3;3;2;0;3;3;1;3;150;150;600;1;1000;4;1;8;100;50;1","rnbqkbnr/pppppppp/8/8/8/8/PPPPPPPP/RNBQKBNR w KQkq - 0 1","rnbqkbnr/pppppppp/8/8/8/8/PPPPPPPP/RNBQKBNR w KQkq - 0 1","0:0:0:0:0|0:0:0:0:0|0:0:0:0:0|0:0:0:0:0","759421758207090123:0:0",180000,180000,180000,180000,2000,real,1000,0,0,0,0,5,0,0,0,0,100,236081,235463,177414,182180,39,39,11,11,0,0,0,0,17,34,0,28,0,0,0,0,11,0,0,0,1,0,0
0,11035599632199657126,0,5217400152005413934,ongoing,-1,ply_limit,100,"sacrifice;pvs;64;0;1;1;-50;200;1;20;25;3;2;1;3;3;2;0;3;3;1;3;150;150;600;1;1000;4;1;8;100;50;1","sacrifice;pvs;64;0;1;1;-50;200;1;20;25;3;2;1;3;3;2;0;3;3;1;3;150;150;600;1;1000;4;1;8;100;50;1","sacrifice;pvs;64;0;1;1;-50;200;1;20;25;3;2;1;3;3;2;0;3;3;1;3;150;150;600;1;1000;4;1;8;100;50;1","request;pvs;64;0;1;1;-50;200;1;20;25;3;2;1;3;3;2;0;3;3;1;3;150;150;600;1;1000;4;1;8;100;50;1","rnbqkbnr/pppppppp/8/8/8/8/PPPPPPPP/RNBQKBNR w KQkq - 0 1","rnbqkbnr/pppppppp/8/8/8/8/PPPPPPPP/RNBQKBNR w KQkq - 0 1","0:0:0:0:0|0:0:0:0:0|0:0:0:0:0|0:0:0:0:0","759421758207090123:0:0",180000,180000,180000,180000,2000,real,1000,0,0,0,0,5,0,0,0,0,100,177019,178985,247758,253130,8,7,42,43,43,43,43,0,25,26,0,22,1,0,0,0,11,0,0,0,3,0,0
0,11035599632199657314,0,5217400152005413935,ongoing,-1,ply_limit,100,"sacrifice;pvs;64;0;1;1;-50;200;1;20;25;3;2;1;3;3;2;0;3;3;1;3;150;150;600;1;1000;4;1;8;100;50;1","sacrifice;pvs;64;0;1;1;-50;200;1;20;25;3;2;1;3;3;2;0;3;3;1;3;150;150;600;1;1000;4;1;8;100;50;1","sacrifice;pvs;64;0;1;1;-50;200;1;20;25;3;2;1;3;3;2;0;3;3;1;3;150;150;600;1;1000;4;1;8;100;50;1","shared_value;pvs;64;0;1;1;-50;200;1;20;25;3;2;1;3;3;2;0;3;3;1;3;150;150;600;1;1000;4;1;8;100;50;1","rnbqkbnr/pppppppp/8/8/8/8/PPPPPPPP/RNBQKBNR w KQkq - 0 1","rnbqkbnr/pppppppp/8/8/8/8/PPPPPPPP/RNBQKBNR w KQkq - 0 1","0:0:0:0:0|0:0:0:0:0|0:0:0:0:0|0:0:0:0:0","759421758207090123:0:0",180000,180000,180000,180000,2000,real,1000,0,0,0,0,5,0,0,0,0,100,259764,260338,182252,183343,44,44,6,6,0,0,0,0,26,16,0,8,0,0,0,0,10,0,0,0,0,0,0
0,11035599632199656793,0,5217400152005413928,ongoing,-1,invalid_agent_move,63,"sacrifice;pvs;64;0;1;1;-50;200;1;20;25;3;2;1;3;3;2;0;3;3;1;3;150;150;600;1;1000;4;1;8;100;50;1","sacrifice;pvs;64;0;1;1;-50;200;1;20;25;3;2;1;3;3;2;0;3;3;1;3;150;150;600;1;1000;4;1;8;100;50;1","sacrifice;pvs;64;0;1;1;-50;200;1;20;25;3;2;1;3;3;2;0;3;3;1;3;150;150;600;1;1000;4;1;8;100;50;1","sacrifice;pvs;64;0;1;1;-50;200;1;20;25;3;2;1;3;3;2;0;3;3;1;3;150;150;600;1;1000;4;1;8;100;50;1","rnbqkbnr/pppppppp/8/8/8/8/PPPPPPPP/RNBQKBNR w KQkq - 0 1","rnbqkbnr/pppppppp/8/8/8/8/PPPPPPPP/RNBQKBNR w KQkq - 0 1","0:0:0:0:0|0:0:0:0:0|0:0:0:0:0|0:0:0:0:0","759421758207090123:0:0",180000,180000,180000,180000,2000,real,1000,0,0,0,0,5,0,0,0,0,100,154810,150713,156249,158205,14,14,17,18,0,0,0,0,17,19,0,16,0,0,0,0,12,0,0,0,2,0,0
